time,elapsed,author,message,sentiment,emotion
2026-03-24 14:44:14,0:00:00,@m0ndazee2,L thumbnail,Neutral,Neutral
2026-03-24 14:44:14,0:00:00,@ranzehandsomebgt,gcc makanan gw hampir habis,Neutral,Neutral
2026-03-24 14:44:15,0:00:01,@sia2008,damn,Neutral,Neutral
2026-03-24 14:44:16,0:00:02,@Arsenpacarjua,1,Neutral,Neutral
2026-03-24 14:44:16,0:00:02,@hostfytalhcpunk,lesss goooo,Neutral,Neutral
2026-03-24 14:44:16,0:00:02,@dellyapingg-m8o,BANG KATA ILHAM KENAPA ITU OPENING NYA terlalu di besar besar kan terlalu di besar besar kan terlalu di besar besar kan terlalu di besar besar kan terlalu di besar besar kan:face-blue-smiling::face-red-heart-shape:,Neutral,Neutral
2026-03-24 14:44:17,0:00:03,@putra1-s5u,l nunggu,Neutral,Neutral
2026-03-24 14:44:17,0:00:03,@juliamhrni7359,ayo ayo ayo ayo ayoòoooooooooooo,Neutral,Neutral
2026-03-24 14:44:17,0:00:03,@manusiatidakdikenali,30 detik lagi,Neutral,Neutral
2026-03-24 14:44:18,0:00:04,@AlyaaPutri-p8h,:face-purple-crying::face-purple-crying:,Neutral,Neutral
2026-03-24 14:44:18,0:00:04,@AbdulAfid-i7y,my bini,Neutral,Neutral
2026-03-24 14:44:18,0:00:04,@SitiLutfiah-b9c,Ayoo cevetttt,Neutral,Neutral
2026-03-24 14:44:18,0:00:04,@Febri-stc,bang windah pintar pilih game,Negative,Neutral
2026-03-24 14:44:18,0:00:04,@Praman09,ayoooo,Neutral,Neutral
2026-03-24 14:44:19,0:00:05,@MikhaCarissa,halo banggg,Neutral,Neutral
2026-03-24 14:44:20,0:00:06,@prudentyo,:face_savoring_food::face_savoring_food::face_savoring_food::face_savoring_food:,Neutral,Neutral
2026-03-24 14:44:20,0:00:06,@RosellaMarcelina,1 menit lest goo,Neutral,Neutral
2026-03-24 14:44:20,0:00:06,@nervz5558,skem,Neutral,Neutral
2026-03-24 14:44:20,0:00:06,@elthaariq,Bangg aku udah gak kuattt ahhhhh,Neutral,Neutral
2026-03-24 14:44:20,0:00:06,@Sigma67-i9i,bg windah pinter milihh:face-blue-smiling::face-blue-smiling::face-blue-smiling::face-blue-smiling::face-blue-smiling::face-blue-smiling:,Neutral,Neutral
2026-03-24 14:44:21,0:00:07,@deradwirahayu2806,LETS GOOOO,Neutral,Neutral
2026-03-24 14:44:21,0:00:07,@innaismatulnabilla951,BG PLIS JANGAN DIUNDUR,Neutral,Neutral
2026-03-24 14:44:21,0:00:07,@chutiby-d1c,hayuu tinggal 1 menit,Neutral,Neutral
2026-03-24 14:44:21,0:00:07,@SasiKirana-x1l,satu menit lagi,Neutral,Neutral
2026-03-24 14:44:21,0:00:07,@RafHehere,Gw sama windah ga sabar nunggu game ini ges,Negative,Neutral
2026-03-24 14:44:22,0:00:08,@amelbta6281,CEPETTT BANG BATRE AKU MAW SEJARAT,Neutral,Neutral
2026-03-24 14:44:22,0:00:08,@syiifaaa6,letsgooooo,Neutral,Neutral
2026-03-24 14:44:23,0:00:09,@NDLW-u9b,yoyo,Neutral,Neutral
2026-03-24 14:44:23,0:00:09,@rrajennaa,L abi,Neutral,Neutral
2026-03-24 14:44:23,0:00:09,@AdibaAdiba-v4c,mnn?,Neutral,Neutral
2026-03-24 14:44:23,0:00:09,@alpukatcoklat00,LETSGGOOOOO BANGGGG,Neutral,Neutral
2026-03-24 14:44:23,0:00:09,@tsankinn,ayo bang makananku udah siap,Neutral,Neutral
2026-03-24 14:44:24,0:00:10,@bossabel620,gas bg,Neutral,Neutral
2026-03-24 14:44:24,0:00:10,@RasyaGaming24z8o,akuu BG,Neutral,Neutral
2026-03-24 14:44:24,0:00:10,@Elfira123-b2p,L Tobruk,Neutral,Neutral
2026-03-24 14:44:24,0:00:10,@Suncaze,:face-red-droopy-eyes:,Neutral,Neutral
2026-03-24 14:44:25,0:00:11,@whiskey-18,aku,Neutral,Neutral
2026-03-24 14:44:25,0:00:11,@gavinoraderiko6822,mana cuy,Neutral,Neutral
2026-03-24 14:44:25,0:00:11,@ayulizzy,:light_bulb::light_bulb::light_bulb::light_bulb:,Neutral,Neutral
2026-03-24 14:44:25,0:00:11,@akunregluar3794,lets gooooo,Neutral,Neutral
2026-03-24 14:44:25,0:00:11,@Firdausss-26,:face-red-droopy-eyes::face-red-droopy-eyes::face-red-droopy-eyes::face-red-droopy-eyes::face-red-droopy-eyes::face-red-droopy-eyes::face-red-droopy-eyes:,Neutral,Neutral
2026-03-24 14:44:25,0:00:11,@sawako.kaze_luvv,BANGG,Neutral,Neutral
2026-03-24 14:44:27,0:00:13,@hanipalabidzar,halo bang windah,Neutral,Neutral
2026-03-24 14:44:27,0:00:13,@syirenanzarayu,omgggg,Neutral,Neutral
2026-03-24 14:44:27,0:00:13,@NanaLala-bi7pv,let's goooooo,Neutral,Neutral
2026-03-24 14:44:27,0:00:13,@Kinox404,yoooo,Neutral,Neutral
2026-03-24 14:44:28,0:00:14,@jellysoul6065,gua sama ilham sepakat delay 10 menit lagi,Neutral,Neutral
2026-03-24 14:44:28,0:00:14,@ghin0204,LESGOO 1 MENIT LAGIIIIII,Neutral,Neutral
2026-03-24 14:44:31,0:00:17,@chutiby-d1c,:finger-red-number-one::finger-red-number-one::finger-red-number-one::finger-red-number-one::finger-red-number-one::finger-red-number-one::finger-red-number-one::finger-red-number-one::finger-red-number-one::finger-red-number-one:,Neutral,Neutral
2026-03-24 14:44:31,0:00:17,@junita7370,ABANG AYO,Neutral,Neutral
2026-03-24 14:44:31,0:00:17,@hostfytalhcpunk,MANA TAHANNNNNNNNNNN,Neutral,Neutral
2026-03-24 14:44:32,0:00:18,@kevin-mtaacc,let's goooo,Neutral,Neutral
2026-03-24 14:44:32,0:00:18,@kurniakurniaHAS-BY0404,"RAFIF FADHIL, RAFIF FADHIL",Neutral,Neutral
2026-03-24 14:44:32,0:00:18,@MikhaCarissa,pas banget lagi makan nihh,Neutral,Neutral
2026-03-24 14:44:32,0:00:18,@karenxyou,gass bangg,Neutral,Neutral
2026-03-24 14:44:33,0:00:19,@Nasyafineshyt,L thumbnail,Neutral,Neutral
2026-03-24 14:44:33,0:00:19,@cyliees,gas keunn,Neutral,Neutral
2026-03-24 14:44:33,0:00:19,@whoisbrayy,sekem sekem,Neutral,Neutral
2026-03-24 14:44:34,0:00:20,@orangefirelite,:popcorn-yellow-striped-smile::popcorn-yellow-striped-smile::popcorn-yellow-striped-smile::popcorn-yellow-striped-smile::popcorn-yellow-striped-smile::popcorn-yellow-striped-smile::popcorn-yellow-striped-smile::popcorn-yellow-striped-smile::popcorn-yellow-striped-smile::popcorn-yellow-striped-smile:yesss:popcorn-yellow-striped-smile::popcorn-yellow-striped-smile::popcorn-yellow-striped-smile::popcorn-yellow-striped-smile::popcorn-yellow-striped-smile::popcorn-yellow-striped-smile:,Neutral,Neutral
2026-03-24 14:44:34,0:00:20,@GooKim-swords,waduh :flushed_face::flushed_face::flushed_face::flushed_face::flushed_face::flushed_face:,Neutral,Neutral
2026-03-24 14:44:34,0:00:20,@gaby.cahayaa,LESGOOOOWWWWW,Neutral,Neutral
2026-03-24 14:44:35,0:00:21,@imageicel,AYOO,Neutral,Neutral
2026-03-24 14:44:35,0:00:21,@Vellaaa22,:face-red-droopy-eyes::face-red-droopy-eyes::face-red-droopy-eyes::face-red-droopy-eyes::face-red-droopy-eyes::face-red-droopy-eyes::face-red-droopy-eyes:,Neutral,Neutral
2026-03-24 14:44:35,0:00:21,@noyieps,LETSGOOOO,Neutral,Neutral
2026-03-24 14:44:35,0:00:21,@srl12237,1 menit lagi,Neutral,Neutral
2026-03-24 14:44:35,0:00:21,@YasherAqilah,yooooooooooo,Neutral,Neutral
2026-03-24 14:44:35,0:00:21,@ladaku.seleraku,letsgoooooo,Neutral,Neutral
2026-03-24 14:44:35,0:00:21,@NDLW-u9b,:face-red-droopy-eyes::face-red-droopy-eyes::face-red-droopy-eyes::face-red-droopy-eyes::face-red-droopy-eyes::face-red-droopy-eyes::face-red-droopy-eyes::face-red-droopy-eyes::face-red-droopy-eyes:,Neutral,Neutral
2026-03-24 14:44:36,0:00:22,@Zahraaa__xx,:stopwatch-blue-hand-timer::stopwatch-blue-hand-timer::stopwatch-blue-hand-timer::stopwatch-blue-hand-timer::stopwatch-blue-hand-timer::stopwatch-blue-hand-timer::stopwatch-blue-hand-timer:,Neutral,Neutral
2026-03-24 14:44:37,0:00:23,@EVASiscca,bang windah 1 minit only d malaysia,Neutral,Neutral
2026-03-24 14:44:39,0:00:25,@meilawuu,:virtualhug::virtualhug::virtualhug::virtualhug:,Neutral,Neutral
2026-03-24 14:44:39,0:00:25,@sawako.kaze_luvv,YEYYY,Neutral,Neutral
2026-03-24 14:44:39,0:00:25,@putriiiiajaa,p,Neutral,Neutral
2026-03-24 14:44:40,0:00:26,@ryanand6684,delay ini pastii,Neutral,Neutral
2026-03-24 14:44:40,0:00:26,@cacaonly2012,YEYEYEYEYEYE,Neutral,Neutral
2026-03-24 14:44:40,0:00:26,@dellyapingg-m8o,terlalu di besar besar kan terlalu di besar besar kan terlalu di besar besar kan terlalu di besar besar kan terlalu di besar besar kan terlalu di besar besar kan terlalu di besar besar kan,Neutral,Neutral
2026-03-24 14:44:40,0:00:26,@tsankinn,yeayyy,Neutral,Neutral
2026-03-24 14:44:40,0:00:26,@Balderikk,SATU MENIT,Neutral,Neutral
2026-03-24 14:44:40,0:00:26,@bossabel620,langsung bg,Neutral,Neutral
2026-03-24 14:44:40,0:00:26,@MuhdHakimi-f9q,selamat hari raya,Neutral,Neutral
2026-03-24 14:44:41,0:00:27,@raraayay-gh4,letsgoo,Neutral,Neutral
2026-03-24 14:44:41,0:00:27,@amelbta6281,banggg,Neutral,Neutral
2026-03-24 14:44:41,0:00:27,@nurulzahraputri,les gooo,Neutral,Neutral
2026-03-24 14:44:41,0:00:27,@Bocilkematian_11,let's go,Neutral,Neutral
2026-03-24 14:44:42,0:00:28,@indrisayangpapawindut,LETSS GOOOOWWW,Neutral,Neutral
2026-03-24 14:44:42,0:00:28,@alpukatcoklat00,ayooo banggggggggkkhhhhhh,Neutral,Neutral
2026-03-24 14:44:43,0:00:29,@syirenanzarayu,1 menit,Neutral,Neutral
2026-03-24 14:44:43,0:00:29,@KartikaDewi-vl7es,gccc,Neutral,Neutral
2026-03-24 14:44:43,0:00:29,@calatoni,:face-purple-crying::face-purple-crying::face-purple-crying::face-purple-crying::face-purple-crying::face-purple-crying::face-purple-crying::face-purple-crying::face-purple-crying::face-purple-crying::face-purple-crying::face-purple-crying::face-purple-crying::face-purple-crying::face-purple-crying::face-purple-crying::face-purple-crying::face-purple-crying::face-purple-crying:,Neutral,Neutral
2026-03-24 14:44:43,0:00:29,@Apid8,ok,Positive,Neutral
2026-03-24 14:44:45,0:00:31,@ranzehandsomebgt,lestgoooooo,Neutral,Neutral
2026-03-24 14:44:45,0:00:31,@YasherAqilah,letsgooo,Neutral,Neutral
2026-03-24 14:44:45,0:00:31,@ChellaOkta,GGGGGGGGGGGGGGG,Neutral,Neutral
2026-03-24 14:44:45,0:00:31,@FasyaAlfarraz,coiiiiiu,Neutral,Neutral
2026-03-24 14:44:45,0:00:31,@azizahnaa,mie,Neutral,Neutral
2026-03-24 14:44:46,0:00:32,@hanipalabidzar,oiii,Neutral,Neutral
2026-03-24 14:44:46,0:00:32,@SIWA_STORE1,yoooo,Neutral,Neutral
2026-03-24 14:44:47,0:00:33,@mikriuk,EYOO BROO,Neutral,Neutral
2026-03-24 14:44:47,0:00:33,@NanaLala-bi7pv,mana ni,Neutral,Neutral
2026-03-24 14:44:48,0:00:34,@MutiaDwiAnggraini-d8c,HADIRR,Neutral,Neutral
2026-03-24 14:44:49,0:00:35,@rohan990-j9,letsgo,Neutral,Neutral
2026-03-24 14:44:49,0:00:35,@Virraaa-nasgor,:face-blue-smiling::face-blue-smiling::face-blue-smiling::face-blue-smiling:,Neutral,Neutral
2026-03-24 14:44:49,0:00:35,@kiaawimt,YEYY,Neutral,Neutral
2026-03-24 14:44:49,0:00:35,@PRIA-bp7iv,gassss,Neutral,Neutral
2026-03-24 14:44:49,0:00:35,@whiskey-18,let's goooo,Neutral,Neutral
2026-03-24 14:44:49,0:00:35,@ayulizzy,lests gooooo,Neutral,Neutral
2026-03-24 14:44:49,0:00:35,@m0ndazee2,ayoo banggg,Neutral,Neutral
2026-03-24 14:44:50,0:00:36,@Sintaa-xh1oh,Aku banggg,Neutral,Neutral
2026-03-24 14:44:50,0:00:36,@surotosuroto2264,yeyyyy,Neutral,Neutral
2026-03-24 14:44:50,0:00:36,@sabrnarsy,GASSSSS,Neutral,Neutral
2026-03-24 14:44:50,0:00:36,@sawako.kaze_luvv,YEYY,Neutral,Neutral
2026-03-24 14:44:50,0:00:36,@leyabadoobee,YEYYY,Neutral,Neutral
2026-03-24 14:44:50,0:00:36,@ppnarawinsonly,:face-blue-smiling::face-blue-smiling:,Neutral,Neutral
2026-03-24 14:44:51,0:00:37,@hxrd12L,iklan,Neutral,Neutral
2026-03-24 14:44:51,0:00:37,@skie-f4f,bang makananku udah keburu habis,Neutral,Neutral
2026-03-24 14:44:51,0:00:37,@rafijunior1305,gas banggggggggggg:face-blue-wide-eyes::face-blue-wide-eyes::face-blue-wide-eyes::face-blue-wide-eyes::face-blue-wide-eyes::face-blue-wide-eyes::face-blue-wide-eyes::face-blue-wide-eyes::face-blue-wide-eyes::face-blue-wide-eyes::face-blue-wide-eyes::face-blue-wide-eyes::face-blue-wide-eyes::face-blue-wide-eyes:,Neutral,Neutral
2026-03-24 14:44:51,0:00:37,@widy2922,bang losi dimana,Neutral,Neutral
2026-03-24 14:44:51,0:00:37,@muhammadizza-w3x1n,halo guys arigato kiyumassa,Neutral,Neutral
2026-03-24 14:44:51,0:00:37,@MRKurusGAMES,L IKLAN,Neutral,Neutral
2026-03-24 14:44:52,0:00:38,@Pian-gemang,aku bang,Neutral,Neutral
2026-03-24 14:44:52,0:00:38,@Rizz29226,w thumbnail,Neutral,Neutral
2026-03-24 14:44:52,0:00:38,@ReyyXz44UTAMA,goooo,Neutral,Neutral
2026-03-24 14:44:52,0:00:38,@Nasyafineshyt,wan minut,Negative,Neutral
2026-03-24 14:44:52,0:00:38,@syiifaaa6,yeyyyyy,Neutral,Neutral
2026-03-24 14:44:52,0:00:38,@AfifahSofia-z2l,cpt dongg,Neutral,Neutral
2026-03-24 14:44:52,0:00:38,@innaismatulnabilla951,LESGOOOOOOOOOOOOO,Neutral,Neutral
2026-03-24 14:44:53,0:00:39,@rizkicms2885,BANG KAPAN MAIN DREAMCOREE,Positive,Neutral
2026-03-24 14:44:53,0:00:39,@albert-b9r8s,lestt gooo,Neutral,Neutral
2026-03-24 14:44:53,0:00:39,@ezanizizi,LETS GOO,Neutral,Neutral
2026-03-24 14:44:54,0:00:40,@Arsenpacarjua,LEST GOO,Neutral,Neutral
2026-03-24 14:44:54,0:00:40,@NurilMaulidiya-fu2gh,mana ni wokk,Neutral,Neutral
2026-03-24 14:44:55,0:00:41,@esanurul,BANGG,Neutral,Neutral
2026-03-24 14:44:55,0:00:41,@yayaindah_xixi,:hand-pink-waving::hand-pink-waving::hand-pink-waving::hand-pink-waving:,Neutral,Neutral
2026-03-24 14:44:55,0:00:41,@itsmeaca00,letsssgoooooo,Neutral,Neutral
2026-03-24 14:44:55,0:00:41,@idoyyy21,yeaa,Neutral,Neutral
2026-03-24 14:44:55,0:00:41,@aboutkela,Gooo,Neutral,Neutral
2026-03-24 14:44:55,0:00:41,@whoisbrayy,aku bang,Neutral,Neutral
2026-03-24 14:44:55,0:00:41,@Nev_v1,HADIR,Neutral,Neutral
2026-03-24 14:44:55,0:00:41,@ghin0204,yayy,Neutral,Neutral
2026-03-24 14:44:55,0:00:41,@heyymaulida,yeyy,Neutral,Neutral
2026-03-24 14:44:56,0:00:42,@akunsmurf2-f6p,LET'S GO,Neutral,Neutral
2026-03-24 14:44:56,0:00:42,@FunnASF,LETS GOO,Neutral,Neutral
2026-03-24 14:44:56,0:00:42,@hanipalabidzar,horeeee,Neutral,Neutral
2026-03-24 14:44:56,0:00:42,@Deez_Nut27,lezgoo,Neutral,Neutral
2026-03-24 14:44:56,0:00:42,@putriiiiajaa,:elbowcough::elbowcough::elbowcough::elbowcough::elbowcough::elbowcough::elbowcough::elbowcough::elbowcough::elbowcough::elbowcough::elbowcough::elbowcough::elbowcough::elbowcough::elbowcough::elbowcough::elbowcough::elbowcough:,Neutral,Neutral
2026-03-24 14:44:56,0:00:42,@Sigma67-i9i,p,Neutral,Neutral
2026-03-24 14:44:56,0:00:42,@orangefirelite,tiba tiba loh ya,Neutral,Neutral
2026-03-24 14:44:56,0:00:42,@mbuy12,aku,Neutral,Neutral
2026-03-24 14:44:57,0:00:43,@estfierlyi,LWSGOOO,Neutral,Neutral
2026-03-24 14:44:57,0:00:43,@rasyidkurniar7006,halo bang,Neutral,Neutral
2026-03-24 14:44:58,0:00:44,@NaufalNugraha-l9x6l,gg,Neutral,Neutral
2026-03-24 14:44:58,0:00:44,@kevin-mtaacc,yuhuuuuuuu,Neutral,Neutral
2026-03-24 14:44:59,0:00:45,@RafHehere,L iklan,Neutral,Neutral
2026-03-24 14:44:59,0:00:45,@ArgaWel-r1t,gg,Neutral,Neutral
2026-03-24 14:44:59,0:00:45,@Dafdaf-l4h,lets go,Neutral,Neutral
2026-03-24 14:45:00,0:00:46,@user-pw1hh3ts2n,telat g bangg,Neutral,Neutral
2026-03-24 14:45:00,0:00:46,@joljo9234,hadir,Neutral,Neutral
2026-03-24 14:45:00,0:00:46,@nurulzahraputri,akuu,Neutral,Neutral
2026-03-24 14:45:00,0:00:46,@C.G.B1,yoo,Neutral,Neutral
2026-03-24 14:45:00,0:00:46,@deaeuu,LETSGOOO,Neutral,Neutral
2026-03-24 14:45:00,0:00:46,@damar1219,anjir,Neutral,Neutral
2026-03-24 14:45:00,0:00:46,@widya_0081,yeyy,Neutral,Neutral
2026-03-24 14:45:00,0:00:46,@Mahriii_al,telat gk bang,Neutral,Neutral
2026-03-24 14:45:01,0:00:47,@delasavairarizqin,telatttttt,Neutral,Neutral
2026-03-24 14:45:01,0:00:47,@fahrue,IKUZOOOO HARAHETAAA,Neutral,Neutral
2026-03-24 14:45:01,0:00:47,@restinuradillah-l9k,gg,Neutral,Neutral
2026-03-24 14:45:01,0:00:47,@sabrnarsy,AKUUUU,Neutral,Neutral
2026-03-24 14:45:01,0:00:47,@fardhayanti08,halo banggg,Neutral,Neutral
2026-03-24 14:45:01,0:00:47,@ManiakSaveg,aku,Neutral,Neutral
2026-03-24 14:45:01,0:00:47,@PRIA-bp7iv,gasssss bggg,Neutral,Neutral
2026-03-24 14:45:01,0:00:47,@fittzyy5,HALOO BANGGG,Neutral,Neutral
2026-03-24 14:45:01,0:00:47,@voyagers0002,hi bg,Neutral,Neutral
2026-03-24 14:45:02,0:00:48,@regitakartikaekananda5006,p,Neutral,Neutral
2026-03-24 14:45:02,0:00:48,@dhikasca,lwsgo,Neutral,Neutral
2026-03-24 14:45:02,0:00:48,@Risalailatul-l4u,heyooooooooooooo,Neutral,Neutral
2026-03-24 14:45:02,0:00:48,@Arwidiyaa,MALAMMMMM,Neutral,Neutral
2026-03-24 14:45:03,0:00:49,@nabilaftmh16,bang aku telat ngga,Neutral,Neutral
2026-03-24 14:45:03,0:00:49,@azkaakhoiron,aku,Neutral,Neutral
2026-03-24 14:45:03,0:00:49,@hafiz49901,halo abangku,Neutral,Neutral
2026-03-24 14:45:03,0:00:49,@ZhidaneAbud,lestgoo,Neutral,Neutral
2026-03-24 14:45:03,0:00:49,@nimocha41,Lessgooo,Neutral,Neutral
2026-03-24 14:45:03,0:00:49,@miyusawa-h4b,HALO BANHHHG,Neutral,Neutral
2026-03-24 14:45:04,0:00:50,@mrs.shinsuke3659,halo bg,Neutral,Neutral
2026-03-24 14:45:04,0:00:50,@leyabadoobee,telat gak bang,Neutral,Neutral
2026-03-24 14:45:04,0:00:50,@onlynayee,L iklan,Neutral,Neutral
2026-03-24 14:45:04,0:00:50,@srl12237,akuu,Neutral,Neutral
2026-03-24 14:45:04,0:00:50,@ranzehandsomebgt,akuuu,Neutral,Neutral
2026-03-24 14:45:04,0:00:50,@Little_cat_UWU2077,hi,Neutral,Neutral
2026-03-24 14:45:05,0:00:51,@NasyaAnandita-f9f,aku,Neutral,Neutral
2026-03-24 14:45:05,0:00:51,@Eko_Gaming-pw9lz,letsgoo,Neutral,Neutral
2026-03-24 14:45:05,0:00:51,@ArvitaputriPutri,KOK UDAH MAIN,Positive,Neutral
2026-03-24 14:45:05,0:00:51,@yea9666,pas,Neutral,Neutral
2026-03-24 14:45:06,0:00:52,@mxmvel,Aku,Neutral,Neutral
2026-03-24 14:45:06,0:00:52,@navisalovecortis,gg akuu,Neutral,Neutral
2026-03-24 14:45:06,0:00:52,@MutiaDwiAnggraini-d8c,HADIR BANG,Neutral,Neutral
2026-03-24 14:45:06,0:00:52,@Dapz16,hadir,Neutral,Neutral
2026-03-24 14:45:06,0:00:52,@hxrd12L,L Iklan,Neutral,Neutral
2026-03-24 14:45:06,0:00:52,@GaluhIkhwan-o5y,PAS,Neutral,Neutral
2026-03-24 14:45:06,0:00:52,@AdibaAdiba-v4c,lesgoo,Neutral,Neutral
2026-03-24 14:45:06,0:00:52,@iniiiyayaa,LESGOO BANGG AKU CINTA KAMU,Neutral,Neutral
2026-03-24 14:45:06,0:00:52,@ghin0204,lah,Neutral,Neutral
2026-03-24 14:45:06,0:00:52,@Azzahrarara-ef5vq,LESGOO,Neutral,Neutral
2026-03-24 14:45:07,0:00:53,@FunnASF,OAS BANGGG,Neutral,Neutral
2026-03-24 14:45:07,0:00:53,@FasyaAlfarraz,L iklan,Neutral,Neutral
2026-03-24 14:45:08,0:00:54,@cahyaputeri8263,Pas,Neutral,Neutral
2026-03-24 14:45:08,0:00:54,@linaaAwwcy,baaangggg,Neutral,Neutral
2026-03-24 14:45:08,0:00:54,@FarizClipper,AKU,Neutral,Neutral
2026-03-24 14:45:08,0:00:54,@catfvilles,bang telat ga bang,Neutral,Neutral
2026-03-24 14:45:08,0:00:54,@aasyahputra,pas bangg,Neutral,Neutral
2026-03-24 14:45:08,0:00:54,@Kacung-e2e,bg windah,Neutral,Neutral
2026-03-24 14:45:08,0:00:54,@fajaraja543,pas,Neutral,Neutral
2026-03-24 14:45:09,0:00:55,@mbuy12,aku,Neutral,Neutral
2026-03-24 14:45:09,0:00:55,@Kinox404,akuu,Neutral,Neutral
2026-03-24 14:45:09,0:00:55,@Nev_v1,alu,Neutral,Neutral
2026-03-24 14:45:09,0:00:55,@indradwiyatno6707,habatusauda,Neutral,Neutral
2026-03-24 14:45:09,0:00:55,@veraaararraa,YEYYY,Neutral,Neutral
2026-03-24 14:45:09,0:00:55,@Safaraz08,BANGGG,Neutral,Neutral
2026-03-24 14:45:09,0:00:55,@azizw-t8g,windur,Neutral,Neutral
2026-03-24 14:45:09,0:00:55,@amelialinggarizky4504,lesgoooo,Neutral,Neutral
2026-03-24 14:45:09,0:00:55,@Triewasa,kemaleman bang:sleepy_face:,Neutral,Neutral
2026-03-24 14:45:09,0:00:55,@NajwaaAs.S,pas,Neutral,Neutral
2026-03-24 14:45:10,0:00:56,@jasmineleica2509,Pas,Neutral,Neutral
2026-03-24 14:45:10,0:00:56,@shabinaazzahra7003,pas pas,Neutral,Neutral
2026-03-24 14:45:10,0:00:56,@ichaadipanggilnengok,bangg windahhhh,Neutral,Neutral
2026-03-24 14:45:10,0:00:56,@RahmadPga-z8r,pass,Neutral,Neutral
2026-03-24 14:45:10,0:00:56,@tibahahaha12,pas,Neutral,Neutral
2026-03-24 14:45:10,0:00:56,@Deez_Nut27,AKU BG,Neutral,Neutral
2026-03-24 14:45:10,0:00:56,@echasuni2074,Halo bang,Neutral,Neutral
2026-03-24 14:45:10,0:00:56,@orangefirelite,GG,Neutral,Neutral
2026-03-24 14:45:10,0:00:56,@AlfanNashiri,pas bg,Neutral,Neutral
2026-03-24 14:45:10,0:00:56,@shannaaaaaaa,BANG,Neutral,Neutral
2026-03-24 14:45:11,0:00:57,@akhmadnurfauzan8340,pas bang,Neutral,Neutral
2026-03-24 14:45:11,0:00:57,@MiaMiu-08,pas kata ilham,Neutral,Neutral
2026-03-24 14:45:11,0:00:57,@ahzaumardanis,hhhh,Neutral,Neutral
2026-03-24 14:45:11,0:00:57,@kizura2566,Abang aku kangen,Neutral,Neutral
2026-03-24 14:45:11,0:00:57,@inilampu,halo bg,Neutral,Neutral
2026-03-24 14:45:11,0:00:57,@miloogorwng,akuuu,Neutral,Neutral
2026-03-24 14:45:11,0:00:57,@ro_schae,pas bang,Neutral,Neutral
2026-03-24 14:45:11,0:00:57,@ridwannurrasyid6381,kata ilham pas bg,Neutral,Neutral
2026-03-24 14:45:12,0:00:58,@Raffornot,bg thumnail,Neutral,Neutral
2026-03-24 14:45:12,0:00:58,@NaysaFarras,AKUUU,Neutral,Neutral
2026-03-24 14:45:12,0:00:58,@Rxboys-Moba,HOLAAAAAAA,Neutral,Neutral
2026-03-24 14:45:12,0:00:58,@nurulzahraputri,halo bangg,Neutral,Neutral
2026-03-24 14:45:12,0:00:58,@rezpxwm7,absolute thumbnail,Positive,Neutral
2026-03-24 14:45:13,0:00:59,@raramargaret,Aku,Neutral,Neutral
2026-03-24 14:45:13,0:00:59,@Frachieve,GG,Neutral,Neutral
2026-03-24 14:45:13,0:00:59,@Shhaaa34,aku telat gak,Neutral,Neutral
2026-03-24 14:45:13,0:00:59,@kimiasis,akubbang,Neutral,Neutral
2026-03-24 14:45:14,0:01:00,@Geoaje,BANGGG,Neutral,Neutral
2026-03-24 14:45:14,0:01:00,@maxxjpaa,Aku,Neutral,Neutral
2026-03-24 14:45:14,0:01:00,@Rajafairelalmunawar,halo bang windah,Neutral,Neutral
2026-03-24 14:45:14,0:01:00,@miyusawa-h4b,halo bangggg,Neutral,Neutral
2026-03-24 14:45:14,0:01:00,@MuhammadfachrilFachril,respek lah,Neutral,Neutral
2026-03-24 14:45:14,0:01:00,@AurelitaSs,Akuuuuu,Neutral,Neutral
2026-03-24 14:45:14,0:01:00,@njoy888,halo bangh :fire::fire:,Neutral,Neutral
2026-03-24 14:45:15,0:01:01,@annisanurnisfi,BANG ALU TELAT GA,Neutral,Neutral
2026-03-24 14:45:15,0:01:01,@imneppi,haiii,Neutral,Neutral
2026-03-24 14:45:15,0:01:01,@putra1-s5u,qku,Neutral,Neutral
2026-03-24 14:45:15,0:01:01,@ramz9699,telat ga bang,Neutral,Neutral
2026-03-24 14:45:15,0:01:01,@withesyaa,KATA ILHAM UDAH PAS BANNGGG,Neutral,Neutral
2026-03-24 14:45:16,0:01:02,@oneoflyaaa5391,hi banggggg,Neutral,Neutral
2026-03-24 14:45:16,0:01:02,@puputwist,haloo,Neutral,Neutral
2026-03-24 14:45:16,0:01:02,@itsmeaca00,banggg,Neutral,Neutral
2026-03-24 14:45:16,0:01:02,@hannomagaaa,AKU,Neutral,Neutral
2026-03-24 14:45:16,0:01:02,@kilaliken,sus,Neutral,Neutral
2026-03-24 14:45:16,0:01:02,@abi-official_07,woi,Neutral,Neutral
2026-03-24 14:45:16,0:01:02,@AfrizalKurniawan-x4r,aku,Neutral,Neutral
2026-03-24 14:45:16,0:01:02,@ceritagendis5141,telat gak bang,Neutral,Neutral
2026-03-24 14:45:17,0:01:03,@MahesaMahesa-m3w,pas bg,Neutral,Neutral
2026-03-24 14:45:17,0:01:03,@aayyeee,telat ga bang,Neutral,Neutral
2026-03-24 14:45:17,0:01:03,@tillah4907,hadir,Neutral,Neutral
2026-03-24 14:45:17,0:01:03,@Dapz16,Haloo,Neutral,Neutral
2026-03-24 14:45:17,0:01:03,@DeliaPutri-l8g,aku,Neutral,Neutral
2026-03-24 14:45:17,0:01:03,@MikhaCarissa,halo bgggg,Neutral,Neutral
2026-03-24 14:45:17,0:01:03,@nikeishavanoci7894,telat ga bang,Neutral,Neutral
2026-03-24 14:45:18,0:01:04,@AhangHadian,bang telat ga banggg,Neutral,Neutral
2026-03-24 14:45:18,0:01:04,@ryannow9453,akuuu,Neutral,Neutral
2026-03-24 14:45:18,0:01:04,@AnakAgungRickyBrahmantya-ov8kq,first,Positive,Neutral
2026-03-24 14:45:18,0:01:04,@historiacj,selamat lebaran bang,Neutral,Neutral
2026-03-24 14:45:18,0:01:04,@indrisayangpapawindut,ha?,Neutral,Neutral
2026-03-24 14:45:18,0:01:04,@ghin0204,replay kah???,Neutral,Neutral
2026-03-24 14:45:18,0:01:04,@almewrrr,AKUUU,Neutral,Neutral
2026-03-24 14:45:18,0:01:04,@febriahmad-c5x,halo bg,Neutral,Neutral
2026-03-24 14:45:18,0:01:04,@yukiyyee,AKUU BANGG,Neutral,Neutral
2026-03-24 14:45:19,0:01:05,@yhiitaa,BANG AKU BESOK KERJA,Neutral,Neutral
2026-03-24 14:45:19,0:01:05,@NaurarayyaniNaurarayyani,akuuu,Neutral,Neutral
2026-03-24 14:45:19,0:01:05,@tonightloveraa,telat ga bang,Neutral,Neutral
2026-03-24 14:45:20,0:01:06,@HammamAbdul-m8d,telat ga bang,Neutral,Neutral
2026-03-24 14:45:20,0:01:06,@mhmdnorrahman,aku,Neutral,Neutral
2026-03-24 14:45:20,0:01:06,@ezarramadhan9005,BANG WINDAHHH,Neutral,Neutral
2026-03-24 14:45:20,0:01:06,@ZZArie,yey,Neutral,Neutral
2026-03-24 14:45:20,0:01:06,@Muhammadmunazirrafiqan-b2j,hadirr magadirrrrrr,Neutral,Neutral
2026-03-24 14:45:20,0:01:06,@lulugfkeonho,aku,Neutral,Neutral
2026-03-24 14:45:20,0:01:06,@figohamdani825,demo,Neutral,Neutral
2026-03-24 14:45:21,0:01:07,@Deez_Nut27,AUFA AZHAM BG,Neutral,Neutral
2026-03-24 14:45:21,0:01:07,@rizkicms2885,KAPAN MAIN DREAMCOREEEEEEEEE,Positive,Neutral
2026-03-24 14:45:21,0:01:07,@euodiaputrilolaroh7051,BANG TELAT GA,Neutral,Neutral
2026-03-24 14:45:21,0:01:07,@KailaAiko,akuuuuu,Neutral,Neutral
2026-03-24 14:45:21,0:01:07,@MuhammadFauzan-w1l2q,aku,Neutral,Neutral
2026-03-24 14:45:22,0:01:08,@Occinrms,akuuubang,Neutral,Neutral
2026-03-24 14:45:22,0:01:08,@rizinanda3205,!sebutnamaku,Neutral,Neutral
2026-03-24 14:45:22,0:01:08,@IriaRhodel4,bang telat gaa bangg,Neutral,Neutral
2026-03-24 14:45:23,0:01:09,@Riziqsuryasefa,aku,Neutral,Neutral
2026-03-24 14:45:23,0:01:09,@NurilMaulidiya-fu2gh,laj,Neutral,Neutral
2026-03-24 14:45:23,0:01:09,@NajwaaAs.S,bang telat gak,Neutral,Neutral
2026-03-24 14:45:23,0:01:09,@zyan-jirr,holaaa,Neutral,Neutral
2026-03-24 14:45:23,0:01:09,@lifiade,bang maaf aku telat,Neutral,Neutral
2026-03-24 14:45:23,0:01:09,@Diana.schöne,bang,Neutral,Neutral
2026-03-24 14:45:24,0:01:10,@catfvilles,bang telat ga bang,Neutral,Neutral
2026-03-24 14:45:24,0:01:10,@caiivy.c,AKUU BANGG,Neutral,Neutral
2026-03-24 14:45:24,0:01:10,@rafijunior1305,haloo,Neutral,Neutral
2026-03-24 14:45:24,0:01:10,@totodidi-kg7zj,auuu,Neutral,Neutral
2026-03-24 14:45:24,0:01:10,@afikamanurung,BANG TELAT GAK BANG,Neutral,Neutral
2026-03-24 14:45:24,0:01:10,@Faqih-g6v1s,hidup Jokowi,Neutral,Neutral
2026-03-24 14:45:25,0:01:11,@kaniaa999,game keren kah bang,Negative,Neutral
2026-03-24 14:45:25,0:01:11,@jennyyvia-l7y,halo bang,Neutral,Neutral
2026-03-24 14:45:25,0:01:11,@nisapembaik,bang aku telat gak?,Neutral,Neutral
2026-03-24 14:45:25,0:01:11,@reiyser,AKUUUUU BANHHHHH,Neutral,Neutral
2026-03-24 14:45:25,0:01:11,@vaniaja09,telat ga bang,Neutral,Neutral
2026-03-24 14:45:25,0:01:11,@whiskey-18,aku bg,Neutral,Neutral
2026-03-24 14:45:26,0:01:12,@Chelliinnnn,AKUUUU,Neutral,Neutral
2026-03-24 14:45:26,0:01:12,@vanillamilkyuu,halo bmh,Neutral,Neutral
2026-03-24 14:45:26,0:01:12,@AnitaZahirah-i9q,LEGOOOO BANG,Neutral,Neutral
2026-03-24 14:45:26,0:01:12,@Enzyy.Eirene,bg aku telat ga,Neutral,Neutral
2026-03-24 14:45:26,0:01:12,@andy.syailla,w,Neutral,Neutral
2026-03-24 14:45:27,0:01:13,@alfathstarofficial7259,akk bg,Neutral,Neutral
2026-03-24 14:45:27,0:01:13,@cannnnntan130,telat dikitt,Neutral,Neutral
2026-03-24 14:45:27,0:01:13,@Cantikaimuut,SAMLEKUMMMM,Neutral,Neutral
2026-03-24 14:45:27,0:01:13,@sultaniqbalreza6459,sus,Neutral,Neutral
2026-03-24 14:45:28,0:01:14,@aliera0605,demoo,Neutral,Neutral
2026-03-24 14:45:28,0:01:14,@paquito876,qpo,Neutral,Neutral
2026-03-24 14:45:28,0:01:14,@cacaonly2012,PASSS,Neutral,Neutral
2026-03-24 14:45:28,0:01:14,@Azzahrarara-ef5vq,BANG TELAT GAAA,Neutral,Neutral
2026-03-24 14:45:28,0:01:14,@leyabadoobee,BANG AKU TELAT GA,Neutral,Neutral
2026-03-24 14:45:29,0:01:15,@Farenputraardiansyah3,akuuu,Neutral,Neutral
2026-03-24 14:45:29,0:01:15,@devisheilaanastasiaputri6111,Bangggffff,Neutral,Neutral
2026-03-24 14:45:29,0:01:15,@FasyaAlfarraz,replay,Neutral,Neutral
2026-03-24 14:45:29,0:01:15,@zahramk6526,zahra bang,Neutral,Neutral
2026-03-24 14:45:29,0:01:15,@PRIA-bp7iv,gg,Neutral,Neutral
2026-03-24 14:45:29,0:01:15,@natashell-ac,akuu,Neutral,Neutral
2026-03-24 14:45:29,0:01:15,@eviasep6611,telat ga bang,Neutral,Neutral
2026-03-24 14:45:30,0:01:16,@vyx_nur,telatt gaa bang,Neutral,Neutral
2026-03-24 14:45:30,0:01:16,@OktaviaNingrum-x8r,Aki,Neutral,Neutral
2026-03-24 14:45:30,0:01:16,@Moh.IrhasirghiIrghi,alo alo bang,Neutral,Neutral
2026-03-24 14:45:31,0:01:17,@iniiiyayaa,BANG ILOVEYU,Neutral,Senang
2026-03-24 14:45:31,0:01:17,@ezaputri6348,akuuuu,Neutral,Neutral
2026-03-24 14:45:32,0:01:18,@Hansen-h6h,sahur,Neutral,Neutral
2026-03-24 14:45:32,0:01:18,@dittzero,replay,Neutral,Neutral
2026-03-24 14:45:32,0:01:18,@AryaIndra-w6l8b,telat gak bang,Neutral,Neutral
2026-03-24 14:45:32,0:01:18,@Rajafairelalmunawar,aku,Neutral,Neutral
2026-03-24 14:45:32,0:01:18,@fahri_1012,AKUUUU,Neutral,Neutral
2026-03-24 14:45:33,0:01:19,@rizkysyarif370,so WELKAM buat teman-teman yang nonton laiv dan nonton ripley,Neutral,Neutral
2026-03-24 14:45:34,0:01:20,@AyyasKe2,aku,Neutral,Neutral
2026-03-24 14:45:34,0:01:20,@cayaadiii,HALO BANGG,Neutral,Neutral
2026-03-24 14:45:34,0:01:20,@ndezzda,TELAT GA BANG,Neutral,Neutral
2026-03-24 14:45:35,0:01:21,@royanihhhbroy,Telat gk banh,Neutral,Neutral
2026-03-24 14:45:35,0:01:21,@aliarnggnis,bang telat ga,Neutral,Neutral
2026-03-24 14:45:35,0:01:21,@mazaaaaafsh,akuuu,Neutral,Neutral
2026-03-24 14:45:35,0:01:21,@QalifHaa,AKUU BANGGG,Neutral,Neutral
2026-03-24 14:45:35,0:01:21,@shsssa,BANG AKU TELAT GA,Neutral,Neutral
2026-03-24 14:45:36,0:01:22,@shaziaafh,AKUU BANGGG,Neutral,Neutral
2026-03-24 14:45:36,0:01:22,@kayzdnram.m0,Awoo,Neutral,Neutral
2026-03-24 14:45:36,0:01:22,@Re_Boo,DEMO,Neutral,Neutral
2026-03-24 14:45:36,0:01:22,@andikafajar-g7o,aku telat ga bang,Neutral,Neutral
2026-03-24 14:45:36,0:01:22,@MuhammadAkmalMaulana-gy3vg,akuu telat ga,Neutral,Neutral
2026-03-24 14:45:36,0:01:22,@PrvtLynx,ILLYY ILL,Negative,Neutral
2026-03-24 14:45:37,0:01:23,@farazka2915,Halo bng telat gk,Neutral,Neutral
2026-03-24 14:45:37,0:01:23,@kevin-mtaacc,aku dutt,Neutral,Neutral
2026-03-24 14:45:37,0:01:23,@emily-qd6rg,loh,Neutral,Neutral
2026-03-24 14:45:37,0:01:23,@superkudanil0,BANGGG WINDAHHHH,Neutral,Neutral
2026-03-24 14:45:37,0:01:23,@jeonggyumnaa,L IKLAN,Neutral,Neutral
2026-03-24 14:45:37,0:01:23,@fahriadzdzikri5481,gw telat ga bang,Neutral,Neutral
2026-03-24 14:45:38,0:01:24,@Celineboy95,halo bangghhh,Neutral,Neutral
2026-03-24 14:45:38,0:01:24,@AgniaNia-j9i,telat ga bang,Neutral,Neutral
2026-03-24 14:45:39,0:01:25,@odidut,BG WINDAHHH,Neutral,Neutral
2026-03-24 14:45:40,0:01:26,@AbyanHardiyatna,telat ga bng,Neutral,Neutral
2026-03-24 14:45:40,0:01:26,@hayienadine,BANGGG AKU TELATTTTT,Neutral,Neutral
2026-03-24 14:45:40,0:01:26,@dscplvnnwr,bang telat ga bang,Neutral,Neutral
2026-03-24 14:45:40,0:01:26,@aldanafs,aku,Neutral,Neutral
2026-03-24 14:45:40,0:01:26,@jojawaab,aku,Neutral,Neutral
2026-03-24 14:45:40,0:01:26,@KaisarKelra,baruu,Neutral,Neutral
2026-03-24 14:45:41,0:01:27,@ZAHRANPY_1997,telat gak bang,Neutral,Neutral
2026-03-24 14:45:41,0:01:27,@goldenerythrina4359,telaaaat ga banggg,Neutral,Neutral
2026-03-24 14:45:42,0:01:28,@NanaLala-bi7pv,akuhuu,Neutral,Neutral
2026-03-24 14:45:42,0:01:28,@DelishaFitriSetiawan,BANG TELAT GAAA,Neutral,Neutral
2026-03-24 14:45:43,0:01:29,@witriwitriani495,wehhhjam brapa ini,Neutral,Neutral
2026-03-24 14:45:43,0:01:29,@laurencwaa,haloo banggg,Neutral,Neutral
2026-03-24 14:45:44,0:01:30,@azkaa4047,telat ngga bang,Neutral,Neutral
2026-03-24 14:45:44,0:01:30,@KomangAguss-y2x,sya,Neutral,Neutral
2026-03-24 14:45:44,0:01:30,@Cykuawa2a8,akuuu,Neutral,Neutral
2026-03-24 14:45:45,0:01:31,@Nadinne33,my,Neutral,Neutral
2026-03-24 14:45:45,0:01:31,@mskjns,AKUUUUUU,Neutral,Neutral
2026-03-24 14:45:45,0:01:31,@fhutao,Pelan pelan mas ambandah,Neutral,Neutral
2026-03-24 14:45:45,0:01:31,@lala-z2q6h,sapa aku bang,Neutral,Neutral
2026-03-24 14:45:45,0:01:31,@NazlaRamadhani-q4x,aku telattt,Neutral,Neutral
2026-03-24 14:45:45,0:01:31,@malnish,iklannnnnnnn,Neutral,Neutral
2026-03-24 14:45:46,0:01:32,@Rockertics,w grafik,Neutral,Neutral
2026-03-24 14:45:46,0:01:32,@andre.TB.,halo bg,Neutral,Neutral
2026-03-24 14:45:46,0:01:32,@Febri-stc,bang pilihan game lu bagus banget bang,Negative,Neutral
2026-03-24 14:45:46,0:01:32,@Sarahheoo,aku,Neutral,Neutral
2026-03-24 14:45:46,0:01:32,@Rajafairelalmunawar,aku,Neutral,Neutral
2026-03-24 14:45:46,0:01:32,@jiungwon,MY,Neutral,Neutral
2026-03-24 14:45:47,0:01:33,@cookiebychu,INI GAME APA BANG,Negative,Neutral
2026-03-24 14:45:47,0:01:33,@adik11w,GEM AP,Neutral,Neutral
2026-03-24 14:45:47,0:01:33,@rammkazehaya,aku bang,Neutral,Neutral
2026-03-24 14:45:47,0:01:33,@Azzahhgf,bujug langsung maen,Neutral,Neutral
2026-03-24 14:45:47,0:01:33,@serinnnnn015,halooo banggg,Neutral,Neutral
2026-03-24 14:45:47,0:01:33,@H4K1M109,halo bang,Neutral,Neutral
2026-03-24 14:45:48,0:01:34,@Raisha_xixi,telat gak banggggggggggggggg,Neutral,Neutral
2026-03-24 14:45:48,0:01:34,@Lawati-co9gr,ini seramkah,Neutral,Neutral
2026-03-24 14:45:48,0:01:34,@Yucilacc,LETSGOOOOOOOOOOOOOOOO,Neutral,Neutral
2026-03-24 14:45:49,0:01:35,@engenhypen07,telat gak bang,Neutral,Neutral
2026-03-24 14:45:49,0:01:35,@ちなつ-n3t,ai,Neutral,Neutral
2026-03-24 14:45:49,0:01:35,@Bima-z6w,maaf bang telat soal nya notif nya baru muncul,Neutral,Neutral
2026-03-24 14:45:49,0:01:35,@shilaa-vk4hi,bang aku telat ga,Neutral,Neutral
2026-03-24 14:45:49,0:01:35,@adissssst,aku baru selesai makan bang,Neutral,Neutral
2026-03-24 14:45:49,0:01:35,@DidirizkyMaulana,mbg,Neutral,Neutral
2026-03-24 14:45:49,0:01:35,@NovalAfnizar,halo bang,Neutral,Neutral
2026-03-24 14:45:49,0:01:35,@Pramudia6,AKU BANG,Neutral,Neutral
2026-03-24 14:45:49,0:01:35,@adindaamelia1163,TELAT GA BG,Neutral,Neutral
2026-03-24 14:45:50,0:01:36,@AyundhaAyundhaningwijaya,telat ga bang,Neutral,Neutral
2026-03-24 14:45:50,0:01:36,@franzherman03,my,Neutral,Neutral
2026-03-24 14:45:50,0:01:36,@aaaaaaauuuullllll_11,bang besok gue kerja,Neutral,Neutral
2026-03-24 14:45:50,0:01:36,@HanaAish-qk4ry,HAI HAIIII,Neutral,Neutral
2026-03-24 14:45:50,0:01:36,@naniwoo3248,Tumbnailnya sus,Neutral,Neutral
2026-03-24 14:45:51,0:01:37,@dewdcr,bang telat ga?,Neutral,Neutral
2026-03-24 14:45:51,0:01:37,@asyrafnaafiulahsansasaka2717,akuuu,Neutral,Neutral
2026-03-24 14:45:51,0:01:37,@hasnaimuy,bang telat g bang,Neutral,Neutral
2026-03-24 14:45:52,0:01:38,@imz.v0,MY!!!,Neutral,Neutral
2026-03-24 14:45:52,0:01:38,@KaisarKelra,my,Neutral,Neutral
2026-03-24 14:45:52,0:01:38,@HaikalHauzan,aku bg,Neutral,Neutral
2026-03-24 14:45:52,0:01:38,@13Abill,aku bg,Neutral,Neutral
2026-03-24 14:45:52,0:01:38,@yoga_tanw,gyatt,Neutral,Neutral
2026-03-24 14:45:52,0:01:38,@ilhamkocak-b3v,aku ilham bang,Neutral,Neutral
2026-03-24 14:45:53,0:01:39,@dua_porsi,bang,Neutral,Neutral
2026-03-24 14:45:53,0:01:39,@ararisa7900,haiii bang windahh,Neutral,Neutral
2026-03-24 14:45:53,0:01:39,@0ALOK-o1h,selamat malam bang windah,Neutral,Neutral
2026-03-24 14:45:53,0:01:39,@alxndr-u8j,bang aku telat gk?,Neutral,Neutral
2026-03-24 14:45:53,0:01:39,@ririndwiarianti4549,RIRIN,Neutral,Neutral
2026-03-24 14:45:54,0:01:40,@mintarsihoke,my,Neutral,Neutral
2026-03-24 14:45:54,0:01:40,@AnggitaHusnunOktaviana,AKUU BANGGG,Neutral,Neutral
2026-03-24 14:45:54,0:01:40,@armeliaa-l2s,my,Neutral,Neutral
2026-03-24 14:45:54,0:01:40,@haendaA,bang telat ga bang,Neutral,Neutral
2026-03-24 14:45:55,0:01:41,@pikriii0122,my,Neutral,Neutral
2026-03-24 14:45:55,0:01:41,@AldiGanteng-t5j,RE 10 kah ini bang,Neutral,Neutral
2026-03-24 14:45:55,0:01:41,@budiloloskomdigi,telat ga bang,Neutral,Neutral
2026-03-24 14:45:56,0:01:42,@muhammadamirmahmudin3382,yah telat,Neutral,Neutral
2026-03-24 14:45:56,0:01:42,@Brian_Uhuy,"Aku telat ga bang, sapa aku bang",Neutral,Neutral
2026-03-24 14:45:56,0:01:42,@AnggaAriWiguna,akuuuu,Neutral,Neutral
2026-03-24 14:45:56,0:01:42,@estfierlyi,MY,Neutral,Neutral
2026-03-24 14:45:57,0:01:43,@mellia_zuaya,bang windah aku sedih,Neutral,Sedih
2026-03-24 14:45:57,0:01:43,@Auralia-k5w,weyyyyyy,Neutral,Neutral
2026-03-24 14:45:57,0:01:43,@AbdulMalik-io9rt,akhirnya main game hd jugaaaaaaa,Negative,Neutral
2026-03-24 14:45:57,0:01:43,@cwips,telat ga bg,Neutral,Neutral
2026-03-24 14:45:58,0:01:44,@syahwaashcroft,mirip ada bg,Neutral,Neutral
2026-03-24 14:45:58,0:01:44,@ramzialamsyah6598,RAMZI BANG,Neutral,Neutral
2026-03-24 14:45:59,0:01:45,@Nev_v1,GA DEMO KAN,Neutral,Neutral
2026-03-24 14:45:59,0:01:45,@Chuncumaru345,bang aku telat ga,Neutral,Neutral
2026-03-24 14:45:59,0:01:45,@Nur-AhmadYT,ramadhan udh berakhir :loudly_crying_face::loudly_crying_face:,Neutral,Neutral
2026-03-24 14:45:59,0:01:45,@MarthaNafeeza,me,Neutral,Neutral
2026-03-24 14:45:59,0:01:45,@veliPieOnAPan,HAI BANG,Neutral,Neutral
2026-03-24 14:45:59,0:01:45,@ssim_jaeyun,my,Neutral,Neutral
2026-03-24 14:45:59,0:01:45,@JulFajar,telat gk bg,Neutral,Neutral
2026-03-24 14:45:59,0:01:45,@yuzuislemon,MY,Neutral,Neutral
2026-03-24 14:46:00,0:01:46,@olive178,hai bang,Neutral,Neutral
2026-03-24 14:46:00,0:01:46,@DenkAslixx,ommm windahhh,Neutral,Neutral
2026-03-24 14:46:00,0:01:46,@arisetiawan4266,bang,Neutral,Neutral
2026-03-24 14:46:00,0:01:46,@MeySarah-e1g,telatgaaa,Neutral,Neutral
2026-03-24 14:46:00,0:01:46,@RizkyMurka,telat gaa bang,Neutral,Neutral
2026-03-24 14:46:00,0:01:46,@gojosatoru-b1j,L iklam,Neutral,Neutral
2026-03-24 14:46:00,0:01:46,@nayira-g3f2b,ngelag kali bah sinyal ku,Neutral,Neutral
2026-03-24 14:46:00,0:01:46,@biyeu-b9o,my,Neutral,Neutral
2026-03-24 14:46:00,0:01:46,@budisusilo4183,bang,Neutral,Neutral
2026-03-24 14:46:01,0:01:47,@Ziamwl-mk4ey,hallo bang,Neutral,Neutral
2026-03-24 14:46:01,0:01:47,@LAZYCrazy-o5g,my,Neutral,Neutral
2026-03-24 14:46:01,0:01:47,@okieoktavianibachri4143,akuuuui,Neutral,Neutral
2026-03-24 14:46:01,0:01:47,@AldiSaputra-y2k,halo bang,Neutral,Neutral
2026-03-24 14:46:01,0:01:47,@tyaaofficial1,bg telat kah,Neutral,Neutral
2026-03-24 14:46:01,0:01:47,@Kacung-e2e,bg telat gk bg,Neutral,Neutral
2026-03-24 14:46:02,0:01:48,@orangefirelite,KALIAN SEMUA NDAK TELAT YA KOCAK,Neutral,Neutral
2026-03-24 14:46:02,0:01:48,@difa-s9x,hi kakak,Neutral,Neutral
2026-03-24 14:46:03,0:01:49,@barjog_77,pppp,Neutral,Neutral
2026-03-24 14:46:03,0:01:49,@DevaniKaramoy,cantik bgt kaya akyuhh,Neutral,Neutral
2026-03-24 14:46:04,0:01:50,@sabebbrow,MY,Neutral,Neutral
2026-03-24 14:46:05,0:01:51,@azizaputriamelia,AZIZA HADIRRRR,Neutral,Neutral
2026-03-24 14:46:05,0:01:51,@Vidoe_tutorial,sapaaaaaaaaaaaa,Neutral,Neutral
2026-03-24 14:46:05,0:01:51,@Albiedwiumar,aku,Neutral,Neutral
2026-03-24 14:46:06,0:01:52,@khansaaaa67,my,Neutral,Neutral
2026-03-24 14:46:06,0:01:52,@naspadstecu,oh my bini kuuu,Neutral,Neutral
2026-03-24 14:46:07,0:01:53,@hannomagaaa,FIKS DEMOOO,Neutral,Neutral
2026-03-24 14:46:08,0:01:54,@zynfrdyn,bg telat ga,Neutral,Neutral
2026-03-24 14:46:08,0:01:54,@HanaHukama-k8d4q,REPLAYY???,Neutral,Neutral
2026-03-24 14:46:09,0:01:55,@innolaonline,bang baru muali kah??,Neutral,Neutral
2026-03-24 14:46:09,0:01:55,@ivanaimupp_22,my,Neutral,Neutral
2026-03-24 14:46:09,0:01:55,@alya-m5j9f,translit bgg,Neutral,Neutral
2026-03-24 14:46:09,0:01:55,@airiserp,halo bang,Neutral,Neutral
2026-03-24 14:46:09,0:01:55,@Safaraz08,ALOOO BANGGGG,Neutral,Neutral
2026-03-24 14:46:09,0:01:55,@ianprs11,BANG AKU TELAT GA,Neutral,Neutral
2026-03-24 14:46:09,0:01:55,@fardibaarl,bang aku,Neutral,Neutral
2026-03-24 14:46:10,0:01:56,@syifa-pb5kq,halooooo bangggg,Neutral,Neutral
2026-03-24 14:46:10,0:01:56,@engenhypen07,halooooo,Neutral,Neutral
2026-03-24 14:46:10,0:01:56,@victoria1459,bang kamu ganteng bang,Neutral,Neutral
2026-03-24 14:46:11,0:01:57,@indriii._11,terimakasih bg sdh menyediakan game berkualitas setiap hari!!!,Negative,Neutral
2026-03-24 14:46:11,0:01:57,@akhmanusya,BANG TELAT GAA,Neutral,Neutral
2026-03-24 14:46:11,0:01:57,@Lyonz121,myy,Neutral,Neutral
2026-03-24 14:46:11,0:01:57,@MuhammadfadelGhazali,aku,Neutral,Neutral
2026-03-24 14:46:11,0:01:57,@happynoob7625,re7 crack bang,Neutral,Neutral
2026-03-24 14:46:11,0:01:57,@nnadiraaaaaaa,my,Neutral,Neutral
2026-03-24 14:46:12,0:01:58,@lanaylaaaa,bang telat ga,Neutral,Neutral
2026-03-24 14:46:12,0:01:58,@lntandew,Halo bang,Neutral,Neutral
2026-03-24 14:46:12,0:01:58,@taikgaming3379,gw,Neutral,Neutral
2026-03-24 14:46:12,0:01:58,@acaaaa-wr2wt,AKU BANGGG,Neutral,Neutral
2026-03-24 14:46:12,0:01:58,@Ranthyghina_88Ghina,aku bg,Neutral,Neutral
2026-03-24 14:46:13,0:01:59,@mike_qoq,my,Neutral,Neutral
2026-03-24 14:46:13,0:01:59,@HermanHajar-i9r,wtia,Neutral,Neutral
2026-03-24 14:46:13,0:01:59,@ninjaboyy-b1y,MBG,Neutral,Neutral
2026-03-24 14:46:13,0:01:59,@Prisilia_12,halo bang,Neutral,Neutral
2026-03-24 14:46:14,0:02:00,@SyifaEkaMahendra,telat ga bg,Neutral,Neutral
2026-03-24 14:46:14,0:02:00,@Zahirahany,Telat ga bang,Neutral,Neutral
2026-03-24 14:46:14,0:02:00,@Novianto-BP,Malam Bang Windah:hand-pink-waving:,Neutral,Neutral
2026-03-24 14:46:14,0:02:00,@ceritagendis5141,my,Neutral,Neutral
2026-03-24 14:46:14,0:02:00,@AlfanOw-t6z,:face-blue-smiling:,Neutral,Neutral
2026-03-24 14:46:14,0:02:00,@Fekaral_13,halo,Neutral,Neutral
2026-03-24 14:46:14,0:02:00,@Spike-z3u,REPLAY,Neutral,Neutral
2026-03-24 14:46:14,0:02:00,@marietsa,game 30 menit,Negative,Neutral
2026-03-24 14:46:15,0:02:01,@clown_west,aku takut bg,Neutral,Neutral
2026-03-24 14:46:15,0:02:01,@isabellanc005,MYYYYY,Neutral,Neutral
2026-03-24 14:46:16,0:02:02,@ABIMASAKTI,LUSI HADIR,Neutral,Neutral
2026-03-24 14:46:16,0:02:02,@zaracloversluck,HALO BANGGG,Neutral,Neutral
2026-03-24 14:46:16,0:02:02,@IsaFirmanullah,sus,Neutral,Neutral
2026-03-24 14:46:16,0:02:02,@MuhammadTaufik-w1j8x,67,Neutral,Neutral
2026-03-24 14:46:16,0:02:02,@dre4met5,udh pernah bg,Neutral,Neutral
2026-03-24 14:46:16,0:02:02,@ahmaddanial5497,my mbg,Neutral,Neutral
2026-03-24 14:46:16,0:02:02,@AndiMiska,Banggg,Neutral,Neutral
2026-03-24 14:46:16,0:02:02,@BaimArya-v1p,telat gak bang,Neutral,Neutral
2026-03-24 14:46:17,0:02:03,@kruaksonvz,telat ga bang,Neutral,Neutral
2026-03-24 14:46:17,0:02:03,@RexiePuff,telat ga bangggg,Neutral,Neutral
2026-03-24 14:46:17,0:02:03,@innaismatulnabilla951,yeeyyyyyyyyy,Neutral,Neutral
2026-03-24 14:46:17,0:02:03,@mezargemer7241,bg kartu pokemon udh,Neutral,Neutral
2026-03-24 14:46:17,0:02:03,@asyrafnaafiulahsansasaka2717,ASYRAF BANG,Neutral,Neutral
2026-03-24 14:46:18,0:02:04,@mugimugi90,L listening,Neutral,Neutral
2026-03-24 14:46:18,0:02:04,@haninaau,BANG AKU LAGI MAKAN NASGOR,Neutral,Neutral
2026-03-24 14:46:18,0:02:04,@SuperRana-09,RE 10 ya bang,Neutral,Neutral
2026-03-24 14:46:18,0:02:04,@Esan2629,my,Neutral,Neutral
2026-03-24 14:46:18,0:02:04,@GustiRaihan-x7j,halo,Neutral,Neutral
2026-03-24 14:46:19,0:02:05,@sultanazzam5444,halo bang sapa aku,Neutral,Neutral
2026-03-24 14:46:19,0:02:05,@noyieps,replay kah??????,Neutral,Neutral
2026-03-24 14:46:20,0:02:06,@cookiebychu,GAME TENTANG APA BANG,Negative,Neutral
2026-03-24 14:46:21,0:02:07,@es-doger-f5s4k,telat ga bang,Neutral,Neutral
2026-03-24 14:46:22,0:02:08,@MahendraRamadhan-e2l,telat gk bng,Neutral,Neutral
2026-03-24 14:46:22,0:02:08,@byubadibakoo,telat ga bg,Neutral,Neutral
2026-03-24 14:46:22,0:02:08,@jenjun07,!sebutnama,Neutral,Neutral
2026-03-24 14:46:22,0:02:08,@nadhifafarrafauziah9661,ilofyu bang,Neutral,Neutral
2026-03-24 14:46:22,0:02:08,@alyaaaa9266,BNGG MAAF AKU TELAT,Neutral,Neutral
2026-03-24 14:46:22,0:02:08,@dytihf_u,halo bang,Neutral,Neutral
2026-03-24 14:46:23,0:02:09,@tamlikhaabdilbarr8193,ini kan my,Neutral,Neutral
2026-03-24 14:46:23,0:02:09,@sgnd-ur7fp,aku hadir bangg,Neutral,Neutral
2026-03-24 14:46:23,0:02:09,@JulFajar,bg telat gak,Neutral,Neutral
2026-03-24 14:46:23,0:02:09,@Wholynn,aku telatt,Neutral,Neutral
2026-03-24 14:46:23,0:02:09,@NurAisyah-z3b,bg telat gk bgg?,Neutral,Neutral
2026-03-24 14:46:24,0:02:10,@arianimega681,bang aku telat gakkkkk,Neutral,Neutral
2026-03-24 14:46:24,0:02:10,@insseu.k,replay ini,Neutral,Neutral
2026-03-24 14:46:24,0:02:10,@Nafaa_chizu,waw,Neutral,Neutral
2026-03-24 14:46:24,0:02:10,@adeliiiy,ada gua,Neutral,Neutral
2026-03-24 14:46:24,0:02:10,@maxxjpaa,akuuuuu,Neutral,Neutral
2026-03-24 14:46:25,0:02:11,@Nasyafineshyt,kaya kenal,Neutral,Neutral
2026-03-24 14:46:25,0:02:11,@stefaniwulandari4231,bang aku telat gak?,Neutral,Neutral
2026-03-24 14:46:25,0:02:11,@akbartgl8168,demoo fixx,Neutral,Neutral
2026-03-24 14:46:25,0:02:11,@Sasa-l7i4h,bang telat ga,Neutral,Neutral
2026-03-24 14:46:26,0:02:12,@Nyawit_duluGKSI,SEREM COY,Neutral,Neutral
2026-03-24 14:46:26,0:02:12,@dir44a,hallo bang,Neutral,Neutral
2026-03-24 14:46:26,0:02:12,@luvv_Queen_yas,BG telat GK nih,Neutral,Neutral
2026-03-24 14:46:26,0:02:12,@maritacahya5634,serem nyoo,Neutral,Neutral
2026-03-24 14:46:27,0:02:13,@dynun,kaya pernah,Neutral,Neutral
2026-03-24 14:46:27,0:02:13,@fans_scania3712,judul gamenya apa bang,Neutral,Neutral
2026-03-24 14:46:28,0:02:14,@Rismaaaaa_,akuuuuuuu takuutt,Neutral,Neutral
2026-03-24 14:46:28,0:02:14,@MuhammadHabibie-j1p,telat ga baaang,Neutral,Neutral
2026-03-24 14:46:28,0:02:14,@innaismatulnabilla951,HALO BANG,Neutral,Neutral
2026-03-24 14:46:29,0:02:15,@NaufadilaMiranda,windah,Neutral,Neutral
2026-03-24 14:46:29,0:02:15,@SiritoDegesu,aku bang,Neutral,Neutral
2026-03-24 14:46:29,0:02:15,@Aprilia-g4r,BANGGGGGG,Neutral,Neutral
2026-03-24 14:46:30,0:02:16,@Kiaa-t9x,kek kenal rumahnya,Neutral,Neutral
2026-03-24 14:46:30,0:02:16,@MochGhazi,telat ga bang,Neutral,Neutral
2026-03-24 14:46:30,0:02:16,@Chacaxbeatrisxx,bang telat ga,Neutral,Neutral
2026-03-24 14:46:30,0:02:16,@daisy_suka_mie_ayam,hallo bng,Neutral,Neutral
2026-03-24 14:46:30,0:02:16,@maulana-z8i6m,AKU,Neutral,Neutral
2026-03-24 14:46:31,0:02:17,@tatastory26,bang aku sedih bgt,Neutral,Sedih
2026-03-24 14:46:31,0:02:17,@arsyrahman1933,:face-blue-smiling:,Neutral,Neutral
2026-03-24 14:46:31,0:02:17,@Ghiff.11,bohayyy,Neutral,Neutral
2026-03-24 14:46:31,0:02:17,@RyyphannZ,hallooo,Neutral,Neutral
2026-03-24 14:46:31,0:02:17,@AuliyaRahma-u5p6f,hah ini replay?,Neutral,Neutral
2026-03-24 14:46:31,0:02:17,@alaisterblack4938,telat ga bang,Neutral,Neutral
2026-03-24 14:46:32,0:02:18,@DemiyUNGGERR,gelokkkk,Neutral,Neutral
2026-03-24 14:46:32,0:02:18,@1zaaaaaaaaaa,AKUU BG,Neutral,Neutral
2026-03-24 14:46:33,0:02:19,@bagusnova-lv7gk,sebutnama!,Neutral,Neutral
2026-03-24 14:46:33,0:02:19,@GaluhIkhwan-o5y,my,Neutral,Neutral
2026-03-24 14:46:33,0:02:19,@AljauzaHumaira,bng windah aku telat ga,Neutral,Neutral
2026-03-24 14:46:33,0:02:19,@reyy_c12,w game,Negative,Neutral
2026-03-24 14:46:33,0:02:19,@Fzrianr,TELAT GA BNGG,Neutral,Neutral
2026-03-24 14:46:33,0:02:19,@almionk,REPLAY,Neutral,Neutral
2026-03-24 14:46:33,0:02:19,@kilaliken,my,Neutral,Neutral
2026-03-24 14:46:34,0:02:20,@rahmadfajar7857,gake demoo,Neutral,Neutral
2026-03-24 14:46:34,0:02:20,@vayyajijel,My,Neutral,Neutral
2026-03-24 14:46:34,0:02:20,@akomaganda420,my,Neutral,Neutral
2026-03-24 14:46:34,0:02:20,@SarahAmalia-o2u,bang telat gaaa,Neutral,Neutral
2026-03-24 14:46:34,0:02:20,@gilangpurnomo266,replay kah,Neutral,Neutral
2026-03-24 14:46:34,0:02:20,@RaditsRobert,TELAT NGGAK BANG,Neutral,Neutral
2026-03-24 14:46:34,0:02:20,@Dina_lovelly,bggg akuu telatt gaa???,Neutral,Neutral
2026-03-24 14:46:35,0:02:21,@Meeeeeeee-j8e,telat ga bang,Neutral,Neutral
2026-03-24 14:46:35,0:02:21,@ureallyknowme,YAH AKU TELAT,Neutral,Neutral
2026-03-24 14:46:35,0:02:21,@onlynayee,W game,Negative,Neutral
2026-03-24 14:46:35,0:02:21,@aaiiinnn0309,bg,Neutral,Neutral
2026-03-24 14:46:35,0:02:21,@LaNzzz48,demo kah,Neutral,Neutral
2026-03-24 14:46:35,0:02:21,@alpukatcoklat00,bang,Neutral,Neutral
2026-03-24 14:46:36,0:02:22,@naspadstecu,my,Neutral,Neutral
2026-03-24 14:46:36,0:02:22,@anakiimupp,bang telat gakk,Neutral,Neutral
2026-03-24 14:46:36,0:02:22,@mugimugi90,L listening,Neutral,Neutral
2026-03-24 14:46:36,0:02:22,@yoshaachan,telat ga bangg,Neutral,Neutral
2026-03-24 14:46:36,0:02:22,@eyinlovelumpia,MY,Neutral,Neutral
2026-03-24 14:46:36,0:02:22,@Prisilia_12,mff bang telat,Neutral,Neutral
2026-03-24 14:46:36,0:02:22,@chchchiika,bang telat ga bang,Neutral,Neutral
2026-03-24 14:46:37,0:02:23,@AlyaaPutri-p8h,my,Neutral,Neutral
2026-03-24 14:46:37,0:02:23,@darrylputrarasyah,AKU BAAAAAAAAAANNNNGGGGGGG,Neutral,Neutral
2026-03-24 14:46:37,0:02:23,@Suncaze,cantik bg,Neutral,Neutral
2026-03-24 14:46:37,0:02:23,@clashout06,my,Neutral,Neutral
2026-03-24 14:46:37,0:02:23,@konz1346,telat ga bang,Neutral,Neutral
2026-03-24 14:46:37,0:02:23,@aldoromadhona7041,lestgooo,Neutral,Neutral
2026-03-24 14:46:37,0:02:23,@Zanzzx12,my,Neutral,Neutral
2026-03-24 14:46:37,0:02:23,@akbartgl8168,!sebutnama,Neutral,Neutral
2026-03-24 14:46:38,0:02:24,@ameliaamrllah6269,vibes nya kek re,Neutral,Neutral
2026-03-24 14:46:38,0:02:24,@ailinshella808,kek kenal rumahnya,Neutral,Neutral
2026-03-24 14:46:38,0:02:24,@adaaaiiuueeooo,telat gak bang,Neutral,Neutral
2026-03-24 14:46:38,0:02:24,@ei2350,Mu,Neutral,Neutral
2026-03-24 14:46:38,0:02:24,@charlotteblack4574,replay?,Neutral,Neutral
2026-03-24 14:46:39,0:02:25,@WestDah,sekarang iklan 3 kali jir,Neutral,Neutral
2026-03-24 14:46:39,0:02:25,@akusibocilwindah,bang telat gk,Neutral,Neutral
2026-03-24 14:46:39,0:02:25,@rizkiilyasapandi48,rumahnya kaya kenal,Neutral,Neutral
2026-03-24 14:46:39,0:02:25,@desitaamelia2374,bang aku telat ga bang,Neutral,Neutral
2026-03-24 14:46:39,0:02:25,@kanifaauw,BG AKU BANG,Neutral,Neutral
2026-03-24 14:46:39,0:02:25,@riyantofebrian5985,telat ga banf,Neutral,Neutral
2026-03-24 14:46:39,0:02:25,@sasa40-f1u,mirip aku bang,Neutral,Neutral
2026-03-24 14:46:40,0:02:26,@zexxo-ne3zd,sekelas re 11,Neutral,Neutral
2026-03-24 14:46:40,0:02:26,@jenjun07,BANH ADA ORANG,Neutral,Neutral
2026-03-24 14:46:40,0:02:26,@acaaaa-wr2wt,AKUUU BANGGGG,Neutral,Neutral
2026-03-24 14:46:41,0:02:27,@bagongthecat8244,aku,Neutral,Neutral
2026-03-24 14:46:41,0:02:27,@tobelimatchaa,grafik bagus gini bang,Neutral,Neutral
2026-03-24 14:46:41,0:02:27,@cerealtrash,rumah ituu lagiii,Neutral,Neutral
2026-03-24 14:46:41,0:02:27,@almaalik-h1i,bang aku kangen,Neutral,Neutral
2026-03-24 14:46:41,0:02:27,@uJennie,kayak kenal,Neutral,Neutral
2026-03-24 14:46:41,0:02:27,@vanillamilkyuu,bgus bnget grafik nya bang,Neutral,Neutral
2026-03-24 14:46:41,0:02:27,@jumm22,:face-purple-wide-eyes:,Neutral,Neutral
2026-03-24 14:46:41,0:02:27,@lulamazuraharahap4049,halo bang,Neutral,Neutral
2026-03-24 14:46:41,0:02:27,@brochillouttt,sus bgt thumbnailnya,Neutral,Neutral
2026-03-24 14:46:42,0:02:28,@nanarajju,my,Neutral,Neutral
2026-03-24 14:46:42,0:02:28,@arkannzz67,garing,Neutral,Neutral
2026-03-24 14:46:42,0:02:28,@Endahfadillah-xx4py,akuuuuu,Neutral,Neutral
2026-03-24 14:46:42,0:02:28,@WahabIfa,nama gamenya apa bg,Neutral,Neutral
2026-03-24 14:46:42,0:02:28,@leanny9489,REPLAH YA ????,Neutral,Neutral
2026-03-24 14:46:43,0:02:29,@mumtazhanyanpc,bang aku telat ga bang,Neutral,Neutral
2026-03-24 14:46:43,0:02:29,@AuliaKhoirunnisa-,telat ga bang,Neutral,Neutral
2026-03-24 14:46:43,0:02:29,@Gizmoou,my,Neutral,Neutral
2026-03-24 14:46:43,0:02:29,@dynun,kaya pernah,Neutral,Neutral
2026-03-24 14:46:43,0:02:29,@Riyanhhe86,banggg,Neutral,Neutral
2026-03-24 14:46:43,0:02:29,@beingfolklore,ky kenal rumahnya,Neutral,Neutral
2026-03-24 14:46:44,0:02:30,@JulFajar,telat gk bg,Neutral,Neutral
2026-03-24 14:46:44,0:02:30,@cintayda,windah ngaku prabowo,Neutral,Neutral
2026-03-24 14:46:44,0:02:30,@Nyawit_duluGKSI,LAGUNYA ANEH,Neutral,Neutral
2026-03-24 14:46:44,0:02:30,@Brian_Uhuy,myy,Neutral,Neutral
2026-03-24 14:46:44,0:02:30,@ayunggg1,replay bang??,Neutral,Neutral
2026-03-24 14:46:44,0:02:30,@FOBstudio,kek kenal,Neutral,Neutral
2026-03-24 14:46:45,0:02:31,@fardadraspati2166,aku,Neutral,Neutral
2026-03-24 14:46:45,0:02:31,@zahrazuzzy,bang takut bang,Neutral,Neutral
2026-03-24 14:46:45,0:02:31,@syyyaa,MY,Neutral,Neutral
2026-03-24 14:46:45,0:02:31,@adyeela,bang aku telat ga,Neutral,Neutral
2026-03-24 14:46:46,0:02:32,@ndyvena,BANG SAPA AKU:double_exclamation_mark:,Neutral,Neutral
2026-03-24 14:46:46,0:02:32,@bagusbekti3412,L grafik,Neutral,Neutral
2026-03-24 14:46:46,0:02:32,@YasminNur-rs4cr,lagunya kaya opera bang,Neutral,Neutral
2026-03-24 14:46:46,0:02:32,@cwips,BG AKU TELAT GAA,Neutral,Neutral
2026-03-24 14:46:46,0:02:32,@felicyagrace7419,bang aku telat,Neutral,Neutral
2026-03-24 14:46:46,0:02:32,@alpukatcoklat00,lagunya kayak yg nnyyi di re 9,Neutral,Neutral
2026-03-24 14:46:46,0:02:32,@izuumacaa,telat ga bg,Neutral,Neutral
2026-03-24 14:46:46,0:02:32,@fredyseconds,aku,Neutral,Neutral
2026-03-24 14:46:47,0:02:33,@Ikazhr,my,Neutral,Neutral
2026-03-24 14:46:47,0:02:33,@ZenKFC,halo bng,Neutral,Neutral
2026-03-24 14:46:47,0:02:33,@Araaa078,awas ada karbit bang,Neutral,Neutral
2026-03-24 14:46:48,0:02:34,@SuperRana-09,game demo lagi ini,Negative,Neutral
2026-03-24 14:46:48,0:02:34,@MuhdHakimi-f9q,my,Neutral,Neutral
2026-03-24 14:46:48,0:02:34,@kutun107,:face-green-smiling:,Neutral,Neutral
2026-03-24 14:46:49,0:02:35,@JusT.PR3tty_Qaii,rumah nya mirip yang kemaren :loudly_crying_face::loudly_crying_face:,Neutral,Neutral
2026-03-24 14:46:50,0:02:36,@AtharIndrawan-c3m,JUDULNYA APE BANG,Neutral,Neutral
2026-03-24 14:46:50,0:02:36,@Tiara-d1g,kek kenal,Neutral,Neutral
2026-03-24 14:46:50,0:02:36,@Fatmahhrly,myy,Neutral,Neutral
2026-03-24 14:46:50,0:02:36,@BerryGyuriii,my,Neutral,Neutral
2026-03-24 14:46:51,0:02:37,@akbartgl8168,demo fixx,Neutral,Neutral
2026-03-24 14:46:51,0:02:37,@esqiqiqipham,ini replay kah,Neutral,Neutral
2026-03-24 14:46:52,0:02:38,@ayycaaa46,my,Neutral,Neutral
2026-03-24 14:46:52,0:02:38,@maadx07,ゲームのなまえはなんですか,Neutral,Neutral
2026-03-24 14:46:53,0:02:39,@DenkAslixx,ehhh bujuggg,Neutral,Neutral
2026-03-24 14:46:53,0:02:39,@rafzz_i4y,my,Neutral,Neutral
2026-03-24 14:46:53,0:02:39,@bocilnestum,kok kaya kenal rumah itu bang,Neutral,Neutral
2026-03-24 14:46:53,0:02:39,@Gelko-q3p,my,Neutral,Neutral
2026-03-24 14:46:54,0:02:40,@Lalikoott,ini horor kah?,Neutral,Neutral
2026-03-24 14:46:54,0:02:40,@kanjaabrrr,MYY,Neutral,Neutral
2026-03-24 14:46:54,0:02:40,@Loci_Channel,HALO BG SUBSCRIBER BARUUU,Neutral,Neutral
2026-03-24 14:46:55,0:02:41,@sendi12-oo,w karaktr,Neutral,Neutral
2026-03-24 14:46:55,0:02:41,@KyraaNviaa,my,Neutral,Neutral
2026-03-24 14:46:55,0:02:41,@sean-j2o4z,MY BNGT MY,Neutral,Neutral
2026-03-24 14:46:55,0:02:41,@AccountUtama-n4p,gg,Neutral,Neutral
2026-03-24 14:46:55,0:02:41,@fauziiyaya,my,Neutral,Neutral
2026-03-24 14:46:55,0:02:41,@ianprs11,game epik,Negative,Neutral
2026-03-24 14:46:55,0:02:41,@tobelimatchaa,nice grafik banggg,Positive,Neutral
2026-03-24 14:46:55,0:02:41,@nailasikma,gg bg kayak re,Neutral,Neutral
2026-03-24 14:46:56,0:02:42,@ferdiaidyn3184,DEMO KAH?,Neutral,Neutral
2026-03-24 14:46:56,0:02:42,@Kevin1126-oe7xd,mbg (my bini gw),Neutral,Neutral
2026-03-24 14:46:56,0:02:42,@reviarnanfirmansyah,ALO bang,Neutral,Neutral
2026-03-24 14:46:56,0:02:42,@zaganleon,sapa aku bggg,Neutral,Neutral
2026-03-24 14:46:56,0:02:42,@j3keey,cantik,Neutral,Neutral
2026-03-24 14:46:56,0:02:42,@Rapiiiyyy221,myyyy,Neutral,Neutral
2026-03-24 14:46:56,0:02:42,@chibbyyunyu,replay woii,Neutral,Neutral
2026-03-24 14:46:57,0:02:43,@sparkleqina,bang telat gak bang,Neutral,Neutral
2026-03-24 14:46:57,0:02:43,@Leonnaalex,replay,Neutral,Neutral
2026-03-24 14:46:57,0:02:43,@ichaadipanggilnengok,dats so kripi,Neutral,Neutral
2026-03-24 14:46:57,0:02:43,@haazzellnut,telattt ga bangggg,Neutral,Neutral
2026-03-24 14:46:57,0:02:43,@malikakamilarochmah,W GRAFIK,Neutral,Neutral
2026-03-24 14:46:57,0:02:43,@TajiBran,karakterny cantik bg,Neutral,Neutral
2026-03-24 14:46:58,0:02:44,@nandakorekore8943,*BANG SUARA MU MENDEM*,Neutral,Neutral
2026-03-24 14:46:58,0:02:44,@riyantofebrian5985,game apa bng,Negative,Neutral
2026-03-24 14:46:58,0:02:44,@itsmeaca00,banggg windahhh,Neutral,Neutral
2026-03-24 14:46:58,0:02:44,@nirbitazahra,INI GAME HOROR BANG?,Negative,Neutral
2026-03-24 14:46:59,0:02:45,@MfahriAkbar-v3c,AI,Neutral,Neutral
2026-03-24 14:46:59,0:02:45,@afif_89,my,Neutral,Neutral
2026-03-24 14:46:59,0:02:45,@mohammadarifudin362,telatt ga bang,Neutral,Neutral
2026-03-24 14:46:59,0:02:45,@Tzyy-g3f,my,Neutral,Neutral
2026-03-24 14:47:00,0:02:46,@lalaa-lli,kaya kenal,Neutral,Neutral
2026-03-24 14:47:00,0:02:46,@sandraaulia08,kayak kenal,Neutral,Neutral
2026-03-24 14:47:00,0:02:46,@tzy2571,rumahnya,Neutral,Neutral
2026-03-24 14:47:00,0:02:46,@farrrawaayy18,ini live beneran?,Positive,Neutral
2026-03-24 14:47:00,0:02:46,@Shellgfgojo,horor kah?,Neutral,Neutral
2026-03-24 14:47:00,0:02:46,@RaisaediaMeca,BANG AKU AKU AKU AJUKUAKU,Neutral,Neutral
2026-03-24 14:47:01,0:02:47,@Ranthyghina_88Ghina,aku aku aku,Neutral,Neutral
2026-03-24 14:47:01,0:02:47,@clashout06,game demo,Negative,Neutral
2026-03-24 14:47:01,0:02:47,@RizkyMaulana-ml5zz,my,Neutral,Neutral
2026-03-24 14:47:02,0:02:48,@isabellanc005,game demo,Negative,Neutral
2026-03-24 14:47:02,0:02:48,@RmzSpectral,bang aku telat ga,Neutral,Neutral
2026-03-24 14:47:03,0:02:49,@fyuuWell,akuuuu,Neutral,Neutral
2026-03-24 14:47:03,0:02:49,@Lattezzone,mbg mbg,Neutral,Neutral
2026-03-24 14:47:03,0:02:49,@GhifariNaufall,:face-orange-biting-nails::face-orange-biting-nails::face-orange-biting-nails::face-orange-biting-nails::face-orange-biting-nails::face-orange-biting-nails::face-orange-biting-nails::face-orange-biting-nails::face-orange-biting-nails::face-orange-biting-nails::hand-orange-covering-eyes::hand-orange-covering-eyes::hand-orange-covering-eyes::hand-orange-covering-eyes::hand-orange-covering-eyes::hand-orange-covering-eyes::hand-orange-covering-eyes::hand-orange-covering-eyes::hand-orange-covering-eyes::hand-orange-covering-eyes:,Neutral,Neutral
2026-03-24 14:47:04,0:02:50,@awfiyarahma9247,BANG NGE LAG,Neutral,Neutral
2026-03-24 14:47:04,0:02:50,@vvgsyaa,telat ga bag,Neutral,Neutral
2026-03-24 14:47:04,0:02:50,@akusibocilwindah,gg,Neutral,Neutral
2026-03-24 14:47:05,0:02:51,@RagaSaputra-pp8sb,mbg my bini gueh,Neutral,Neutral
2026-03-24 14:47:05,0:02:51,@idihh123,my,Neutral,Neutral
2026-03-24 14:47:05,0:02:51,@j4sm_ine,replay kah,Neutral,Neutral
2026-03-24 14:47:05,0:02:51,@Dwiagustyani,MY,Neutral,Neutral
2026-03-24 14:47:05,0:02:51,@KaisarKelra,re,Neutral,Neutral
2026-03-24 14:47:05,0:02:51,@Sarah-f2f-e7s,kaya kenal,Neutral,Neutral
2026-03-24 14:47:06,0:02:52,@AhmadAlif-k7j,grafick nya hd banget cik,Neutral,Neutral
2026-03-24 14:47:06,0:02:52,@DWI_OKTA_SYAILENDRA_67,ah ange,Neutral,Neutral
2026-03-24 14:47:07,0:02:53,@meeyyies,akuu,Neutral,Neutral
2026-03-24 14:47:07,0:02:53,@YunssM,kok kaya game nfsw,Negative,Neutral
2026-03-24 14:47:07,0:02:53,@lukmanf13,replay,Neutral,Neutral
2026-03-24 14:47:07,0:02:53,@m0ndazee2,w grafik,Neutral,Neutral
2026-03-24 14:47:07,0:02:53,@faisalzilham4370,sus,Neutral,Neutral
2026-03-24 14:47:07,0:02:53,@ararisa7900,serem bang windah,Neutral,Neutral
2026-03-24 14:47:07,0:02:53,@Vanzzbg-f4m,my kisah,Neutral,Neutral
2026-03-24 14:47:07,0:02:53,@kuroomi8952,kayak kenal rumahnya bang,Neutral,Neutral
2026-03-24 14:47:08,0:02:54,@qweenns.l3l,kaya rumah di game sebelumnya bang,Negative,Neutral
2026-03-24 14:47:10,0:02:56,@LAZYCrazy-o5g,my,Neutral,Neutral
2026-03-24 14:47:10,0:02:56,@mayarulita7484,helo bang,Neutral,Neutral
2026-03-24 14:47:10,0:02:56,@DenkAslixx,buset itu bg,Neutral,Neutral
2026-03-24 14:47:10,0:02:56,@skibidibidi99,rumah nya gede ya bng,Neutral,Neutral
2026-03-24 14:47:10,0:02:56,@Nev_v1,GA DEMO KAN,Neutral,Neutral
2026-03-24 14:47:11,0:02:57,@Balderikk,bukan replay kan,Neutral,Neutral
2026-03-24 14:47:11,0:02:57,@angganation_,DEMO,Neutral,Neutral
2026-03-24 14:47:11,0:02:57,@VanessasuciFebriana,CANTIKK,Neutral,Neutral
2026-03-24 14:47:11,0:02:57,@ayatulhusna-munujin,tapi cantik banget,Neutral,Neutral
2026-03-24 14:47:11,0:02:57,@joejoellen,my,Neutral,Neutral
2026-03-24 14:47:11,0:02:57,@ramzialamsyah6598,RAMZI BANG,Neutral,Neutral
2026-03-24 14:47:12,0:02:58,@Ranthyghina_88Ghina,ghina,Neutral,Neutral
2026-03-24 14:47:12,0:02:58,@azriadiatsyayusuf2705,telat ga bang,Neutral,Neutral
2026-03-24 14:47:12,0:02:58,@Esan2629,rumah nya kayak kenal,Neutral,Neutral
2026-03-24 14:47:12,0:02:58,@InnaAnditha,BANG WINDAH,Neutral,Neutral
2026-03-24 14:47:13,0:02:59,@Annisa003,telatt ga banggg,Neutral,Neutral
2026-03-24 14:47:13,0:02:59,@dscplvnnwr,demo ini bang,Neutral,Neutral
2026-03-24 14:47:13,0:02:59,@JenniferGwen-c5p7b,telat ga bang,Neutral,Neutral
2026-03-24 14:47:13,0:02:59,@Deez_Nut27,FEARS TO FATHOM,Neutral,Neutral
2026-03-24 14:47:14,0:03:00,@ersamayori6385,gak ada text nya bang?,Neutral,Neutral
2026-03-24 14:47:14,0:03:00,@hannesa_0,rumah nya kek kenal bang,Neutral,Neutral
2026-03-24 14:47:14,0:03:00,@SalmaNazmimuntana,telat gak bang?,Neutral,Neutral
2026-03-24 14:47:14,0:03:00,@beingfolklore,rumah template kh,Neutral,Neutral
2026-03-24 14:47:15,0:03:01,@pinkiespiie,MY,Neutral,Neutral
2026-03-24 14:47:15,0:03:01,@rauzan9873,mana subtitle nya bng,Neutral,Neutral
2026-03-24 14:47:15,0:03:01,@ErasmusPurba,bang,Neutral,Neutral
2026-03-24 14:47:15,0:03:01,@DirgantaraPutraDianto,my,Neutral,Neutral
2026-03-24 14:47:15,0:03:01,@MayMayyy22,templateeee,Neutral,Neutral
2026-03-24 14:47:15,0:03:01,@rizinanda3205,!sebutnamaku,Neutral,Neutral
2026-03-24 14:47:15,0:03:01,@beeituulebah,rumah template,Neutral,Neutral
2026-03-24 14:47:15,0:03:01,@melishachairunisa9657,rumahnya template,Neutral,Neutral
2026-03-24 14:47:15,0:03:01,@yizee-21,kek kenal,Neutral,Neutral
2026-03-24 14:47:16,0:03:02,@zaki33250,W,Neutral,Neutral
2026-03-24 14:47:16,0:03:02,@MohdakilAqhbar,ga ada subtitlenya bang ?,Neutral,Neutral
2026-03-24 14:47:16,0:03:02,@rendy_fzzz2992,my,Neutral,Neutral
2026-03-24 14:47:16,0:03:02,@KasmanDanraffi,telat gak bang,Neutral,Neutral
2026-03-24 14:47:16,0:03:02,@dikryakbar,my,Neutral,Neutral
2026-03-24 14:47:17,0:03:03,@zclipu,my,Neutral,Neutral
2026-03-24 14:47:17,0:03:03,@LwskHenZz-t6o,telat b,Neutral,Neutral
2026-03-24 14:47:18,0:03:04,@rhezaadhi2955,plek ketiplek njr mapnya,Neutral,Neutral
2026-03-24 14:47:18,0:03:04,@MuhammadfachrilFachril,hantu kah,Neutral,Neutral
2026-03-24 14:47:18,0:03:04,@perogeremmer,rumah template,Neutral,Neutral
2026-03-24 14:47:18,0:03:04,@apantzy969,mbg,Neutral,Neutral
2026-03-24 14:47:18,0:03:04,@Ravean-1s,aku aku aku aku,Neutral,Neutral
2026-03-24 14:47:18,0:03:04,@Zanzzx12,my,Neutral,Neutral
2026-03-24 14:47:18,0:03:04,@andre.TB.,kek kenal rumahnya bang,Neutral,Neutral
2026-03-24 14:47:18,0:03:04,@yolandarihi-2246,W grafik,Neutral,Neutral
2026-03-24 14:47:19,0:03:05,@mashiro5548,my jir,Neutral,Neutral
2026-03-24 14:47:19,0:03:05,@rafli-stfu1,replay?,Neutral,Neutral
2026-03-24 14:47:19,0:03:05,@greaceee,REPLAYYYY YA BANGGG?,Neutral,Neutral
2026-03-24 14:47:19,0:03:05,@ketrinanjungsari4351,demo,Neutral,Neutral
2026-03-24 14:47:19,0:03:05,@zephyr_ze,satu dev tah,Neutral,Neutral
2026-03-24 14:47:19,0:03:05,@sabilaawa,suaranya kecil bgt bang,Neutral,Neutral
2026-03-24 14:47:19,0:03:05,@zackyy1260,my,Neutral,Neutral
2026-03-24 14:47:20,0:03:06,@MARKICOB9,Replay,Neutral,Neutral
2026-03-24 14:47:20,0:03:06,@khalissanadine,BANG HAAALOO,Neutral,Neutral
2026-03-24 14:47:20,0:03:06,@ditogr1101,telat gak bang,Neutral,Neutral
2026-03-24 14:47:20,0:03:06,@DarlyLee-r9t,My,Neutral,Neutral
2026-03-24 14:47:20,0:03:06,@bilqiszalfa7232,my,Neutral,Neutral
2026-03-24 14:47:20,0:03:06,@sandraaulia08,KAYAK KENAL,Neutral,Neutral
2026-03-24 14:47:20,0:03:06,@hostfytalhcpunk,myy,Neutral,Neutral
2026-03-24 14:47:20,0:03:06,@jokoyuswoyo6254,horor gk bg,Neutral,Neutral
2026-03-24 14:47:21,0:03:07,@yoori_vx,cantik bg,Neutral,Neutral
2026-03-24 14:47:21,0:03:07,@szaniaaa,my,Neutral,Neutral
2026-03-24 14:47:21,0:03:07,@asyrafnaafiulahsansasaka2717,ASYRAF BANGG,Neutral,Neutral
2026-03-24 14:47:21,0:03:07,@vivijz1242,L listeni,Neutral,Neutral
2026-03-24 14:47:21,0:03:07,@Zenzz498,my,Neutral,Neutral
2026-03-24 14:47:21,0:03:07,@flyidgf,:cat_with_tears_of_joy::cat_with_tears_of_joy::cat_with_tears_of_joy:,Neutral,Neutral
2026-03-24 14:47:21,0:03:07,@eyinlovelumpia,gem demo,Neutral,Neutral
2026-03-24 14:47:21,0:03:07,@CiaoBlz,my,Neutral,Neutral
2026-03-24 14:47:21,0:03:07,@lovezjpg,ada wong,Neutral,Neutral
2026-03-24 14:47:21,0:03:07,@putriiiiajaa,template,Neutral,Neutral
2026-03-24 14:47:21,0:03:07,@prototype-w2n,halo bang,Neutral,Neutral
2026-03-24 14:47:21,0:03:07,@akhmadnurfauzan8340,DEMO GA SIH,Neutral,Neutral
2026-03-24 14:47:22,0:03:08,@acel5110,aku telat ga bang,Neutral,Neutral
2026-03-24 14:47:22,0:03:08,@ariesaja9823,plre,Neutral,Neutral
2026-03-24 14:47:22,0:03:08,@KayzuNR,subtitle nya nyalakan kocak,Neutral,Neutral
2026-03-24 14:47:23,0:03:09,@anaa8129,my,Neutral,Neutral
2026-03-24 14:47:23,0:03:09,@rrajennaa,sus,Neutral,Neutral
2026-03-24 14:47:23,0:03:09,@nuralifmuhammad2332,ini RE7 ya bang,Neutral,Neutral
2026-03-24 14:47:23,0:03:09,@WahabIfa,telat GK bg,Neutral,Neutral
2026-03-24 14:47:24,0:03:10,@seralia1233,wiii game seru lagi nih bang,Negative,Senang
2026-03-24 14:47:24,0:03:10,@MikasaBasudara681,sus windah :cat_with_tears_of_joy:,Neutral,Neutral
2026-03-24 14:47:25,0:03:11,@apa3986,myy,Neutral,Neutral
2026-03-24 14:47:25,0:03:11,@Xiizacho,Hallo bang,Neutral,Neutral
2026-03-24 14:47:25,0:03:11,@RizwarDede,my,Neutral,Neutral
2026-03-24 14:47:26,0:03:12,@cybelecalista8265,my,Neutral,Neutral
2026-03-24 14:47:26,0:03:12,@heyymaulida,my,Neutral,Neutral
2026-03-24 14:47:26,0:03:12,@Defandra3454,:face-turquoise-covering-eyes:,Neutral,Neutral
2026-03-24 14:47:27,0:03:13,@engenhypen07,windah sus,Neutral,Neutral
2026-03-24 14:47:27,0:03:13,@KingLeraf28,MYY BINII LOH YAAA,Neutral,Neutral
2026-03-24 14:47:27,0:03:13,@thebabycrazy6005,my,Neutral,Neutral
2026-03-24 14:47:27,0:03:13,@renra-d4t,bg windah kt elsa aku ga ganteng,Neutral,Neutral
2026-03-24 14:47:28,0:03:14,@whosaiditwasme,SUBTITLE BANG,Neutral,Neutral
2026-03-24 14:47:29,0:03:15,@ShellaKhornelia07,telat bgt ga bang?,Neutral,Neutral
2026-03-24 14:47:29,0:03:15,@AlfanNashiri,my,Neutral,Neutral
2026-03-24 14:47:30,0:03:16,@RimaMnaa,:face-purple-crying:,Neutral,Neutral
2026-03-24 14:47:31,0:03:17,@khairunnisac.a1647,mirip rumah kemarin bg:face-red-droopy-eyes:,Neutral,Neutral
2026-03-24 14:47:31,0:03:17,@alpannajah,my,Neutral,Neutral
2026-03-24 14:47:31,0:03:17,@cintayda,my bini gue,Neutral,Neutral
2026-03-24 14:47:31,0:03:17,@CakraJiwatama,L replay,Neutral,Neutral
2026-03-24 14:47:31,0:03:17,@bangaricha,my,Neutral,Neutral
2026-03-24 14:47:31,0:03:17,@RosWati-ru3ot,mana horor nya bang,Neutral,Neutral
2026-03-24 14:47:31,0:03:17,@muhammadghalyirfan9510,telat ga bang?,Neutral,Neutral
2026-03-24 14:47:31,0:03:17,@Xyxxtaazz,demnn,Neutral,Neutral
2026-03-24 14:47:31,0:03:17,@Zidan-ck4rd,my,Neutral,Neutral
2026-03-24 14:47:31,0:03:17,@YuraNaila,Eh emang ini replay ya? Jujur euy,Neutral,Neutral
2026-03-24 14:47:31,0:03:17,@erwinpark,replay,Neutral,Neutral
2026-03-24 14:47:32,0:03:18,@fauziiyaya,terimakasih bang sudah memberikan game berkualitas,Negative,Neutral
2026-03-24 14:47:32,0:03:18,@sebluk-s2f,halo bang eindah,Neutral,Neutral
2026-03-24 14:47:32,0:03:18,@cilmut-k5y,banggg maaf telatt,Neutral,Neutral
2026-03-24 14:47:32,0:03:18,@supriyanto5554,aaaalo alo bang,Neutral,Neutral
2026-03-24 14:47:32,0:03:18,@YasherAqilah,my,Neutral,Neutral
2026-03-24 14:47:32,0:03:18,@AndreCuy-h5w,my,Neutral,Neutral
2026-03-24 14:47:33,0:03:19,@yolandarihi-2246,W grafik,Neutral,Neutral
2026-03-24 14:47:34,0:03:20,@Arwidiyaa,Goooo,Neutral,Neutral
2026-03-24 14:47:35,0:03:21,@cyerhcapantik1599,rumahnya itu itu Mulu perasaan,Neutral,Neutral
2026-03-24 14:47:35,0:03:21,@Auralia-k5w,template rumah nya wkwkwk,Neutral,Neutral
2026-03-24 14:47:35,0:03:21,@MuhammadfadelGhazali,my,Neutral,Neutral
2026-03-24 14:47:36,0:03:22,@am-farhan_12,my,Neutral,Neutral
2026-03-24 14:47:36,0:03:22,@dive_1670,aduin mamah agnes guys,Neutral,Neutral
2026-03-24 14:47:36,0:03:22,@Jemessjti,replay,Neutral,Neutral
2026-03-24 14:47:36,0:03:22,@ILHAM-t3c7n,sussssss,Neutral,Neutral
2026-03-24 14:47:38,0:03:24,@famesss02,myy,Neutral,Neutral
2026-03-24 14:47:38,0:03:24,@Piyasamour,BAGUSAS,Neutral,Neutral
2026-03-24 14:47:38,0:03:24,@yunitaa265,ada filmnya itu,Neutral,Neutral
2026-03-24 14:47:39,0:03:25,@StokzeE-z8h,MANTAP TUH,Neutral,Senang
2026-03-24 14:47:39,0:03:25,@miwaaa444,my apa tadi,Neutral,Neutral
2026-03-24 14:47:39,0:03:25,@ella-w9g,cantikkk,Neutral,Neutral
2026-03-24 14:47:39,0:03:25,@Vianavril,my,Neutral,Neutral
2026-03-24 14:47:40,0:03:26,@chezeey_,MY BINI,Neutral,Neutral
2026-03-24 14:47:40,0:03:26,@idihh123,ad muka bg,Neutral,Neutral
2026-03-24 14:47:40,0:03:26,@sabilaawa,suars game kecil,Negative,Neutral
2026-03-24 14:47:40,0:03:26,@suzue009,sus,Neutral,Neutral
2026-03-24 14:47:41,0:03:27,@davinaa_aa,subtitlenya mn bangg:crying_face::crying_face:,Neutral,Neutral
2026-03-24 14:47:41,0:03:27,@Alalaya-g5j,kek kenal,Neutral,Neutral
2026-03-24 14:47:41,0:03:27,@faridcihuyy,MYYYYY,Neutral,Neutral
2026-03-24 14:47:41,0:03:27,@FINZ_aja,punya gw itu,Neutral,Neutral
2026-03-24 14:47:42,0:03:28,@ItzAsrafYt,my,Neutral,Neutral
2026-03-24 14:47:42,0:03:28,@PRIA-bp7iv,w,Neutral,Neutral
2026-03-24 14:47:42,0:03:28,@HalimahZahraHarahap,double,Neutral,Neutral
2026-03-24 14:47:42,0:03:28,@swikkkk-i6r,telat,Neutral,Neutral
2026-03-24 14:47:42,0:03:28,@AlfanNashiri,mym,Neutral,Neutral
2026-03-24 14:47:43,0:03:29,@flwrtyy,:face-orange-raised-eyebrow::face-orange-raised-eyebrow::face-orange-raised-eyebrow::face-orange-raised-eyebrow::face-orange-raised-eyebrow:,Neutral,Neutral
2026-03-24 14:47:43,0:03:29,@Akshitataa,game templete,Negative,Neutral
2026-03-24 14:47:43,0:03:29,@athayasyifalarasati7213,windah kinda sus,Neutral,Neutral
2026-03-24 14:47:43,0:03:29,@kuroomi8952,kayak kenal rumahnya bang,Neutral,Neutral
2026-03-24 14:47:43,0:03:29,@riipresett8001,aku bang,Neutral,Neutral
2026-03-24 14:47:44,0:03:30,@ReyyGantenk,my mbg,Neutral,Neutral
2026-03-24 14:47:44,0:03:30,@1Zure_Zu1y4,BANG MANA ILHAM,Neutral,Neutral
2026-03-24 14:47:44,0:03:30,@raditianradit,bang itu horor ga,Neutral,Neutral
2026-03-24 14:47:44,0:03:30,@Dn_4Ever,iklan,Neutral,Neutral
2026-03-24 14:47:45,0:03:31,@IbnuAkil-t2s,linda bukan?,Neutral,Neutral
2026-03-24 14:47:45,0:03:31,@isanzzwadidaw,kayak kenal rumahnya,Neutral,Neutral
2026-03-24 14:47:45,0:03:31,@MuhammadfadelGhazali,My,Neutral,Neutral
2026-03-24 14:47:45,0:03:31,@revaleoo,sus,Neutral,Neutral
2026-03-24 14:47:46,0:03:32,@aira4362,rumah template,Neutral,Neutral
2026-03-24 14:47:46,0:03:32,@aliarnggnis,bukan replay,Neutral,Neutral
2026-03-24 14:47:46,0:03:32,@juliamhrni7359,ini susah kah,Neutral,Neutral
2026-03-24 14:47:46,0:03:32,@veliPieOnAPan,emng ada orang yg suka sama karakter game:face_with_tears_of_joy::face_with_tears_of_joy:,Neutral,Senang
2026-03-24 14:47:46,0:03:32,@lalisaaaalisa,MYYYY,Neutral,Neutral
2026-03-24 14:47:47,0:03:33,@bimzcell200,sinopsi,Neutral,Neutral
2026-03-24 14:47:47,0:03:33,@KalebLebz,my,Neutral,Neutral
2026-03-24 14:47:47,0:03:33,@GaluhIkhwan-o5y,L iklan,Neutral,Neutral
2026-03-24 14:47:47,0:03:33,@AymanQori,susss,Neutral,Neutral
2026-03-24 14:47:47,0:03:33,@sellyputri3998,udah pernah main,Positive,Neutral
2026-03-24 14:47:47,0:03:33,@charlotteblack4574,MY,Neutral,Neutral
2026-03-24 14:47:47,0:03:33,@Cykuawa2a8,Sus,Neutral,Neutral
2026-03-24 14:47:47,0:03:33,@almiracellio3750,l iklan,Neutral,Neutral
2026-03-24 14:47:47,0:03:33,@plggaming5596,mirip rumah nenek gila,Neutral,Neutral
2026-03-24 14:47:47,0:03:33,@seorinaaaa,my,Neutral,Neutral
2026-03-24 14:47:48,0:03:34,@WindiSilpana,telat ga bang,Neutral,Neutral
2026-03-24 14:47:48,0:03:34,@Dzakwan-r6j,iklan,Neutral,Neutral
2026-03-24 14:47:48,0:03:34,@annasrizqiawan,bang ytelat ga bang,Neutral,Neutral
2026-03-24 14:47:48,0:03:34,@daliilahyusriyyah_,ngelag banggg,Neutral,Neutral
2026-03-24 14:47:48,0:03:34,@Natashamasli,susususususss,Neutral,Neutral
2026-03-24 14:47:48,0:03:34,@Arillll27,my,Neutral,Neutral
2026-03-24 14:47:48,0:03:34,@KevinBali-o4z,bang telat nga bang,Neutral,Neutral
2026-03-24 14:47:48,0:03:34,@Findmeinanotherplaceandtime,gk telat ka,Neutral,Neutral
2026-03-24 14:47:48,0:03:34,@wanzzrorrwww,MBG,Neutral,Neutral
2026-03-24 14:47:49,0:03:35,@FujiEndang,bang,Neutral,Neutral
2026-03-24 14:47:49,0:03:35,@noyieps,oh bkn replay yak,Neutral,Neutral
2026-03-24 14:47:49,0:03:35,@alpukatcoklat00,APAATUHHH,Neutral,Neutral
2026-03-24 14:47:49,0:03:35,@kim_n4vv,kaya pernah liat,Neutral,Neutral
2026-03-24 14:47:50,0:03:36,@Husna男,W game,Negative,Neutral
2026-03-24 14:47:50,0:03:36,@RahmawatiRindhu,ketingalan ga bg,Neutral,Neutral
2026-03-24 14:47:50,0:03:36,@danialies,template,Neutral,Neutral
2026-03-24 14:47:50,0:03:36,@bakpaurebus,w grafik,Neutral,Neutral
2026-03-24 14:47:51,0:03:37,@Esan2629,rumah nya kayak kenal,Neutral,Neutral
2026-03-24 14:47:52,0:03:38,@adedarmawan3932,apaan tuh,Neutral,Neutral
2026-03-24 14:47:52,0:03:38,@dhiyakthood807,game demo,Negative,Neutral
2026-03-24 14:47:52,0:03:38,@MikasaBasudara681,kek kenal rumahnya,Neutral,Neutral
2026-03-24 14:47:52,0:03:38,@igmhmmdantsnaa,replay ini kan,Neutral,Neutral
2026-03-24 14:47:52,0:03:38,@nandaasyaadah.0,bang telat ga bang hehe,Neutral,Neutral
2026-03-24 14:47:53,0:03:39,@amirulazim7840,myyyy,Neutral,Neutral
2026-03-24 14:47:53,0:03:39,@adolfgoren6307,bang telat ga,Neutral,Neutral
2026-03-24 14:47:53,0:03:39,@rendy_fzzz2992,rumah template,Neutral,Neutral
2026-03-24 14:47:53,0:03:39,@AlfanNashiri,my,Neutral,Neutral
2026-03-24 14:47:53,0:03:39,@Gojo1030,sus,Neutral,Neutral
2026-03-24 14:47:53,0:03:39,@indlifee,my,Neutral,Neutral
2026-03-24 14:47:53,0:03:39,@achaa8928,ai,Neutral,Neutral
2026-03-24 14:47:54,0:03:40,@Deep_1967,L iklan,Neutral,Neutral
2026-03-24 14:47:54,0:03:40,@anggapruru,telat ga bg,Neutral,Neutral
2026-03-24 14:47:54,0:03:40,@andre.TB.,rumah nya kek kenal bang,Neutral,Neutral
2026-03-24 14:47:54,0:03:40,@AnimeLovers-u4e,my,Neutral,Neutral
2026-03-24 14:47:54,0:03:40,@Fahmi115-s7s,horor gak suh,Neutral,Neutral
2026-03-24 14:47:54,0:03:40,@FINZ_aja,windah matanya kemana hayoo,Neutral,Neutral
2026-03-24 14:47:54,0:03:40,@AbyanSuleman-y6e,OMAIGATT,Neutral,Neutral
2026-03-24 14:47:54,0:03:40,@gasandimas2745,BANGGGG TELAT GA,Neutral,Neutral
2026-03-24 14:47:54,0:03:40,@SANCYFRYGeoda,rumahnya sama kayak yang kemaren,Neutral,Neutral
2026-03-24 14:47:55,0:03:41,@isanzzwadidaw,Kel kenal rumahnya,Neutral,Neutral
2026-03-24 14:47:55,0:03:41,@Yami-Nt,L my,Neutral,Neutral
2026-03-24 14:47:55,0:03:41,@zkiaja,mbg,Neutral,Neutral
2026-03-24 14:47:55,0:03:41,@almionk,bang kok gak nyapa nyapa,Neutral,Neutral
2026-03-24 14:47:56,0:03:42,@morislavklaus6569,bang coba liat cewenya dari depan,Neutral,Neutral
2026-03-24 14:47:56,0:03:42,@MuhdHakimi-f9q,my,Neutral,Neutral
2026-03-24 14:47:56,0:03:42,@riipresett8001,bang windah tanfan,Neutral,Neutral
2026-03-24 14:47:56,0:03:42,@BayuLabib,musik nya h9rir,Neutral,Neutral
2026-03-24 14:47:56,0:03:42,@nayira-g3f2b,y,Neutral,Neutral
2026-03-24 14:47:57,0:03:43,@Ranthyghina_88Ghina,gw,Neutral,Neutral
2026-03-24 14:47:58,0:03:44,@elizabetnoviliani,bang telat ga,Neutral,Neutral
2026-03-24 14:47:59,0:03:45,@NanaLala-bi7pv,akuu,Neutral,Neutral
2026-03-24 14:47:59,0:03:45,@aryarashardy7956,gg,Neutral,Neutral
2026-03-24 14:47:59,0:03:45,@chalrin,l,Neutral,Neutral
2026-03-24 14:48:00,0:03:46,@flwrtyy,:face-red-droopy-eyes::face-red-droopy-eyes::face-red-droopy-eyes:,Neutral,Neutral
2026-03-24 14:48:00,0:03:46,@aliarnggnis,W,Neutral,Neutral
2026-03-24 14:48:00,0:03:46,@MohdakilAqhbar,W GAME,Negative,Neutral
2026-03-24 14:48:01,0:03:47,@Alfinzzz-geming,my,Neutral,Neutral
2026-03-24 14:48:01,0:03:47,@graclean-yuan,telat ga bang,Neutral,Neutral
2026-03-24 14:48:02,0:03:48,@Xyxxtaazz,my,Neutral,Neutral
2026-03-24 14:48:02,0:03:48,@RonniiRoo,mbg,Neutral,Neutral
2026-03-24 14:48:03,0:03:49,@puputwist,bang suara pas,Neutral,Neutral
2026-03-24 14:48:03,0:03:49,@sandy1351,My,Neutral,Neutral
2026-03-24 14:48:03,0:03:49,@oejisak,my,Neutral,Neutral
2026-03-24 14:48:03,0:03:49,@Hoskies,clickbait jir,Neutral,Neutral
2026-03-24 14:48:04,0:03:50,@engenhypen07,game dengan kul,Negative,Neutral
2026-03-24 14:48:04,0:03:50,@ashaa.blubub,telat ga bang,Neutral,Neutral
2026-03-24 14:48:04,0:03:50,@onlynayee,W game,Negative,Neutral
2026-03-24 14:48:04,0:03:50,@oneoflyaaa5391,keren kayak re,Neutral,Neutral
2026-03-24 14:48:04,0:03:50,@anetjagoaneon,game 10 jam kah bang,Negative,Neutral
2026-03-24 14:48:04,0:03:50,@Hidayas09,TELAT GK BGGG,Neutral,Neutral
2026-03-24 14:48:04,0:03:50,@Zidan-ck4rd,my,Neutral,Neutral
2026-03-24 14:48:05,0:03:51,@annasrizqiawan,bang telat ga bang,Neutral,Neutral
2026-03-24 14:48:05,0:03:51,@Vanzzbg-f4m,hd banget bamg windah live nya dan game nya,Negative,Neutral
2026-03-24 14:48:05,0:03:51,@vinnanatasya,rumahnya kaya yg di insidious,Neutral,Neutral
2026-03-24 14:48:05,0:03:51,@HotrijonSipayung-yc3iq,myy,Neutral,Neutral
2026-03-24 14:48:06,0:03:52,@yufenmaria7554,my kah?,Neutral,Neutral
2026-03-24 14:48:06,0:03:52,@adeodataelisabethseliseng5111,cewek nya mirip ai,Neutral,Neutral
2026-03-24 14:48:06,0:03:52,@rayhandmuhammad4454,akuu,Neutral,Neutral
2026-03-24 14:48:06,0:03:52,@df4ibm.,L game,Negative,Neutral
2026-03-24 14:48:07,0:03:53,@eslynn0811,BANGG TELAT GAAA,Neutral,Neutral
2026-03-24 14:48:07,0:03:53,@AnakAgungRickyBrahmantya-ov8kq,ada wjah dikanan tdi,Neutral,Neutral
2026-03-24 14:48:08,0:03:54,@Kiellzz,cantik bangt,Neutral,Neutral
2026-03-24 14:48:08,0:03:54,@Nyawit_duluGKSI,HAHAHAHAA,Neutral,Neutral
2026-03-24 14:48:08,0:03:54,@jokoyuswoyo6254,horor gk bg,Neutral,Neutral
2026-03-24 14:48:09,0:03:55,@FajarSakti-x7n,re4 remake,Neutral,Neutral
2026-03-24 14:48:09,0:03:55,@ezetpisan,sapa aku bang kata ilham,Neutral,Neutral
2026-03-24 14:48:09,0:03:55,@auroraabocilabsen,kaya resident,Neutral,Neutral
2026-03-24 14:48:10,0:03:56,@AlpianAnjayMabar,Lampu bang,Neutral,Neutral
2026-03-24 14:48:10,0:03:56,@m.a.v-017,y,Neutral,Neutral
2026-03-24 14:48:10,0:03:56,@beingfolklore,rumahnya BARU bgt,Neutral,Neutral
2026-03-24 14:48:11,0:03:57,@HilDan-xc3xt,my,Neutral,Neutral
2026-03-24 14:48:11,0:03:57,@Zyuu02,karbiet pun datang:cat_with_tears_of_joy:,Neutral,Neutral
2026-03-24 14:48:11,0:03:57,@rizkysyarif370,gila mode gereni,Neutral,Neutral
2026-03-24 14:48:12,0:03:58,@AuliyaRahma-u5p6f,gaskan bang,Neutral,Neutral
2026-03-24 14:48:12,0:03:58,@muhammadalisodikin8601,aku,Neutral,Neutral
2026-03-24 14:48:12,0:03:58,@JulianDecka,MY kisah gw tuh,Neutral,Neutral
2026-03-24 14:48:13,0:03:59,@arijering,rumahnya kek kenal,Neutral,Neutral
2026-03-24 14:48:14,0:04:00,@scnaa.a,mirip rumah yg di game kemaren bang,Negative,Neutral
2026-03-24 14:48:14,0:04:00,@indrisayangpapawindut,pas,Neutral,Neutral
2026-03-24 14:48:14,0:04:00,@igmhmmdantsnaa,ini replay apa ga bg,Neutral,Neutral
2026-03-24 14:48:15,0:04:01,@Hilmiy0127,mbg,Neutral,Neutral
2026-03-24 14:48:15,0:04:01,@strawsiees,rumahnya kek kenal,Neutral,Neutral
2026-03-24 14:48:15,0:04:01,@RiffatRiffatgg,bini gua,Neutral,Neutral
2026-03-24 14:48:16,0:04:02,@seraphinaXO77,game apa ini bang,Negative,Neutral
2026-03-24 14:48:17,0:04:03,@LiaAndini-h4n,awas nanti jamsker,Neutral,Neutral
2026-03-24 14:48:18,0:04:04,@loverlyy.dif4,telat ga bg?,Neutral,Neutral
2026-03-24 14:48:18,0:04:04,@SadaoMaou_UltReady4U,Subtitle bang,Neutral,Neutral
2026-03-24 14:48:18,0:04:04,@balledist,pikir secara logila,Neutral,Neutral
2026-03-24 14:48:18,0:04:04,@KevinBali-o4z,bang telat ng,Neutral,Neutral
2026-03-24 14:48:19,0:04:05,@lukee8iu,bahasa,Neutral,Neutral
2026-03-24 14:48:19,0:04:05,@sasaanakbaik_,kek kenal bg rumahnya,Neutral,Neutral
2026-03-24 14:48:19,0:04:05,@Vianavril,my,Neutral,Neutral
2026-03-24 14:48:19,0:04:05,@ArdiJanuar-v3u,telat g,Neutral,Neutral
2026-03-24 14:48:19,0:04:05,@Furqanmaruf-i5,yoooooo,Neutral,Neutral
2026-03-24 14:48:19,0:04:05,@nnanawall,duhhhh,Negative,Neutral
2026-03-24 14:48:20,0:04:06,@tokoh_x,mbg gua bg,Neutral,Neutral
2026-03-24 14:48:20,0:04:06,@adindashaqialawiyah9142,demoo,Neutral,Neutral
2026-03-24 14:48:20,0:04:06,@nandapandu1977,my,Neutral,Neutral
2026-03-24 14:48:20,0:04:06,@onosetiapermana,lag,Neutral,Neutral
2026-03-24 14:48:20,0:04:06,@pasyapramana5250,PC kentang,Neutral,Neutral
2026-03-24 14:48:21,0:04:07,@luluwanda,kek kenal rumahnya,Neutral,Neutral
2026-03-24 14:48:21,0:04:07,@nurulaeni1388,L replay,Neutral,Neutral
2026-03-24 14:48:21,0:04:07,@AndiAtamaUnruBaso,halo bang,Neutral,Neutral
2026-03-24 14:48:21,0:04:07,@hndxpp,pc kentung,Neutral,Neutral
2026-03-24 14:48:21,0:04:07,@YantoElite-l6b,bang aku telat ga,Neutral,Neutral
2026-03-24 14:48:21,0:04:07,@Fawwacy,bangg telat gk,Neutral,Neutral
2026-03-24 14:48:22,0:04:08,@NizarRama182,Game Demo,Negative,Neutral
2026-03-24 14:48:22,0:04:08,@yyaa90,kentang,Neutral,Neutral
2026-03-24 14:48:22,0:04:08,@mouldifrgwn,ini horor,Neutral,Neutral
2026-03-24 14:48:22,0:04:08,@withesyaa,BANG KATA ILHAM SUARA GAME PAS LANJUT AJA GAMENYA,Negative,Neutral
2026-03-24 14:48:22,0:04:08,@nanaaa423,pas,Neutral,Neutral
2026-03-24 14:48:22,0:04:08,@m.radityaakbar7127,bini,Neutral,Neutral
2026-03-24 14:48:23,0:04:09,@Nasgorcihuy,ada karbit,Neutral,Neutral
2026-03-24 14:48:23,0:04:09,@ganteng30000,scam!!!,Neutral,Neutral
2026-03-24 14:48:23,0:04:09,@PalzzRaullllll,telat ga bang,Neutral,Neutral
2026-03-24 14:48:24,0:04:10,@tzkiazara2224,cantik nyaaa,Neutral,Neutral
2026-03-24 14:48:24,0:04:10,@farazka2915,Template game nya,Negative,Neutral
2026-03-24 14:48:24,0:04:10,@jokoyuswoyo6254,horor gk bg,Neutral,Neutral
2026-03-24 14:48:24,0:04:10,@AdhwaNaeemah,suara game kurag bng,Negative,Neutral
2026-03-24 14:48:25,0:04:11,@mintarsihoke,PC kentang,Neutral,Neutral
2026-03-24 14:48:25,0:04:11,@clown_west,kentang,Neutral,Neutral
2026-03-24 14:48:26,0:04:12,@IndahZakiyah-n9f6o,bang telat ga,Neutral,Neutral
2026-03-24 14:48:26,0:04:12,@ayulvu,BG SAPA AKKK,Neutral,Neutral
2026-03-24 14:48:27,0:04:13,@Lyoraimup,kayaknya mirip linda y?,Neutral,Neutral
2026-03-24 14:48:27,0:04:13,@raramargaret,potato,Neutral,Neutral
2026-03-24 14:48:27,0:04:13,@iqbalferiansyah2162,pusing bang,Neutral,Neutral
2026-03-24 14:48:27,0:04:13,@Rapiiiyyy221,MY WIFE,Neutral,Neutral
2026-03-24 14:48:27,0:04:13,@zackyy1260,my,Neutral,Neutral
2026-03-24 14:48:28,0:04:14,@TRICKSTSKR,halo bang jalan kah,Neutral,Neutral
2026-03-24 14:48:28,0:04:14,@beachszaa,bang windah,Neutral,Neutral
2026-03-24 14:48:28,0:04:14,@entfremdungboy,maaf bg aku telat,Neutral,Neutral
2026-03-24 14:48:28,0:04:14,@manizwolfy124,itu my bini bg,Neutral,Neutral
2026-03-24 14:48:28,0:04:14,@nblgst,pov badannya ganggu,Neutral,Neutral
2026-03-24 14:48:29,0:04:15,@Hidayas09,TELAT GK BGG??,Neutral,Neutral
2026-03-24 14:48:30,0:04:16,@vierend9110,telat ga bang,Neutral,Neutral
2026-03-24 14:48:30,0:04:16,@shycee-o2z,LANGSUNG BERHENTI GUA NONTON DRACHIN PAS LIAT NOTIF WINDAH LIVE:loudly_crying_face:,Neutral,Neutral
2026-03-24 14:48:30,0:04:16,@muhamadfarhan5045,demo,Neutral,Neutral
2026-03-24 14:48:30,0:04:16,@heyymaulida,rumah template jir,Neutral,Neutral
2026-03-24 14:48:30,0:04:16,@rinn-qo5tz,gelapp bg,Neutral,Neutral
2026-03-24 14:48:30,0:04:16,@desitaamelia2374,ini game horor kah bang?,Negative,Neutral
2026-03-24 14:48:31,0:04:17,@Xyyvera,kayak kenal bg,Neutral,Neutral
2026-03-24 14:48:31,0:04:17,@BeryBerryAwesome,rumah ex girlfriend gila,Neutral,Neutral
2026-03-24 14:48:32,0:04:18,@putra1-s5u,suaragame pas bg,Neutral,Neutral
2026-03-24 14:48:33,0:04:19,@keziacarolina3314,template,Neutral,Neutral
2026-03-24 14:48:33,0:04:19,@RaffaHarinugroho,hai bang windah,Neutral,Neutral
2026-03-24 14:48:33,0:04:19,@piaa-sh1n,BANG SAPA AKU,Neutral,Neutral
2026-03-24 14:48:33,0:04:19,@flwrtyy,:face-orange-raised-eyebrow:,Neutral,Neutral
2026-03-24 14:48:33,0:04:19,@acraraAa,rumahnya kaya kenal bang,Neutral,Neutral
2026-03-24 14:48:34,0:04:20,@muhammadalisodikin8601,telat ga bang,Neutral,Neutral
2026-03-24 14:48:34,0:04:20,@miwwamwa,L subtitles,Neutral,Neutral
2026-03-24 14:48:34,0:04:20,@KrustyKrabby-h1e4p,kaya kenal,Neutral,Neutral
2026-03-24 14:48:34,0:04:20,@syakinahtuzahra710,udah sembuh kah bang?,Neutral,Neutral
2026-03-24 14:48:34,0:04:20,@dimasmentai-u,malam bang windah,Neutral,Neutral
2026-03-24 14:48:34,0:04:20,@CarissaMaheswari,kaya game kemarin,Negative,Neutral
2026-03-24 14:48:34,0:04:20,@HikmalAkbar29,:face-blue-smiling:,Neutral,Neutral
2026-03-24 14:48:35,0:04:21,@annasrizqiawan,re 9 lebi9h bagus bang,Neutral,Neutral
2026-03-24 14:48:35,0:04:21,@FakhriFadhil-v3i6r,myy,Neutral,Neutral
2026-03-24 14:48:35,0:04:21,@ArumiSanaya-b3h,gelap kak,Neutral,Neutral
2026-03-24 14:48:35,0:04:21,@sendi12-oo,w game,Negative,Neutral
2026-03-24 14:48:36,0:04:22,@idihh123,kentang,Neutral,Neutral
2026-03-24 14:48:36,0:04:22,@Leahlikesdumplings_3,L game,Negative,Neutral
2026-03-24 14:48:36,0:04:22,@Jhe-ob,L,Neutral,Neutral
2026-03-24 14:48:36,0:04:22,@difa-s9x,hi hallo hi,Neutral,Neutral
2026-03-24 14:48:36,0:04:22,@nnanawall,"ko gaada sih, L game",Negative,Neutral
2026-03-24 14:48:36,0:04:22,@alkhairyhaszra3922,bg gthn,Neutral,Neutral
2026-03-24 14:48:36,0:04:22,@LinaHerlina-q6u,bangg,Neutral,Neutral
2026-03-24 14:48:37,0:04:23,@IriaRhodel4,L iklan,Neutral,Neutral
2026-03-24 14:48:37,0:04:23,@albyandraaaaaa,:cat-orange-whistling:,Neutral,Neutral
2026-03-24 14:48:37,0:04:23,@DenisSaputra-qi8my,my,Neutral,Neutral
2026-03-24 14:48:37,0:04:23,@AndiAtamaUnruBaso,bang maaf telat,Neutral,Neutral
2026-03-24 14:48:37,0:04:23,@LAZYCrazy-o5g,my kisah,Neutral,Neutral
2026-03-24 14:48:37,0:04:23,@MuhammadfadelGhazali,.y,Neutral,Neutral
2026-03-24 14:48:38,0:04:24,@clashout06,itu,Neutral,Neutral
2026-03-24 14:48:38,0:04:24,@adindashaqialawiyah9142,demoo,Neutral,Neutral
2026-03-24 14:48:38,0:04:24,@pikriii0122,:potato::potato::potato:,Neutral,Neutral
2026-03-24 14:48:39,0:04:25,@AnnisaAja-yt4pz,my,Neutral,Neutral
2026-03-24 14:48:39,0:04:25,@thereyanzz,BANG LIAT KARAKTER NYA,Neutral,Neutral
2026-03-24 14:48:39,0:04:25,@doremibasodara9853,dari steam kah bang atau gimana?,Neutral,Neutral
2026-03-24 14:48:39,0:04:25,@RaditsRobert,kentang,Neutral,Neutral
2026-03-24 14:48:40,0:04:26,@Nar_Ng,game gooner,Negative,Neutral
2026-03-24 14:48:40,0:04:26,@arijering,kek kenal rumahnya,Neutral,Neutral
2026-03-24 14:48:40,0:04:26,@nabillarizkyshalunissa5494,L,Neutral,Neutral
2026-03-24 14:48:40,0:04:26,@manizwolfy124,bang subtitle pls,Neutral,Neutral
2026-03-24 14:48:40,0:04:26,@checilyafitriana2882,:face-blue-wide-eyes:,Neutral,Neutral
2026-03-24 14:48:40,0:04:26,@alfitodimasprasetyo,mirip rumah yg pembunuh,Neutral,Neutral
2026-03-24 14:48:41,0:04:27,@NauraOya-p2l,bahasa Indonesia ga ada bang?,Neutral,Neutral
2026-03-24 14:48:41,0:04:27,@al-asmodeus1312,my,Neutral,Neutral
2026-03-24 14:48:41,0:04:27,@ichaadipanggilnengok,ga nanya,Neutral,Neutral
2026-03-24 14:48:41,0:04:27,@johngrite6,kurangin fov nya bang,Neutral,Neutral
2026-03-24 14:48:41,0:04:27,@AuliyaRahma-u5p6f,gaskan bang,Neutral,Neutral
2026-03-24 14:48:42,0:04:28,@Furqanmaruf-i5,bhgh,Neutral,Neutral
2026-03-24 14:48:42,0:04:28,@fikoey9236,bang rumahnya template bang,Neutral,Neutral
2026-03-24 14:48:42,0:04:28,@mzzue,IHHH TKTNYEE,Neutral,Neutral
2026-03-24 14:48:42,0:04:28,@rasyaaa_a,my,Neutral,Neutral
2026-03-24 14:48:42,0:04:28,@chelle_disini,HALLO BANGGG,Neutral,Neutral
2026-03-24 14:48:42,0:04:28,@cannnnntan130,rumahnya template bngt,Neutral,Neutral
2026-03-24 14:48:44,0:04:30,@latusyia,el gem,Neutral,Neutral
2026-03-24 14:48:44,0:04:30,@alghoniyu787,telat gk bang,Neutral,Neutral
2026-03-24 14:48:44,0:04:30,@tokoh_x,bini gw tuh,Neutral,Neutral
2026-03-24 14:48:45,0:04:31,@aiueoo_0,kaya kenal,Neutral,Neutral
2026-03-24 14:48:45,0:04:31,@Billy-l9l8y,L pc,Neutral,Neutral
2026-03-24 14:48:45,0:04:31,@miftabb5237,my,Neutral,Neutral
2026-03-24 14:48:45,0:04:31,@jstna4dd,my,Neutral,Neutral
2026-03-24 14:48:45,0:04:31,@raditianradit,TELAT GA BANG,Neutral,Neutral
2026-03-24 14:48:45,0:04:31,@muhammadamirmahmudin3382,REPLAY YAA,Neutral,Neutral
2026-03-24 14:48:45,0:04:31,@aca_redfield,SOOO KRISPI,Neutral,Neutral
2026-03-24 14:48:46,0:04:32,@NizarRama182,New Game,Negative,Neutral
2026-03-24 14:48:46,0:04:32,@kutun107,GK nya Oliver Kahn,Neutral,Neutral
2026-03-24 14:48:46,0:04:32,@khowarizmidikara,my,Neutral,Neutral
2026-03-24 14:48:46,0:04:32,@nerishasafitri9629,:face-orange-biting-nails:,Neutral,Neutral
2026-03-24 14:48:47,0:04:33,@faisalelele,telat gk dek,Neutral,Neutral
2026-03-24 14:48:48,0:04:34,@JuhiSedat,my,Neutral,Neutral
2026-03-24 14:48:48,0:04:34,@creativemode3864,Telat Bange kayakya I bG,Neutral,Neutral
2026-03-24 14:48:48,0:04:34,@JusT.PR3tty_Qaii,rumah nya kayak game yang kemaren bg :loudly_crying_face::loudly_crying_face:,Negative,Neutral
2026-03-24 14:48:49,0:04:35,@Kiellzz,TEMPLATEEEEE,Neutral,Neutral
2026-03-24 14:48:49,0:04:35,@faridaayaw,bang telat ga bang,Neutral,Neutral
2026-03-24 14:48:49,0:04:35,@Fjr-f8p,:last_track_button::play_button::next_track_button:,Neutral,Neutral
2026-03-24 14:48:50,0:04:36,@paridiii,bang telat gak bg,Neutral,Neutral
2026-03-24 14:48:50,0:04:36,@DenkAslixx,kocak :moai:,Neutral,Neutral
2026-03-24 14:48:50,0:04:36,@Rapiiiyyy221,my kisah,Neutral,Neutral
2026-03-24 14:48:50,0:04:36,@SuperRana-09,game demo lagi,Negative,Neutral
2026-03-24 14:48:50,0:04:36,@Esan2629,emang nya ni live replay?,Positive,Neutral
2026-03-24 14:48:51,0:04:37,@sayangpapiwindah,PAPIIIII TELAT GAAA,Neutral,Neutral
2026-03-24 14:48:51,0:04:37,@annisaaa123-e3u7k,telatt gaa,Neutral,Neutral
2026-03-24 14:48:51,0:04:37,@nanarajju,my,Neutral,Neutral
2026-03-24 14:48:51,0:04:37,@HhhhgfHshdhhd,telat gak windah jadul,Neutral,Neutral
2026-03-24 14:48:51,0:04:37,@Vianavril,my,Neutral,Neutral
2026-03-24 14:48:52,0:04:38,@DANGCOK,!discord,Neutral,Neutral
2026-03-24 14:48:52,0:04:38,@AnnisaAja-yt4pz,rumah ini lagi,Neutral,Neutral
2026-03-24 14:48:52,0:04:38,@lasonrisademay,BANG TELAT NGGA BANGGGGGGGGGGGGG,Neutral,Neutral
2026-03-24 14:48:52,0:04:38,@NEVILZZ30,so winner the winner,Neutral,Neutral
2026-03-24 14:48:52,0:04:38,@piskaaaaa-s1q,kok kaya game semalem bang,Negative,Neutral
2026-03-24 14:48:52,0:04:38,@salominiasas,l pc,Neutral,Neutral
2026-03-24 14:48:52,0:04:38,@Nev_v1,game demo kah,Negative,Neutral
2026-03-24 14:48:52,0:04:38,@mohammadarifudin362,mc nya cantik bjir bang,Neutral,Neutral
2026-03-24 14:48:52,0:04:38,@Purnamasari_Xavier_Official27,:face-red-droopy-eyes:,Neutral,Neutral
2026-03-24 14:48:52,0:04:38,@pgsd1C-s6g,BANG AKU PAKE AKUN KELAS,Neutral,Neutral
2026-03-24 14:48:52,0:04:38,@nanankipoel2721,rumah nya ini ini mulu,Neutral,Neutral
2026-03-24 14:48:52,0:04:38,@ashagemec,KY REPLAY,Neutral,Neutral
2026-03-24 14:48:53,0:04:39,@DevaniKaramoy,language,Neutral,Neutral
2026-03-24 14:48:53,0:04:39,@GOJOSATORUJJK-p7c,bang windah halo,Neutral,Neutral
2026-03-24 14:48:53,0:04:39,@puputwist,aku bang,Neutral,Neutral
2026-03-24 14:48:53,0:04:39,@Vinzzet1830,aku,Neutral,Neutral
2026-03-24 14:48:54,0:04:40,@alfarogabrielronaldo8277,aku bang,Neutral,Neutral
2026-03-24 14:48:54,0:04:40,@putrasengkuyung86,BANGGG AKU SAMPE CROOT DIKIIT,Neutral,Neutral
2026-03-24 14:48:54,0:04:40,@piownier,AKUUUU,Neutral,Neutral
2026-03-24 14:48:54,0:04:40,@idihh123,aku bg,Neutral,Neutral
2026-03-24 14:48:54,0:04:40,@ReinaD.ackerman-yx1dm,baru main bang?,Positive,Neutral
2026-03-24 14:48:54,0:04:40,@Anonym_anomali,Game 10 menit,Negative,Neutral
2026-03-24 14:48:54,0:04:40,@dwikisp5831,AKU,Neutral,Neutral
2026-03-24 14:48:54,0:04:40,@akbaralfarizi8165,AKUUUU,Neutral,Neutral
2026-03-24 14:48:54,0:04:40,@DimasSadboy-t29,my,Neutral,Neutral
2026-03-24 14:48:54,0:04:40,@Azzahhgf,aku,Neutral,Neutral
2026-03-24 14:48:55,0:04:41,@ZidanZain-vw7lo,aku,Neutral,Neutral
2026-03-24 14:48:55,0:04:41,@tzeiinn,AKUU,Neutral,Neutral
2026-03-24 14:48:55,0:04:41,@Lukman-De,akuuuu,Neutral,Neutral
2026-03-24 14:48:55,0:04:41,@AbdulRohim-n8u,aku,Neutral,Neutral
2026-03-24 14:48:55,0:04:41,@aiethekid,AKU,Neutral,Neutral
2026-03-24 14:48:55,0:04:41,@MuhdHakimi-f9q,my,Neutral,Neutral
2026-03-24 14:48:55,0:04:41,@AhmadAlif-k7j,aku,Neutral,Neutral
2026-03-24 14:48:55,0:04:41,@al-asmodeus1312,my,Neutral,Neutral
2026-03-24 14:48:55,0:04:41,@sesenainggolan,akuuu,Neutral,Neutral
2026-03-24 14:48:55,0:04:41,@noyieps,AKUUUUUU,Neutral,Neutral
2026-03-24 14:48:56,0:04:42,@24ddias,akuuuuuu,Neutral,Neutral
2026-03-24 14:48:56,0:04:42,@putrifarina7217,aku,Neutral,Neutral
2026-03-24 14:48:56,0:04:42,@Zenith_UGC56,hadir,Neutral,Neutral
2026-03-24 14:48:56,0:04:42,@AkmalBastian,aku,Neutral,Neutral
2026-03-24 14:48:56,0:04:42,@Apid8,akuu,Neutral,Neutral
2026-03-24 14:48:56,0:04:42,@Ravean-1s,AKU BANG,Neutral,Neutral
2026-03-24 14:48:56,0:04:42,@putra1-s5u,aku,Neutral,Neutral
2026-03-24 14:48:56,0:04:42,@idrusalhatsby8735,aku bang,Neutral,Neutral
2026-03-24 14:48:56,0:04:42,@saskaratrangganasuari3740,akuu,Neutral,Neutral
2026-03-24 14:48:56,0:04:42,@pijaauwwimupss,aku,Neutral,Neutral
2026-03-24 14:48:56,0:04:42,@nayra-azz,aku,Neutral,Neutral
2026-03-24 14:48:56,0:04:42,@BerryGyuriii,HERLAMBANG,Neutral,Neutral
2026-03-24 14:48:56,0:04:42,@Ziza_q14,Akuakuakuaku,Neutral,Neutral
2026-03-24 14:48:56,0:04:42,@AhangHadian,akuuuuu,Neutral,Neutral
2026-03-24 14:48:56,0:04:42,@piaa-sh1n,aku,Neutral,Neutral
2026-03-24 14:48:56,0:04:42,@AldiyansahAldiyansah-p2b,aku,Neutral,Neutral
2026-03-24 14:48:56,0:04:42,@3Elnn,aku,Neutral,Neutral
2026-03-24 14:48:56,0:04:42,@aaAkarrii,YUHUU,Neutral,Neutral
2026-03-24 14:48:56,0:04:42,@JulianDecka,hadir bg,Neutral,Neutral
2026-03-24 14:48:56,0:04:42,@cheaaaAaa.f,akuuuuuu,Neutral,Neutral
2026-03-24 14:48:57,0:04:43,@Rei_loveudon,aku bang,Neutral,Neutral
2026-03-24 14:48:57,0:04:43,@jojojowaaa,AKU BANG,Neutral,Neutral
2026-03-24 14:48:57,0:04:43,@DenisSaputra-qi8my,my,Neutral,Neutral
2026-03-24 14:48:57,0:04:43,@beachszaa,:thanksdoc::thanksdoc::thanksdoc::yt::stopwatch-blue-hand-timer::goodvibes::goodvibes:,Neutral,Neutral
2026-03-24 14:48:57,0:04:43,@FADILY_BOSQU,RIZKI HADIR,Neutral,Neutral
2026-03-24 14:48:57,0:04:43,@intanrefinaleping,REFINAAA,Neutral,Neutral
2026-03-24 14:48:57,0:04:43,@Riel-vnlyy,ak,Neutral,Neutral
2026-03-24 14:48:57,0:04:43,@18Hamm,:hand-pink-waving:,Neutral,Neutral
2026-03-24 14:48:57,0:04:43,@orang5942,akuu,Neutral,Neutral
2026-03-24 14:48:57,0:04:43,@Vanya_ciw,VAAANYYYYAAAA,Neutral,Neutral
2026-03-24 14:48:57,0:04:43,@kei-xc1kx,keiii,Neutral,Neutral
2026-03-24 14:48:57,0:04:43,@pittaaw.2505,tata,Neutral,Neutral
2026-03-24 14:48:57,0:04:43,@clown_west,AKU ELLAA,Neutral,Neutral
2026-03-24 14:48:57,0:04:43,@ela8170,aku,Neutral,Neutral
2026-03-24 14:48:57,0:04:43,@nallengeulis,aku,Neutral,Neutral
2026-03-24 14:48:57,0:04:43,@putriainnia,AKU,Neutral,Neutral
2026-03-24 14:48:57,0:04:43,@lediaulfit4232,miaa bangg,Neutral,Neutral
2026-03-24 14:48:57,0:04:43,@muhammadsenna,suara nya delay bang,Neutral,Neutral
2026-03-24 14:48:57,0:04:43,@adnanmaulana8936,aku,Neutral,Neutral
2026-03-24 14:48:58,0:04:44,@dynun,kaya tau,Neutral,Neutral
2026-03-24 14:48:58,0:04:44,@pikriii0122,my,Neutral,Neutral
2026-03-24 14:48:58,0:04:44,@jararollst,AKU BANGGGG,Neutral,Neutral
2026-03-24 14:48:58,0:04:44,@lviruxie,AKU AKU,Neutral,Neutral
2026-03-24 14:48:58,0:04:44,@indranazar4071,indra,Neutral,Neutral
2026-03-24 14:48:58,0:04:44,@johngrite6,aku,Neutral,Neutral
2026-03-24 14:48:58,0:04:44,@VanessasuciFebriana,AKUUU,Neutral,Neutral
2026-03-24 14:48:58,0:04:44,@droselyn002,aku,Neutral,Neutral
2026-03-24 14:48:58,0:04:44,@intannurfauziah3423,AKU BANG,Neutral,Neutral
2026-03-24 14:48:58,0:04:44,@raditianradit,ADIT,Neutral,Neutral
2026-03-24 14:48:58,0:04:44,@AqillaAdiba-n8p,AKUUUUUUUUUU,Neutral,Neutral
2026-03-24 14:48:58,0:04:44,@MuhZidan-v8v7m,halo,Neutral,Neutral
2026-03-24 14:48:59,0:04:45,@raeinun,aku,Neutral,Neutral
2026-03-24 14:48:59,0:04:45,@agungwardani2427,aku,Neutral,Neutral
2026-03-24 14:48:59,0:04:45,@yuniarcitra4673,AKU,Neutral,Neutral
2026-03-24 14:48:59,0:04:45,@Shofavlytce,AKUU,Neutral,Neutral
2026-03-24 14:48:59,0:04:45,@rrkase,aku,Neutral,Neutral
2026-03-24 14:48:59,0:04:45,@vincent-k6z,gass apsen,Neutral,Neutral
2026-03-24 14:48:59,0:04:45,@MuhammadRidho-g3z1q,aku,Neutral,Neutral
2026-03-24 14:49:00,0:04:46,@Ryoooo-v2b,AKUUUU BANGG,Neutral,Neutral
2026-03-24 14:49:00,0:04:46,@Alfinzzz-geming,my,Neutral,Neutral
2026-03-24 14:49:00,0:04:46,@TekeSaka,Saka,Neutral,Neutral
2026-03-24 14:49:00,0:04:46,@rinn-qo5tz,AKUUU,Neutral,Neutral
2026-03-24 14:49:00,0:04:46,@HadziqAlfie,aku,Neutral,Neutral
2026-03-24 14:49:00,0:04:46,@azzizahhu,akuuu,Neutral,Neutral
2026-03-24 14:49:00,0:04:46,@shoo__vpie634,TELAT G BG,Neutral,Neutral
2026-03-24 14:49:00,0:04:46,@Asep_apol,aku,Neutral,Neutral
2026-03-24 14:49:00,0:04:46,@kalindanjayy,"YES WINDAH, telat ga bang",Neutral,Neutral
2026-03-24 14:49:00,0:04:46,@journadd,AKUUUUU,Neutral,Neutral
2026-03-24 14:49:01,0:04:47,@rivaldirivaldi5000,AKUUUUUUUU,Neutral,Neutral
2026-03-24 14:49:01,0:04:47,@reyy1069,AKUUU,Neutral,Neutral
2026-03-24 14:49:01,0:04:47,@kilaa-y4c,kila,Neutral,Neutral
2026-03-24 14:49:01,0:04:47,@oktavinanda354,aku,Neutral,Neutral
2026-03-24 14:49:02,0:04:48,@chelseavidia9264,CESI BANGGGGG,Neutral,Neutral
2026-03-24 14:49:02,0:04:48,@HBrodoL,aku,Neutral,Neutral
2026-03-24 14:49:02,0:04:48,@am-farhan_12,aku,Neutral,Neutral
2026-03-24 14:49:03,0:04:49,@itsmoniks.pilona3267,aku,Neutral,Neutral
2026-03-24 14:49:03,0:04:49,@cluvsiee_rinn,alah,Neutral,Neutral
2026-03-24 14:49:03,0:04:49,@HanaPanggilHana,aku,Neutral,Neutral
2026-03-24 14:49:03,0:04:49,@yulala4244,AKUUU,Neutral,Neutral
2026-03-24 14:49:04,0:04:50,@Raraa_roblox-y3j,KIA,Neutral,Neutral
2026-03-24 14:49:04,0:04:50,@fathanabror1236,my,Neutral,Neutral
2026-03-24 14:49:04,0:04:50,@Hermon-dl9,aku,Neutral,Neutral
2026-03-24 14:49:05,0:04:51,@Chuncumaru345,epi bang,Neutral,Neutral
2026-03-24 14:49:05,0:04:51,@bagusnova-lv7gk,sebutnama,Neutral,Neutral
2026-03-24 14:49:05,0:04:51,@tomblenktomy1803,aku,Neutral,Neutral
2026-03-24 14:49:05,0:04:51,@danialdanial263,aku,Neutral,Neutral
2026-03-24 14:49:06,0:04:52,@aidulanhar9219,KATA ILHAM,Neutral,Neutral
2026-03-24 14:49:06,0:04:52,@lasonrisademay,BANG SALAM KENAL AKU MAY,Neutral,Neutral
2026-03-24 14:49:06,0:04:52,@nevmGkhg,L ILHAM,Neutral,Neutral
2026-03-24 14:49:06,0:04:52,@nabilalalla,AKUU,Neutral,Neutral
2026-03-24 14:49:07,0:04:53,@Zawraa24,akuuu,Neutral,Neutral
2026-03-24 14:49:07,0:04:53,@zahras15,aku,Neutral,Neutral
2026-03-24 14:49:07,0:04:53,@mpal4356,akuuuu,Neutral,Neutral
2026-03-24 14:49:07,0:04:53,@AnggaAriWiguna,akuuuuuu:beaming_face_with_smiling_eyes:,Neutral,Neutral
2026-03-24 14:49:07,0:04:53,@Deez_Nut27,SCAM ILHAM,Neutral,Neutral
2026-03-24 14:49:08,0:04:54,@syfxu0,ayes,Neutral,Neutral
2026-03-24 14:49:09,0:04:55,@BagasSaputro-x2m,Bagas,Neutral,Neutral
2026-03-24 14:49:09,0:04:55,@jessicamarsya21,bang aku bang jeje,Neutral,Neutral
2026-03-24 14:49:09,0:04:55,@raissa_farah,ANJER L ILHAM,Neutral,Neutral
2026-03-24 14:49:09,0:04:55,@ceysagadismutia,ilham bang,Neutral,Neutral
2026-03-24 14:49:10,0:04:56,@L4uhul,kata ilham,Neutral,Neutral
2026-03-24 14:49:10,0:04:56,@PujiFebrianti,AKUIUUUIUUUUU,Neutral,Neutral
2026-03-24 14:49:10,0:04:56,@calvin-p8r5b,akuuu,Neutral,Neutral
2026-03-24 14:49:10,0:04:56,@MuhammadHabibie-j1p,goib,Neutral,Neutral
2026-03-24 14:49:10,0:04:56,@gamau-n9i,BANG,Neutral,Neutral
2026-03-24 14:49:10,0:04:56,@sabrnarsy,yaelah ilham ilhamm,Neutral,Neutral
2026-03-24 14:49:11,0:04:57,@LaFamme234,L ilham,Neutral,Neutral
2026-03-24 14:49:11,0:04:57,@PRAGOS1999,aku,Neutral,Neutral
2026-03-24 14:49:11,0:04:57,@DWI_OKTA_SYAILENDRA_67,gau bg,Neutral,Neutral
2026-03-24 14:49:11,0:04:57,@ayulvu,apasi,Neutral,Neutral
2026-03-24 14:49:11,0:04:57,@oneoflyaaa5391,KEBIASAAN,Neutral,Neutral
2026-03-24 14:49:11,0:04:57,@loverlyy.dif4,akuu bangg,Neutral,Neutral
2026-03-24 14:49:12,0:04:58,@rinn-qo5tz,YAHHH,Neutral,Neutral
2026-03-24 14:49:12,0:04:58,@turisah7339,:face-orange-raised-eyebrow:,Neutral,Neutral
2026-03-24 14:49:12,0:04:58,@Shaviraputri11,aku,Neutral,Neutral
2026-03-24 14:49:12,0:04:58,@ferdiaidyn3184,GAME DEMO KAH?,Negative,Neutral
2026-03-24 14:49:12,0:04:58,@aripxzz2,akuuu,Neutral,Neutral
2026-03-24 14:49:12,0:04:58,@sakiijiroxzy,aku,Neutral,Neutral
2026-03-24 14:49:12,0:04:58,@RezaSukaHino,gw bg,Neutral,Neutral
2026-03-24 14:49:12,0:04:58,@SyahrialNaufal-i1h,AHHHBH,Neutral,Neutral
2026-03-24 14:49:13,0:04:59,@DYB88-v4d,aku Bang,Neutral,Neutral
2026-03-24 14:49:13,0:04:59,@Layinaa09,AKUU,Neutral,Neutral
2026-03-24 14:49:13,0:04:59,@whitecakess,APASIHHHHGH,Neutral,Neutral
2026-03-24 14:49:13,0:04:59,@saeyasha,L ILHAM,Neutral,Neutral
2026-03-24 14:49:13,0:04:59,@kirenɛ,l ilham,Neutral,Neutral
2026-03-24 14:49:13,0:04:59,@ramzialamsyah6598,RAMZI BANG,Neutral,Neutral
2026-03-24 14:49:13,0:04:59,@AyundhaAyundhaningwijaya,aku,Neutral,Neutral
