plan,actual,xgb_proba,cat_proba,ensemble_proba,ensemble_prediction
starter,1,0.4639153,0.42176995371834464,0.4470571724377316,0
starter,0,0.10104422,0.016036504881952646,0.06704113856052336,0
starter,0,0.09678052,0.0644985567538941,0.08386773913141107,0
starter,0,0.13602227,0.020243519921416802,0.08971076980404646,0
starter,0,0.09533252,0.040172075861470855,0.07326834202161508,0
starter,0,0.7288287,0.8534302775743163,0.778669365830523,1
starter,0,0.085273914,0.009155030464860906,0.05482636358965759,0
starter,1,0.69969505,0.5121938674362387,0.6246946072066579,1
starter,0,0.08462678,0.004320168787342355,0.05250413563613178,0
starter,0,0.68865067,0.41754811020938026,0.5802096685260434,1
starter,1,0.681722,0.5958526686765793,0.6473742765560961,1
starter,0,0.34576085,0.08925711839202888,0.24315936159612278,0
starter,1,0.75854445,0.8306613136142246,0.7873911984288594,1
starter,0,0.22566546,0.04550669113503904,0.15360195843262278,0
starter,1,0.67147976,0.7042786940115792,0.6845993584067862,1
starter,0,0.16184755,0.059904144499524484,0.12107019326838814,0
starter,1,0.76473206,0.7404225124932601,0.7550082724895983,1
starter,0,0.64900833,0.5178538682776439,0.5965465594417949,1
starter,1,0.6588743,0.49279787115087614,0.592443736282311,1
starter,0,0.34741536,0.13716779126089562,0.2633163461024036,0
starter,1,0.5449522,0.4802076113364328,0.5190543966349455,1
starter,0,0.5938426,0.49326835152058496,0.5536129398208804,1
starter,0,0.09687764,0.061089731859966155,0.08256248016468845,0
starter,0,0.32494155,0.34160766872534515,0.3316079979052916,0
starter,0,0.30264914,0.30862589970024595,0.3050398440948811,0
starter,0,0.28456342,0.0767109337041918,0.20142242978374733,0
starter,0,0.08612682,0.008789515406590205,0.05519190069464902,0
starter,0,0.69540566,0.7067343430838876,0.6999371583112833,1
starter,1,0.70787203,0.5404638773296191,0.6409087886847621,1
starter,1,0.16841432,0.03968449261195139,0.11692239324810774,0
starter,0,0.32569525,0.14112658379757728,0.2518677843740953,0
starter,0,0.15237078,0.12059533838476517,0.13966060377774947,0
starter,0,0.24839756,0.030935371484771462,0.16141268693066244,0
starter,0,0.26251775,0.1991823812653739,0.2371836056443103,0
starter,0,0.41060027,0.7080400760647083,0.5295761982868681,1
starter,0,0.1642896,0.02161613339162046,0.10722021255483696,0
starter,0,0.09127696,0.008052082257286092,0.05798701103401795,0
starter,1,0.74402165,0.8150277306480931,0.7724241026180476,1
starter,0,0.5783165,0.3614862219275289,0.49158441844706746,0
starter,1,0.58835965,0.3950888097365025,0.5110513341458369,1
starter,0,0.14896695,0.03219796249102398,0.102259359871669,0
starter,0,0.3405723,0.23150460805989945,0.29694523666897477,0
starter,0,0.14312254,0.02906334104239408,0.09749886573195245,0
starter,1,0.60907733,0.20156837986157777,0.44607377046841956,0
starter,1,0.7241688,0.6116205530240658,0.6791495115309765,1
starter,1,0.7215023,0.6841483632545519,0.7065607575504322,1
starter,0,0.07558153,0.02545970757538699,0.05553280295822868,0
starter,0,0.1328016,0.03281440750624969,0.09280672735320025,0
starter,0,0.14699596,0.013344307404071996,0.09353530443164146,0
starter,0,0.76687163,0.691400118658392,0.7366830499925011,1
starter,0,0.2752276,0.17254732972807382,0.23415550759008208,0
starter,0,0.086205795,0.02039701012548015,0.05988228427480144,0
starter,0,0.18718117,0.0527986893607879,0.1334281865578375,0
starter,0,0.7660993,0.8042566864589702,0.7813622509996037,1
starter,0,0.27753365,0.12070371000275537,0.21480167722028704,0
starter,0,0.09670059,0.012052105245478164,0.06284119541545201,0
starter,0,0.09089894,0.010741143335648445,0.05883582116554104,0
starter,1,0.73529494,0.8849557241302697,0.7951592703859793,1
starter,0,0.11193916,0.049593963873200864,0.0870010827588293,0
starter,1,0.7243393,0.3343937057162562,0.5683610839806096,1
starter,0,0.6643321,0.4971138421175581,0.5974448038529436,1
starter,0,0.27639535,0.11061794612370868,0.21008439184650954,0
starter,0,0.09394865,0.06220854532607452,0.08125260730341298,0
starter,0,0.091337115,0.022007291037840833,0.06360518888394165,0
starter,0,0.1688259,0.15148949787474744,0.1618913373965306,0
starter,0,0.09050842,0.02009758603866983,0.062344084937556936,0
starter,0,0.24788685,0.039354120354143686,0.16447375899962102,0
starter,0,0.16313715,0.020849760793225564,0.1062221974820203,0
starter,0,0.24504463,0.05795568521677429,0.17020906625532697,0
starter,0,0.16893008,0.02394022630970195,0.11093414659230119,0
starter,1,0.2530316,0.2507733631332075,0.25212832105951927,0
starter,0,0.25047672,0.05937513546636092,0.17403608793612474,0
starter,0,0.7509967,0.7901778303857248,0.7666691634367149,1
starter,1,0.70899945,0.48378441869969324,0.6189134583463476,1
starter,0,0.1007655,0.014174118580353525,0.06612894830780516,0
starter,0,0.16780868,0.09690403902559472,0.1394468320966919,0
starter,0,0.087051354,0.009464137306019412,0.056016471256893775,0
starter,0,0.097494714,0.016139437456069876,0.06495260410473287,0
starter,0,0.17894115,0.012229442378383582,0.11225646874527204,0
starter,0,0.3533578,0.23944186232887857,0.30779143497309347,0
starter,0,0.7728276,0.8749509027406066,0.8136769601028955,1
starter,0,0.28798407,0.29063491867098523,0.28904442030633815,0
starter,1,0.75603217,0.6537951597421122,0.7151373950182895,1
starter,0,0.71539664,0.681760715888451,0.7019422779268067,1
starter,0,0.28580016,0.28565528246481875,0.2857422173131293,0
starter,0,0.28871518,0.12255625848331332,0.22225161661449386,0
starter,0,0.087050796,0.12293830051712698,0.10140580126520994,0
starter,0,0.16313961,0.06577365890837343,0.12419323194303764,0
starter,0,0.60086334,0.32997977678596246,0.49250991918492026,0
starter,0,0.76470476,0.7880953649401788,0.7740610221910527,1
starter,0,0.08973472,0.013483901520509923,0.05923439525562104,0
starter,0,0.13505168,0.024740972847456525,0.09092739869384558,0
starter,0,0.20529604,0.11761411671612204,0.17022327192534423,0
starter,1,0.7387656,0.7552765819196484,0.7453700209762486,1
starter,0,0.6479654,0.30533992943338883,0.5109152245409184,1
starter,0,0.13490842,0.018519824893507498,0.08835298961449986,0
starter,0,0.7756522,0.8573939010713584,0.8083489281024172,1
starter,1,0.72383904,0.4938858477596128,0.6318577718068633,1
starter,0,0.15957691,0.012266493236105909,0.1006527493973896,0
starter,0,0.19781645,0.0483192645891761,0.13801757816013716,0
starter,0,0.7281263,0.7711077220512927,0.7453188791781069,1
starter,0,0.2575977,0.053730695146790367,0.17605090685624727,0
starter,0,0.66716194,0.44565936182831156,0.5785609394506392,1
starter,1,0.6605173,0.60118052947371,0.6367826008313846,1
starter,1,0.3924512,0.631995093668373,0.48826876455341645,0
starter,0,0.7873642,0.8836330014041691,0.8258717174359811,1
starter,0,0.15206076,0.019339733038770734,0.09897235044416888,0
starter,0,0.24426426,0.09551433411609328,0.18476430152802148,0
starter,0,0.13445638,0.01755175035450684,0.08769452886284919,0
starter,0,0.19347233,0.03511424654773987,0.1301290970804378,0
starter,1,0.6840161,0.4441931747783148,0.5880869588609109,1
starter,0,0.1694555,0.0636694056527899,0.12714106729575342,0
starter,0,0.07048211,0.0022802291427274904,0.04320135988252244,0
starter,0,0.08385274,0.005894740000380423,0.05266953963041836,0
starter,0,0.14996317,0.026785119064858042,0.10069195278017143,0
starter,0,0.25736675,0.06431908813719557,0.18014768325330657,0
starter,0,0.14047731,0.03254988921877477,0.09730634742258681,0
starter,0,0.078239106,0.004812330030354075,0.048868399122537064,0
starter,0,0.14023226,0.01152739300339915,0.08875031917893687,0
starter,0,0.2666488,0.03869020012134004,0.17546536253735895,0
starter,1,0.7278248,0.6464690694060817,0.6952825180231291,1
starter,0,0.27607062,0.18912213741631112,0.24129123568094096,0
starter,0,0.09164895,0.03144760765349919,0.06756841451015494,0
starter,0,0.0878312,0.011735167651463208,0.057392787307138704,0
starter,0,0.16526522,0.01130390512396883,0.10368069846411543,0
starter,0,0.7142519,0.6627417375224595,0.693647832456341,1
starter,0,0.29352942,0.45043171893529227,0.3562903461892292,0
starter,1,0.7067167,0.5483073398358497,0.6433529716685165,1
starter,0,0.08362306,0.003555388051359734,0.05159599291208938,0
starter,1,0.54938895,0.3660380864037294,0.47604861950450017,0
starter,0,0.63737756,0.5947492461075861,0.6203262583681137,1
starter,0,0.3277473,0.2502066840321793,0.29673104781273896,0
starter,0,0.08898458,0.014558804997062923,0.05921427079767237,0
starter,1,0.7727617,0.6486030145440462,0.7230982571424629,1
starter,0,0.10319581,0.008643009681198712,0.06537469140437989,0
starter,0,0.6859489,0.5694674672172007,0.6393563438052152,1
starter,0,0.08736451,0.016516088019625473,0.05902514400911972,0
starter,0,0.27615657,0.34284788241856834,0.30283310660073576,0
starter,1,0.5747307,0.20238422918472002,0.4257921320921314,0
starter,0,0.3209765,0.42376397558251305,0.3620914906589162,0
starter,0,0.6524626,0.59182565460314,0.6282078466801232,1
starter,0,0.61050105,0.4267796156742657,0.5370124887600932,1
starter,0,0.27533785,0.0806878050026821,0.1974778290533037,0
starter,0,0.08940667,0.0133765914356475,0.058994641783466535,0
starter,0,0.09207353,0.007942068340631648,0.05842094903677794,0
starter,1,0.5937716,0.3577435183184901,0.49936035941670576,0
starter,0,0.7761899,0.7245243246779393,0.7555237076848964,1
starter,1,0.69602543,0.5231693508205789,0.6268830049823911,1
starter,0,0.1493479,0.0929413060065527,0.12678526618943292,0
starter,0,0.65421474,0.544406215820414,0.6102913480892588,1
starter,1,0.669248,0.6876600704287184,0.676612831024118,1
starter,0,0.36665636,0.17691433923724095,0.29075956542206927,0
starter,1,0.74853796,0.8120126645684993,0.7739278523493114,1
starter,1,0.2674264,0.09517418350368921,0.19852552614843919,0
starter,0,0.08969977,0.043166970930937354,0.07108664963541167,0
starter,0,0.30070323,0.11934063158551325,0.22815820106712767,0
starter,0,0.076695636,0.0034096060661295675,0.04738122472039142,0
starter,0,0.7221224,0.7309267292197636,0.7256441263268825,1
starter,0,0.08416447,0.006606745253429956,0.053141381106943344,0
starter,1,0.54123515,0.22141717721214232,0.41330796618934607,0
starter,0,0.08995247,0.02098265766068425,0.06236454736774813,0
starter,0,0.6936881,0.5588604447338185,0.6397570644654116,1
starter,0,0.27421117,0.17524271744403938,0.23462378795112648,0
starter,0,0.5541157,0.530238449581405,0.5445648133786283,1
starter,0,0.5888433,0.47430582745675526,0.543028326447027,1
starter,1,0.41488785,0.2806701470579818,0.3612007780538446,0
starter,0,0.08587615,0.07832676795112037,0.08285640056724128,0
starter,1,0.72939235,0.6203487339834474,0.6857749153463086,1
starter,0,0.09199834,0.012720889673212095,0.06028736057900545,0
starter,0,0.16230635,0.06699006741405028,0.12417984648609359,0
starter,1,0.5540404,0.5086713086558647,0.53589274688535,1
starter,0,0.20926699,0.427773857006392,0.2966697370564783,0
starter,0,0.34440485,0.23792583366335018,0.30181324430346723,0
starter,0,0.08853074,0.010125145986090338,0.05716850709891726,0
starter,0,0.71340996,0.6703397088154921,0.6961818716090826,1
starter,0,0.7492246,0.7643691947433525,0.7552824517239402,1
starter,0,0.08103765,0.027212198248233465,0.05950746885765635,0
starter,0,0.28939208,0.09541874058538749,0.21180275550482303,0
starter,0,0.2879671,0.07299590432348706,0.20197862217308227,0
starter,0,0.26349202,0.1349566985440452,0.21207789020825224,0
starter,1,0.71011245,0.5599484863347711,0.6500468958404423,1
starter,0,0.34183717,0.20958537112782058,0.28893645803574586,0
starter,0,0.57588905,0.6271806002645212,0.596405670682133,1
starter,0,0.08470037,0.010710558428469404,0.05510444735849027,0
starter,1,0.75049955,0.7443420267174192,0.7480365505246143,1
starter,0,0.095184796,0.0346345393332465,0.07096469530354435,0
starter,0,0.2498193,0.06856608670277536,0.17731801979272818,0
starter,0,0.64213514,0.5012066574499597,0.5857637787503238,1
starter,0,0.26847973,0.08051987977209381,0.19329579270435449,0
starter,1,0.8207154,0.8573360980324499,0.8353637254545114,1
starter,0,0.64815044,0.5682844378222005,0.6162040713496596,1
starter,1,0.72460574,0.3061564165515581,0.5572260279720179,1
starter,0,0.351622,0.0956482758986852,0.24923251354169454,0
starter,0,0.17663614,0.041621347488546366,0.12263023166719436,0
starter,0,0.6368373,0.3850491456368722,0.5361220583192172,1
starter,0,0.68365014,0.737312622496204,0.705115154436714,1
starter,0,0.1680992,0.15114188603502768,0.16131627723353012,0
starter,0,0.59997493,0.5079044969271712,0.5631467629031774,1
starter,1,0.7966724,0.8488797285410102,0.8175553635061716,1
starter,1,0.7171668,0.7174869616787545,0.7172948714081808,1
starter,1,0.26813886,0.06162211390041325,0.18553216791829671,0
starter,0,0.13425402,0.021948766094483346,0.08933192049743231,0
starter,0,0.21762301,0.03911927434122114,0.14622151888336957,0
starter,0,0.29834828,0.10903763378104726,0.22262402913745705,0
starter,0,0.2395313,0.27657776756722446,0.2543498861139564,0
starter,0,0.7230457,0.78604097094888,0.748243818389394,1
starter,0,0.35182148,0.5442581209513776,0.4287961525906417,0
starter,0,0.29903677,0.27293250959233156,0.2885950694525866,0
starter,1,0.7001057,0.44020337730825854,0.5961448167569674,1
starter,1,0.71590394,0.4559995090057044,0.6119421960945761,1
starter,0,0.08744419,0.008118372599953733,0.055713868216941485,0
starter,1,0.7514645,0.640976341194174,0.7072692460323419,1
starter,0,0.18915625,0.07473291792476712,0.14338692262969233,0
starter,0,0.74446356,0.7809967402478644,0.7590768577202396,1
starter,1,0.765106,0.8595161770644294,0.8028700902010006,1
starter,0,0.14032017,0.02147306173930738,0.09278132933334579,0
starter,0,0.66636604,0.5868159916002523,0.6345460389454751,1
starter,0,0.0809809,0.008629542738502877,0.05204035750043617,0
starter,0,0.08958109,0.004133415568550682,0.0554020222916922,0
starter,1,0.7332489,0.5374892657781899,0.6549450697813535,1
starter,0,0.15373164,0.10328886745874175,0.13355453943611817,0
starter,0,0.33039364,0.32725432375990665,0.32913792673716274,0
starter,0,0.7059948,0.7174359341546602,0.710571262442458,1
starter,0,0.08623848,0.016862666965173728,0.058488156938809974,0
starter,0,0.07723534,0.021487829823848233,0.05493633880796298,0
starter,0,0.08867241,0.01343813760616586,0.05857869997039718,0
starter,0,0.087314375,0.014612219851978848,0.05823351502290099,0
starter,0,0.561687,0.21161652216148807,0.4216588104122179,0
starter,0,0.091832355,0.018846893857528118,0.06263817406718308,0
starter,0,0.20341115,0.08055565778840573,0.15426895727487006,0
starter,0,0.2751682,0.15157617628811676,0.22573140263652355,0
starter,0,0.755846,0.776045206482851,0.763925714610276,1
starter,0,0.18270998,0.11490926162587496,0.15558969235891856,0
starter,0,0.09018697,0.030645917992259027,0.06637055198966064,0
starter,0,0.15693854,0.02475219464841417,0.1040640051028845,0
starter,1,0.6457754,0.3862562199914228,0.5419677265677361,1
starter,0,0.61352444,0.33501482571161184,0.5021206103364484,1
starter,0,0.13061202,0.05886037009134219,0.10191135896116227,0
starter,0,0.2257705,0.017647258225674815,0.14252121718072708,0
starter,0,0.38691208,0.22852852784477568,0.3235586726382689,0
starter,0,0.24545565,0.35416895883619404,0.28894097501969185,0
starter,0,0.18090023,0.05663179959943712,0.13119285993214774,0
starter,0,0.08943553,0.014454712051591014,0.05944320517915119,0
starter,0,0.1583318,0.016677376026025276,0.10167003279690379,0
starter,1,0.72981757,0.6125737719652097,0.6829200682209746,1
starter,0,0.35765138,0.16847535392969196,0.2819809741629336,0
starter,0,0.09634472,0.030311610686810615,0.06993147512794805,0
starter,0,0.15107979,0.04742276518934843,0.10961698233840417,0
starter,0,0.6622618,0.5808419220984352,0.6296938452458529,1
starter,0,0.23329645,0.09510981607547622,0.17802179880186408,0
starter,0,0.08327698,0.03071778004244382,0.062253302027286746,0
starter,0,0.14689478,0.026642499443656247,0.09879387391677143,0
starter,0,0.09529553,0.029443341372094745,0.068954660396847,0
starter,0,0.3499002,0.21517324748794114,0.29600941957298865,0
starter,1,0.6963555,0.6233998240948776,0.6671732605266992,1
starter,0,0.13646232,0.01098075560852509,0.08626969775408355,0
starter,0,0.0867956,0.023559779362587414,0.06150127219625643,0
starter,0,0.2515257,0.08186839862716987,0.18366278844695408,0
starter,0,0.7284752,0.7049522537777466,0.719066053183462,1
starter,0,0.29823363,0.18123993220182366,0.2514361498445356,0
starter,0,0.6638047,0.7503297770420788,0.6984147665659618,1
starter,0,0.69462854,0.6439560672707528,0.6743595608499515,1
starter,1,0.6345968,0.6710744044902557,0.6491878685046288,1
starter,0,0.094028436,0.0387769722071489,0.07192785176146826,0
starter,0,0.3804851,0.21798260439467765,0.3154841062586798,0
starter,0,0.346082,0.29990303067768964,0.3276104283269459,0
starter,0,0.24763699,0.24156837558543745,0.24520955541052844,0
starter,1,0.7297847,0.6433222990843276,0.6951997797335235,1
starter,0,0.090417236,0.045568095499515605,0.07247758283386234,0
starter,0,0.08902705,0.02993171857655188,0.06538891721510943,0
starter,0,0.08378031,0.007384384113878515,0.05322194176448604,0
starter,1,0.6445297,0.5950724183384366,0.6247467934633806,1
starter,1,0.652193,0.3747628541732609,0.5412209595022511,1
starter,0,0.09718614,0.01395326443337265,0.06389299169311072,0
starter,0,0.6331752,0.405908030001485,0.5422683464400624,1
starter,1,0.6161952,0.32167675052480355,0.498387821334189,0
starter,0,0.26621038,0.15748546374534902,0.22272041778840757,0
starter,0,0.6758477,0.5657941801225568,0.6318263094773064,1
starter,0,0.17628284,0.04579499622932107,0.12408770724436056,0
starter,0,0.15315981,0.031174097117117397,0.10436553206298008,0
starter,0,0.085994706,0.007991760642155222,0.05479352833661406,0
starter,1,0.6239764,0.6556101380066958,0.6366299187452351,1
starter,1,0.66655993,0.48734488633264317,0.594873945105033,1
starter,0,0.38313124,0.52425930083623,0.4395824737581828,0
starter,0,0.08616396,0.02056114587427613,0.05992283756828879,0
starter,0,0.09219805,0.012851142597365276,0.06045928943640705,0
starter,0,0.14541802,0.014660139100526536,0.09311486948203038,0
starter,1,0.7129358,0.6803709014298938,0.6999098556853303,1
starter,0,0.13920136,0.013550231795430493,0.0889409074945928,0
starter,0,0.2712893,0.07974504969429352,0.19467159923677196,0
starter,0,0.28727713,0.19628044322707533,0.2508784685753913,0
starter,0,0.08585519,0.010915279679091167,0.05587922867838199,0
starter,0,0.093314074,0.025672065865561023,0.06625727222425327,0
starter,0,0.26558903,0.11144133742760691,0.20392995510940184,0
starter,0,0.08899074,0.00795973942922653,0.056578343783804184,0
starter,0,0.08642703,0.01628499987432326,0.05837022344354377,0
starter,1,0.6582529,0.660650507112027,0.6592119636137013,1
starter,0,0.1363566,0.01615985344281155,0.08827791009517653,0
starter,1,0.74468607,0.6591847668113174,0.7104855529475953,1
starter,1,0.68871737,0.5843415967640736,0.6469670876668874,1
starter,0,0.09050249,0.04465037842300996,0.07216164796434826,0
starter,0,0.1572347,0.016341353227473116,0.1008773648817447,0
starter,0,0.13285586,0.03924410112049369,0.09541116383610641,0
starter,0,0.74479145,0.6533466689801914,0.7082135543432515,1
starter,0,0.1658223,0.027726428192390462,0.11058395563822328,0
starter,0,0.30113506,0.05547428076078964,0.20287076212807684,0
starter,0,0.34978673,0.24397699406039927,0.30746284969763843,0
starter,1,0.6724417,0.7275580544741518,0.6944882841694977,1
starter,0,0.08823298,0.011719578076205113,0.057627622462829535,0
starter,1,0.7355614,0.7609793141592076,0.7457285660548421,1
starter,0,0.29656875,0.06431071229970087,0.20366554764189573,0
starter,0,0.36322,0.3321140859415336,0.3507776500340384,0
starter,0,0.084251635,0.009476975341662074,0.0543417724927363,0
starter,0,0.08767677,0.00934231257009678,0.05634298985428879,0
starter,0,0.0971527,0.01124507022658872,0.06278965332213993,0
starter,0,0.34322542,0.2448242593167494,0.30386495841973105,0
starter,0,0.69529575,0.4842733052585464,0.6108867906417028,1
starter,0,0.25771824,0.1299251113530112,0.20660098867400936,0
starter,1,0.7374986,0.6910307143969575,0.7189114465253845,1
starter,1,0.13370486,0.1680452404073098,0.14744101574624455,0
starter,1,0.7313565,0.5829515203184054,0.6719945329167909,1
starter,0,0.07999145,0.01304940969902739,0.053214638297392786,0
starter,1,0.72590685,0.4439481179697108,0.6131233803742246,1
starter,0,0.24202187,0.0738980277540356,0.17477233823784472,0
starter,0,0.75953215,0.6432658600679314,0.7130256659933438,1
starter,0,0.09696655,0.016282073534629737,0.06469276299162785,0
starter,0,0.18981045,0.035150871863145965,0.12794662314263158,0
starter,0,0.23746675,0.06544281151396561,0.16865718506376953,0
starter,1,0.58774424,0.37461036245302304,0.5024907044580617,1
starter,1,0.77953696,0.6574851737222284,0.7307162767967069,1
starter,0,0.14390253,0.03536922844886929,0.10048920656299651,0
starter,0,0.15710498,0.16500434037005238,0.16026473097386096,0
starter,1,0.57279,0.4121905878473142,0.5085502690191595,1
starter,0,0.09079003,0.032454900089990725,0.06745598227544293,0
starter,0,0.09603045,0.02717800272723779,0.06848947265037197,0
starter,0,0.15233171,0.03412887170812775,0.10505057758053657,0
starter,0,0.15437877,0.08255957228016339,0.1256510934713343,0
starter,1,0.60967034,0.488572779277591,0.5612313401618115,1
starter,0,0.15291332,0.017962473624149027,0.0989329811903632,0
starter,0,0.6596618,0.5370082554777021,0.6106004058344983,1
starter,0,0.14587542,0.03315395678634839,0.1007868386926468,0
starter,0,0.26295376,0.20405633350041366,0.23939479132424535,0
starter,1,0.6911758,0.7480561312290351,0.713927967399451,1
starter,0,0.14993633,0.04130942316794205,0.10648557371673507,0
starter,0,0.26128644,0.033886125656183014,0.17032631872980414,0
starter,0,0.09172284,0.04541249695451464,0.07319870491040312,0
starter,0,0.08793679,0.00637956032741317,0.05531390038962463,0
starter,0,0.29076305,0.13713196818307932,0.22931062044412254,0
starter,0,0.21477297,0.12235240355351004,0.17780474311200156,0
starter,1,0.737321,0.6687266398089818,0.7098832733876583,1
starter,1,0.72071123,0.3943613965766652,0.5901713092906087,1
starter,0,0.1726455,0.06293495797566977,0.12876128277561033,0
starter,1,0.5728741,0.2138376305641646,0.42925954143770195,0
professional,0,0.62767446,0.6012212812898383,0.6170932185649007,1
professional,0,0.20146915,0.03701098747287785,0.13568589284910598,0
professional,0,0.10051547,0.012283902484434268,0.06522284442911841,0
professional,0,0.3991927,0.21786465149088638,0.3266614780861693,0
professional,0,0.15055992,0.03466449363773916,0.10420174771048965,0
professional,0,0.1653173,0.03185170444845207,0.11193106592893222,0
professional,1,0.53243804,0.4471798019932524,0.49833475658602777,0
professional,0,0.18888958,0.10454413916381293,0.1551514099069917,0
professional,0,0.27624696,0.2044063059318262,0.2475107013316233,0
professional,0,0.14272912,0.019672719196376986,0.09350656024849327,0
professional,0,0.117287375,0.013496448239231122,0.0757710043154335,0
professional,0,0.18514404,0.28330430426240194,0.2244081498703966,0
professional,0,0.13828366,0.03551961666789974,0.09717804118572602,0
professional,1,0.14645009,0.019739449261461126,0.09576583365155635,0
professional,0,0.26045966,0.15293571713294063,0.217450095664364,0
professional,0,0.112614654,0.008011834160123028,0.07077352755690962,0
professional,1,0.5813976,0.5251944610348754,0.5589163521477148,1
professional,0,0.09591745,0.00775981640811875,0.06065439783929234,0
professional,0,0.19975884,0.11676286945361156,0.16656045482404336,0
professional,0,0.16527387,0.018257379607955745,0.10646728131238625,0
professional,0,0.43013737,0.3645695828014657,0.40391025275445164,0
professional,0,0.3780835,0.2554509833341393,0.32903050064585815,0
professional,0,0.2595604,0.16398414022378216,0.22132990875503258,0
professional,1,0.6355749,0.5785726722545954,0.6127740131405008,1
professional,1,0.5621856,0.5286179887511278,0.5487585527602015,1
professional,0,0.17459634,0.024112796898623452,0.11440292690831032,0
professional,0,0.14752968,0.11710176637048884,0.135358513972264,0
professional,0,0.361313,0.3783477384659941,0.3681268955792306,0
professional,0,0.11412784,0.009265919112216948,0.07218307438812714,0
professional,0,0.10892403,0.0064760208891875585,0.0679448300904849,0
professional,0,0.12220777,0.0340399443113235,0.08694064315173734,0
professional,0,0.18314303,0.13367861947572893,0.16335727449717785,0
professional,1,0.6055878,0.5088608717839993,0.566897034880363,1
professional,0,0.236773,0.14559253770946218,0.20030082650517922,0
professional,0,0.108678736,0.011699430479064195,0.06988701515732391,0
professional,0,0.2557151,0.05285535986417426,0.1745712051200624,0
professional,0,0.122460715,0.10998587267296321,0.11747078282315257,0
professional,0,0.28723747,0.10144167297155765,0.21291914841759646,0
professional,0,0.122774675,0.013175523930080216,0.0789350163552314,0
professional,1,0.38621625,0.25965254629236206,0.3355907792829742,0
professional,0,0.5136857,0.33856677651520745,0.44363815641449367,0
professional,0,0.6294051,0.6078442812736823,0.6207807910750704,1
professional,0,0.33178812,0.15371356598217373,0.2605583089259429,0
professional,0,0.12937282,0.021780973292024764,0.08633608445192648,0
professional,0,0.18257238,0.08072723398448645,0.14183432886934924,0
professional,0,0.11895479,0.020182340155529752,0.0794458175939273,0
professional,0,0.18557473,0.09331263132888867,0.14866988918383436,0
professional,1,0.6193137,0.5711463087179577,0.6000467536202397,1
professional,1,0.1755645,0.02410932130130944,0.11498242863620448,0
professional,1,0.6054036,0.37363185428757056,0.5126949208703779,1
professional,1,0.36836034,0.2804808821876731,0.33320856617291317,0
professional,1,0.6167928,0.5411750737817433,0.5865457321799337,1
professional,0,0.46183294,0.3052681992356919,0.3992070678832111,0
professional,0,0.16056418,0.07619254414060589,0.12681553562012862,0
professional,0,0.17619269,0.015352610038179438,0.11185666155277024,0
professional,0,0.14374615,0.028351924365303736,0.09758846721869383,0
professional,0,0.35232443,0.22769527808888623,0.30247277886098173,0
professional,1,0.5508151,0.3435451238287808,0.46790711875491625,0
professional,0,0.13129842,0.00829223616475439,0.08209595113418332,0
professional,1,0.53152776,0.44895485494217696,0.49849862040552073,0
professional,0,0.17110401,0.029095928430271763,0.11430078568447138,0
professional,0,0.20047288,0.11013711136737732,0.16433857487503398,0
professional,0,0.13849045,0.015588740162785173,0.08932977255294137,0
professional,0,0.19206682,0.02689371793279436,0.1259975842190162,0
professional,0,0.13456848,0.019558111783877254,0.08856433727622638,0
professional,0,0.53178954,0.3116031202381113,0.4437149847628776,0
professional,1,0.64699996,0.5178656512422478,0.5953462455242123,1
professional,1,0.52411705,0.39327636621574924,0.47178077801935026,0
professional,0,0.119879276,0.04968805185995852,0.09180279055055918,0
professional,1,0.6102363,0.7177978409190019,0.6532609324796613,1
professional,0,0.40307313,0.24006895118844035,0.3378714745994072,0
professional,0,0.74413216,0.7383971705931928,0.7418381887634002,1
professional,0,0.18355758,0.08351815423933351,0.1435418185852674,0
professional,0,0.16651873,0.059097933277369036,0.12355041603441258,0
professional,0,0.3487438,0.4490447427876,0.38886418982534426,0
professional,0,0.5099828,0.33934292737736604,0.44172688342767674,0
professional,0,0.19511361,0.14941482034641523,0.17683409963972577,0
professional,1,0.6036486,0.475492437335726,0.5523861486327157,1
professional,0,0.12078237,0.015523423114587863,0.07867878997690281,0
professional,0,0.17435917,0.03180051713479875,0.11733571636395979,0
professional,1,0.5922694,0.48733797915281385,0.5502968619167865,1
professional,0,0.1472106,0.05516481569031343,0.11039229103175587,0
professional,1,0.629333,0.3758046686495116,0.5279217028556177,1
professional,0,0.18141878,0.09461941836653197,0.14669903623413263,0
professional,0,0.47870433,0.37509985852179445,0.43726256723379103,0
professional,0,0.22029115,0.16174311090663046,0.1968719448612331,0
professional,0,0.5492657,0.30723873880412117,0.45245491110049063,0
professional,0,0.60546994,0.6543039557637432,0.6250035475612346,1
professional,0,0.25988442,0.13545138162036108,0.21011120586259907,0
professional,0,0.72870547,0.7455385241236374,0.7354386950860852,1
professional,0,0.42154843,0.5655054394202815,0.4791312374193425,0
professional,0,0.44671503,0.45610347646367433,0.45047042472319554,0
professional,0,0.25304008,0.3497544552839802,0.2917258392157954,0
professional,1,0.17164867,0.07209397186962684,0.1318267929757751,0
professional,0,0.40532243,0.1791015297138787,0.31483407437658695,0
professional,1,0.77477556,0.9331877981675203,0.8381404759507391,1
professional,0,0.16553743,0.054087906739444976,0.12095762328757105,0
professional,0,0.14644092,0.06797985620075918,0.11505649789879503,0
professional,0,0.275229,0.2576382691711094,0.2681927178323231,0
professional,1,0.4354936,0.27163539935232717,0.3699503128094733,0
professional,0,0.5649151,0.4485587859091587,0.5183725986455849,1
professional,0,0.47886446,0.27392627512751955,0.3968891867611366,0
professional,0,0.22916879,0.09833181840831295,0.1768340118434201,0
professional,0,0.09763347,0.009258591275380338,0.062283522145337375,0
professional,0,0.5058611,0.20775774267792083,0.38661978303384537,0
professional,0,0.5640215,0.4921732444353734,0.5352822382763162,1
professional,0,0.5370379,0.5302779758472262,0.534333959599297,1
professional,0,0.20364463,0.21836595565789937,0.20953316968963148,0
professional,0,0.3407866,0.28917963674404235,0.3201438302625736,0
professional,0,0.19912788,0.06303903887967806,0.14469235114375967,0
professional,0,0.6880422,0.6671171362717848,0.6796722005017559,1
professional,0,0.5222359,0.46912421160307005,0.5009912128184894,1
professional,0,0.15540591,0.024196433569100215,0.10292212021156419,0
professional,0,0.41135287,0.44481325845211456,0.424737036030649,0
professional,0,0.123673365,0.010408971341797826,0.07836760873887902,0
professional,0,0.19284585,0.04772664718253108,0.13479817554323947,0
professional,0,0.1828113,0.03112107780930936,0.12213521556996322,0
professional,0,0.20492284,0.1392751288393258,0.1786637570253658,0
professional,1,0.56687814,0.47352315777084275,0.5295361649733425,1
professional,1,0.5336614,0.26843675602973716,0.4275715694010306,0
professional,0,0.21006235,0.09055741893167514,0.16226038641498575,0
professional,0,0.5519183,0.5676566928671714,0.5582136857528256,1
professional,0,0.23128304,0.14186869027151353,0.19551731134229378,0
professional,0,0.48584154,0.4129056749194543,0.4566672192990653,0
professional,0,0.15460117,0.016882014643074067,0.09951351031498948,0
professional,0,0.55240244,0.4576200632534255,0.5144894873413177,1
professional,0,0.23220746,0.11907159029042488,0.18695312237181572,0
professional,0,0.51294464,0.28567117203742665,0.4220352639733569,0
professional,0,0.6347623,0.7480263336368237,0.6800679116991295,1
professional,0,0.68750066,0.7622720468334842,0.7174092300054427,1
professional,0,0.18412969,0.16249504542409524,0.17547583075785297,0
professional,0,0.14075887,0.06630279965192766,0.11097644606030262,0
professional,0,0.113514684,0.05917356721810745,0.09177823886176843,0
professional,0,0.4018233,0.13275573311008287,0.29419628643098383,0
professional,0,0.18210976,0.044657527752170585,0.1271288675457039,0
professional,1,0.6329368,0.4705632326844333,0.5679873763657808,1
professional,0,0.5821911,0.5958779123517866,0.5876658545769451,1
professional,0,0.12248475,0.012883609684188365,0.07864429450109768,0
professional,0,0.23077217,0.09619459939184359,0.17694114320350715,0
professional,0,0.17404698,0.07684007579447885,0.13516422478104456,0
professional,0,0.38001743,0.2905579342869026,0.3442336344491284,0
professional,0,0.61430746,0.7460575495923428,0.6670075036988603,1
professional,0,0.20292786,0.08136560658779014,0.15430296019779155,0
professional,0,0.6422307,0.4667158146221621,0.5720247514851564,1
professional,0,0.11370121,0.016232885468962333,0.07471388133325678,0
professional,1,0.67682934,0.5871168070175876,0.6409443435326667,1
professional,0,0.24296363,0.05442270747799134,0.1675472621598977,0
professional,0,0.16062097,0.0459084270577409,0.11473596029205235,0
professional,1,0.33342937,0.08379065824021224,0.23357388906665374,0
professional,1,0.53258157,0.3221826329912098,0.44842201769691115,0
professional,0,0.122511625,0.023706811753046782,0.08298970583563339,0
professional,0,0.24328995,0.09041599951016191,0.1821403802308531,0
professional,0,0.11399355,0.013102728192226396,0.07363721999097518,0
professional,0,0.39340088,0.4591133308333513,0.4196858649222993,0
professional,0,0.26788303,0.07041715243488626,0.1888966864706281,0
professional,0,0.19855684,0.20343556635219226,0.20050833228285458,0
professional,0,0.19833316,0.09314738555472436,0.15625885265557504,0
professional,0,0.61723405,0.7250193852905122,0.6603481908132112,1
professional,0,0.10256642,0.008457078447111733,0.06492268623319002,0
professional,0,0.3083402,0.17854244510884631,0.2564210931482138,0
professional,0,0.13679247,0.013594369166524983,0.08751323176361393,0
professional,0,0.1799869,0.15653930651944184,0.1706078650466653,0
professional,1,0.6486727,0.6599206945105973,0.6531719156426026,1
professional,0,0.2788869,0.1659959780216787,0.2337305487013091,0
professional,0,0.6148759,0.6838241482036362,0.6424552307231048,1
professional,0,0.12589547,0.021933063948993862,0.08431051227841575,0
professional,1,0.62661916,0.5329268293108252,0.5891422576318466,1
professional,0,0.28265235,0.4928783297509739,0.3667427438485936,0
professional,1,0.67397016,0.6395336199117939,0.6601955576067464,1
professional,1,0.2970296,0.2507894247009523,0.27853353854950935,0
professional,0,0.61461633,0.6696073169991574,0.6366127513045152,1
professional,0,0.44083765,0.44613714362168927,0.44295747218523274,0
professional,1,0.55521566,0.607296120449574,0.5760478541551715,1
professional,1,0.54221654,0.3770238973293985,0.4761394885219846,0
professional,0,0.19569537,0.04373273087437911,0.13491031610129658,0
professional,0,0.5815462,0.6364111896932163,0.6034922121596351,1
professional,0,0.14400132,0.03511673537873143,0.10044748615417048,0
professional,1,0.42711836,0.17011192356370905,0.3243158039046249,0
professional,0,0.17896056,0.06294536141901308,0.13255448906957742,0
professional,1,0.5862445,0.47169668456659974,0.5404254117836407,1
professional,0,0.11073058,0.013054971971642211,0.07166034334044903,0
professional,0,0.5898716,0.5172430296593555,0.5608201750061372,1
professional,1,0.6016704,0.38436962769643424,0.5147500876832642,1
professional,0,0.18759845,0.06793992208207991,0.13973504150615274,0
professional,0,0.69536215,0.6788733375745605,0.6887666492731408,1
professional,0,0.15411098,0.031492361386663774,0.1050635373433618,0
professional,0,0.50796115,0.23061937580621247,0.3970244486733914,0
professional,1,0.521601,0.2454657306202235,0.4111469169429136,0
professional,0,0.5552146,0.26619106441369467,0.43960517608972716,0
professional,0,0.08852199,0.0040159022611568,0.054719556949623015,0
professional,0,0.4105476,0.13409361240485052,0.2999660223611941,0
professional,0,0.19689634,0.062493680534330416,0.1431352863182892,0
professional,1,0.5760933,0.354117635650758,0.48730306178860827,0
professional,0,0.114824355,0.016034972941541232,0.0753086064361189,0
professional,0,0.24893412,0.15589949116880536,0.21172027439186908,0
professional,0,0.36698508,0.23940303220993472,0.3159522743807085,0
professional,0,0.22486532,0.24236272682487411,0.23186428709721346,0
professional,0,0.1930827,0.15296966867933617,0.17703749651626724,0
professional,0,0.16928399,0.10511498568964153,0.14361639189128936,0
professional,0,0.22126205,0.10606247312622362,0.17518222084362148,0
professional,0,0.16180475,0.02406533282351414,0.1067089864466664,0
professional,0,0.23712629,0.29142878878365286,0.25884729595283795,0
professional,0,0.22656082,0.10635952294613493,0.17848030782042174,0
professional,0,0.74527466,0.7129765215316453,0.7323554123560205,1
professional,0,0.37927428,0.26447026762267434,0.3333526803370336,0
professional,0,0.5582763,0.23308979535020025,0.4282017134186293,0
professional,0,0.25211808,0.2027047805098535,0.23235276369682317,0
professional,1,0.5636942,0.5367492325896127,0.5529162064311546,1
professional,0,0.17876776,0.21080653309792902,0.19158327257621538,0
professional,0,0.21374746,0.14302422658802302,0.18545817357779038,0
professional,0,0.29460645,0.08975125584378586,0.21266437961012025,0
professional,0,0.17039956,0.05902597340049869,0.12585013223529867,0
professional,1,0.75159705,0.8215106664155175,0.779562518519332,1
professional,0,0.1390489,0.0843894117642657,0.11718510870413845,0
professional,0,0.11169932,0.007099532383587366,0.06985940964933492,0
professional,0,0.13608205,0.04974520617037821,0.1015473188492052,0
professional,0,0.2630453,0.11905050413217214,0.20544740015827045,0
professional,1,0.42658085,0.17784255620439815,0.32708553622802083,0
professional,1,0.6011194,0.4817457891798226,0.5533699551143729,1
professional,0,0.7200893,0.7699408926013254,0.7400299528218565,1
professional,0,0.21339355,0.10213455984877803,0.16888996533508005,0
professional,0,0.16318125,0.06874712238006832,0.1254075991284571,0
professional,0,0.3237359,0.20024189582835875,0.2743382969751805,0
professional,0,0.38093445,0.2070381656686435,0.3113759374777464,0
professional,0,0.10990109,0.014153075862707998,0.07160188611300083,0
professional,0,0.618542,0.5291898708109691,0.582801169576829,1
professional,1,0.5245984,0.4706899539158428,0.5030350572079691,1
professional,0,0.12027998,0.028673075352619776,0.08363722273290582,0
professional,0,0.41782856,0.43711821596832956,0.4255444223126248,0
professional,0,0.26782843,0.2482955915200941,0.26001530935240713,0
professional,0,0.7133394,0.6615008102488397,0.6926039630823086,1
professional,0,0.3916574,0.2547026939096525,0.33687553373585044,0
professional,0,0.41014212,0.4630201615627461,0.4312933507655403,0
professional,0,0.21236114,0.11936567800452771,0.17516295642539048,0
professional,0,0.19125706,0.1801357446077749,0.1868085350777024,0
professional,1,0.68587065,0.709645197473735,0.6953804972500683,1
professional,0,0.12704761,0.03166923136270089,0.08889626646342294,0
professional,0,0.47132936,0.3073427768181775,0.405734745328864,0
professional,0,0.14366047,0.06623635287824178,0.11269082961775026,0
professional,0,0.11632478,0.010232285868031989,0.0738877852602415,0
professional,0,0.1251793,0.015191510680040347,0.08118419363606796,0
professional,0,0.14544395,0.10919899203616384,0.13094596746857168,0
professional,0,0.22348577,0.1150092059200421,0.18009514903328477,0
professional,0,0.47698873,0.4793657243015809,0.4779395413304346,0
professional,0,0.09801193,0.012639361725662164,0.06386290539559285,0
professional,0,0.09881082,0.02773584213021569,0.07038083066011736,0
professional,0,0.2771374,0.20963552139593788,0.2501366537507122,0
professional,0,0.63593423,0.37227200163091356,0.5304693646935031,1
professional,0,0.13929917,0.028703801706157918,0.09506102368224573,0
professional,0,0.1891559,0.04557478497946545,0.13172346083531494,0
professional,0,0.67247427,0.5838784740642886,0.6370359725267164,1
professional,0,0.097491965,0.0037814956882020623,0.06000778081927382,0
professional,0,0.1983342,0.15937652589745555,0.18275113464143766,0
professional,0,0.1649374,0.06568010420440715,0.12523449021911257,0
professional,0,0.112406515,0.007100111313187222,0.07028395923675027,0
professional,0,0.1881989,0.12997568596735667,0.1649096124344471,0
professional,0,0.30092,0.12558831726810174,0.23078733267506296,0
professional,0,0.099426374,0.028706332383349284,0.07113835949214091,0
professional,0,0.5967877,0.5659879980584702,0.5844678377350458,1
professional,0,0.3807919,0.28046850899364895,0.3406625570436571,0
professional,1,0.69654983,0.6994633078464974,0.6977152407125278,1
professional,0,0.43163478,0.2068894484782462,0.3417366496381857,0
professional,0,0.1739808,0.1820878493596195,0.17722362261251923,0
professional,1,0.65687853,0.5296085611023865,0.6059705549493775,1
professional,0,0.66861606,0.6645621933075048,0.6669945350302162,1
professional,0,0.47461754,0.2061391217488271,0.36722619704318926,0
professional,0,0.20570046,0.06237756695094899,0.1483713025281556,0
professional,0,0.09436356,0.006567223737522235,0.05924502864276738,0
professional,0,0.6395279,0.487512407685051,0.5787217251399078,1
professional,0,0.61119306,0.42019902708461915,0.53479545927974,1
professional,0,0.58572984,0.28002144281577973,0.46344650341873134,0
professional,0,0.23874676,0.1004930619679524,0.18344529109329516,0
professional,1,0.48180285,0.2670815161552144,0.3959143289600258,0
professional,0,0.11739049,0.03108648310598209,0.08286888788341075,0
professional,0,0.1368197,0.028701635886725023,0.093572477574943,0
professional,0,0.3376177,0.4140111870519202,0.3681751069208734,0
professional,0,0.5891393,0.3970060287896242,0.512285999019283,1
professional,0,0.20015863,0.0554600100350316,0.14227918249892932,0
professional,1,0.5128171,0.39455855427374437,0.4655136845039924,0
professional,0,0.53902054,0.40726788073433656,0.486319481252246,0
professional,0,0.17329116,0.04885473655861597,0.12351659459750644,0
professional,0,0.38554358,0.15776354523362854,0.29443158090854543,0
professional,0,0.10757773,0.008713972706007092,0.06803223377005542,0
professional,1,0.6041618,0.393210082497216,0.5197811242922213,1
professional,0,0.12266006,0.01065382369360783,0.07785756740173283,0
professional,0,0.10993332,0.011585930280243064,0.07059436213666388,0
professional,0,0.25139552,0.12593703653732607,0.2012121317240384,0
professional,0,0.2686425,0.3559581044091738,0.303568744769651,0
professional,0,0.11767217,0.008249615699893267,0.07390314989123584,0
professional,0,0.1648899,0.03194173458336141,0.11171063644933044,0
professional,0,0.20142631,0.09418924236743031,0.15853149030386757,0
professional,0,0.14561795,0.0735173901767147,0.11677772426011612,0
professional,0,0.13719185,0.03667333529661481,0.09698444378880813,0
professional,0,0.21623512,0.05567579421179992,0.15201139033944408,0
professional,0,0.44097424,0.4729639786217369,0.4537701327694955,0
professional,0,0.2037252,0.14094020233856294,0.17861120772880973,0
professional,0,0.6147849,0.5607109517235986,0.5931553244741532,1
professional,0,0.4287062,0.25405653638439246,0.3588463398726657,0
professional,1,0.6691191,0.5334814214516957,0.6148640642090353,1
professional,0,0.25678605,0.21820576843039674,0.2413539364195525,0
professional,0,0.11408363,0.009430393751719638,0.07222234017700316,0
professional,0,0.50439817,0.39572661450924956,0.46092956396509205,0
professional,0,0.17017236,0.09286909351411161,0.1392510570075619,0
professional,0,0.12851468,0.009253024373970672,0.08081001761139323,0
professional,0,0.5615164,0.584666368661301,0.5707764078370637,1
professional,0,0.5109303,0.40742184222226474,0.46952692866518153,0
professional,0,0.18271042,0.12224345284595381,0.15852363706785158,0
professional,0,0.14097185,0.033478531819693146,0.09797453128580726,0
professional,0,0.13922513,0.00873431372447363,0.08702880067747255,0
professional,0,0.6226362,0.6306598345063423,0.625845671082429,1
professional,0,0.13580965,0.018615222573024615,0.08893188202370905,0
enterprise,0,0.012607207,0.07740332307693101,0.03852565365071789,0
enterprise,1,0.095101364,0.2535845873841644,0.15849465407288077,0
enterprise,0,0.015003503,0.0620526650666504,0.033823168565603454,0
enterprise,0,0.032141667,0.05648199916735731,0.041877800527634,0
enterprise,0,0.0037650722,0.008924266107211956,0.005828749953888039,0
enterprise,0,0.020006359,0.09272417552622153,0.04909348594338494,0
enterprise,0,0.006038821,0.03881347207040071,0.019148681376742242,0
enterprise,0,0.01460748,0.09619814540376892,0.04724374678405377,0
enterprise,1,0.6513614,0.6778949480851028,0.661974846585573,1
enterprise,0,0.026184231,0.278308903721315,0.1270341016043593,0
enterprise,0,0.01572842,0.06501793599117026,0.03544422692949861,0
enterprise,0,0.0014178015,0.009898529229564386,0.004810092616312124,0
enterprise,0,0.22451477,0.2722402241270343,0.24360495612782634,0
enterprise,0,0.5880547,0.3042220581686144,0.4745216770615437,0
enterprise,0,0.020511577,0.008309121433696331,0.015630594903251006,0
enterprise,1,0.12937996,0.0652033142633942,0.10370930492431749,0
enterprise,0,0.0021072128,0.02698728414833888,0.012059241330714404,0
enterprise,0,0.04390362,0.1802522088342837,0.09844305570935931,0
enterprise,0,0.011527976,0.07900843069198862,0.03852015835515911,0
enterprise,0,0.009692165,0.029122852285511053,0.01746444014203817,0
enterprise,0,0.6104218,0.5903758598755771,0.602403421934087,1
enterprise,0,0.007620038,0.02547151605216209,0.014760629592796342,0
enterprise,1,0.5152392,0.39131520606670767,0.4656695958677689,0
enterprise,0,0.11617116,0.4664065866951235,0.2562653344585136,0
enterprise,1,0.5426987,0.27904488654452614,0.437237175351453,0
enterprise,0,0.0067698597,0.032812094689781905,0.017186753787646867,0
enterprise,0,0.06418369,0.16958898599176078,0.10634580893408645,0
enterprise,0,0.008863254,0.016126543330776143,0.011768570281864186,0
enterprise,0,0.012737588,0.07536123545343773,0.03778704736928183,0
enterprise,0,0.021746527,0.12885053798636206,0.06458813200922969,0
enterprise,0,0.23795779,0.13802758989290712,0.19798572217447089,0
enterprise,0,0.510264,0.5219663576951472,0.5149449366995036,1
enterprise,0,0.00617699,0.04382933101445733,0.021237926633344287,0
enterprise,0,0.027050339,0.06544959509860213,0.042410041250748376,0
enterprise,0,0.10542017,0.05556610539867816,0.08547854846840834,0
enterprise,0,0.6885337,0.7331708044572528,0.7063885617559693,1
enterprise,1,0.850252,0.7234160926500893,0.7995176445070877,1
enterprise,0,0.15700227,0.3548450378660499,0.2361393787695622,0
enterprise,1,0.26800674,0.5245797614399083,0.3706359527565435,0
enterprise,0,0.0049486244,0.01909444380486848,0.010606952400619159,0
enterprise,0,0.0009624821,0.005566184589126635,0.0028039631572363984,0
enterprise,0,0.017576126,0.05568277302682331,0.03281878578484031,0
enterprise,0,0.1217091,0.11144777761734243,0.11760457605853365,0
enterprise,1,0.6155141,0.39082405417785254,0.5256380933508286,1
enterprise,0,0.027120655,0.026009700945680742,0.026676274364855056,0
enterprise,0,0.014387446,0.022668133524942395,0.017699721469635964,0
enterprise,0,0.5289423,0.28308283811675383,0.43059851338810473,0
enterprise,0,0.046956576,0.18251795741235283,0.10118113067175971,0
enterprise,0,0.021283925,0.13565924912570074,0.06703405532937509,0
enterprise,0,0.004999727,0.058615267189699775,0.026445943222014455,0
enterprise,1,0.83663166,0.6336715211532608,0.7554476018771368,1
enterprise,0,0.047977563,0.05783769991504304,0.05192161813480517,0
enterprise,0,0.23034595,0.6515700866418002,0.398835604375081,0
enterprise,0,0.677072,0.33670259269827046,0.5409242421498038,1
enterprise,1,0.24311344,0.3960752608444798,0.3042981822119756,0
enterprise,1,0.16117904,0.2155354082421213,0.18292158930841088,0
enterprise,0,0.0022489126,0.00689582726609171,0.004107678549990895,0
enterprise,0,0.15292193,0.22965764866282432,0.18361622190876759,0
enterprise,0,0.056104943,0.15360217188975372,0.09510383613976303,0
enterprise,0,0.0057346467,0.06804476496004865,0.030658694232573332,0
enterprise,0,0.5103035,0.29473626658906965,0.42407662290569315,0
enterprise,0,0.06658534,0.1958869020601201,0.11830596607764912,0
enterprise,0,0.004440527,0.009496750921336438,0.006463016581292997,0
enterprise,0,0.13434902,0.26989356932880354,0.18856683873272687,0
enterprise,0,0.025550175,0.043388069880750536,0.03268533397227397,0
enterprise,0,0.050973795,0.12145379722032208,0.07916579647327765,0
enterprise,1,0.23918101,0.3584079324058445,0.2868717860719264,0
enterprise,0,0.0108273765,0.019348867043942074,0.014235973001307193,0
enterprise,0,0.0037857022,0.026031664704749383,0.012684087368411581,0
enterprise,0,0.016832892,0.055733613101027785,0.03239318035140927,0
enterprise,0,0.0038059333,0.03549447433391428,0.016481349845684435,0
enterprise,0,0.004297488,0.01194337146097816,0.007355841326423077,0
enterprise,0,0.014011556,0.014319851067806498,0.014134874755499845,0
enterprise,0,0.012278733,0.09095249615081492,0.04374823825967647,0
enterprise,0,0.003244995,0.04267341615806074,0.019016363477098647,0
enterprise,0,0.011849267,0.04057664657449281,0.023340219167880438,0
enterprise,0,0.68689877,0.5604249129408096,0.6363092319056787,1
enterprise,0,0.20731519,0.16931962176315488,0.19211696815153956,0
enterprise,1,0.0024198925,0.03919904888204551,0.017131555055518714,0
enterprise,1,0.16550423,0.23417293369695166,0.19297171866863816,0
enterprise,0,0.0028859288,0.013896041574219292,0.0072899740520052814,0
enterprise,0,0.00390658,0.01658499563248258,0.008977946485003038,0
enterprise,0,0.008281661,0.026996354184588702,0.0157675387648904,0
enterprise,0,0.0033296894,0.02053526771813788,0.010211920902506144,0
enterprise,1,0.33814836,0.41124305220735774,0.36738624609427734,0
enterprise,1,0.5043015,0.6391818430958217,0.5582536302780321,1
enterprise,0,0.006290215,0.005144592098052726,0.005831965926326484,0
enterprise,0,0.10387502,0.29839662966512837,0.1816836638048617,0
enterprise,0,0.030334234,0.12631709153792467,0.06872737753030145,0
enterprise,0,0.28758374,0.18812658510469277,0.2478008801613763,0
enterprise,0,0.024207897,0.05021412275438749,0.03461038833739457,0
enterprise,0,0.009738053,0.07725003500162704,0.03674284591775792,0
enterprise,0,0.023422375,0.11580607168770987,0.060375854426710444,0
enterprise,0,0.010330375,0.033056989993033435,0.019421021540116323,0
enterprise,0,0.06378701,0.12902085490838758,0.08988055142885873,0
enterprise,0,0.0020538021,0.004489556110244353,0.0030281037713453607,0
enterprise,0,0.0036302612,0.010296073640672369,0.006296586204682987,0
enterprise,0,0.16540907,0.38618155285943495,0.2537180725345173,0
enterprise,0,0.012880483,0.0192133948179933,0.015413647740000588,0
enterprise,1,0.6828059,0.5084633997924326,0.6130689152815818,1
enterprise,0,0.012456515,0.08652298859472762,0.04208310473398642,0
enterprise,0,0.0059610177,0.027167129267531242,0.014443462410033785,0
enterprise,1,0.5593654,0.3587944054824618,0.47913700319220653,0
enterprise,0,0.10379752,0.2739263318695734,0.1718490456131343,0
enterprise,0,0.00337775,0.011489570921697907,0.006622478491977331,0
enterprise,0,0.1349331,0.19725677320734933,0.1598625732436827,0
enterprise,0,0.08948393,0.07545060827908971,0.08387060603331747,0
enterprise,1,0.9523226,0.7514643215079826,0.871979337650129,1
enterprise,0,0.06430337,0.2546721179560003,0.1404508704155754,0
enterprise,0,0.056280587,0.23737012396479507,0.12871640170703275,0
enterprise,0,0.009816628,0.03612449057186467,0.020339773091563873,0
enterprise,0,0.00867453,0.0219089646906481,0.013968304436239634,0
enterprise,0,0.022392202,0.1894669241573881,0.08922209152297064,0
enterprise,0,0.020716706,0.030922811297636466,0.024799148852352793,0
enterprise,0,0.07947283,0.35912088484988974,0.1913320548591072,0
enterprise,0,0.07690019,0.06431748876412864,0.07186711121376417,0
enterprise,0,0.22095893,0.20061990167104676,0.21282332358917982,0
enterprise,0,0.0020500664,0.00976070297458287,0.005134321056474312,0
enterprise,0,0.09013598,0.2768760452774107,0.16483200709450008,0
enterprise,0,0.004750867,0.027625774608752856,0.013900830035215311,0
enterprise,0,0.046554174,0.2889361050197296,0.14350694806253167,0
enterprise,0,0.06582851,0.028506189357164084,0.05089958301024539,0
enterprise,0,0.6682529,0.5531180319742737,0.622198955915625,1
enterprise,0,0.015803529,0.022893000212359904,0.018639317454714966,0
enterprise,1,0.34872842,0.4901426991707567,0.40529413365866673,0
enterprise,0,0.100510314,0.30773075328988364,0.18339849276035042,0
enterprise,0,0.0029139733,0.02417359359874201,0.011417821532431234,0
enterprise,0,0.007054477,0.15051401084503668,0.06443829081665928,0
enterprise,0,0.00062340585,0.0009647449526932978,0.000759941516052818,0
enterprise,0,0.65051126,0.3454843683505253,0.5285005181417544,1
enterprise,0,0.04747043,0.09522229104746982,0.06657117660148781,0
enterprise,0,0.03679734,0.060234803010648735,0.046172327269961934,0
enterprise,0,0.011946911,0.05382550749321446,0.028698349778909147,0
enterprise,0,0.0067566084,0.06244377890133531,0.02903147677144874,0
enterprise,0,0.42853794,0.7375224382299511,0.552131760144962,1
enterprise,0,0.012066511,0.0987276927250404,0.046730984138658796,0
enterprise,0,0.0041293846,0.011691413709806565,0.00715419645678487,0
enterprise,0,0.66254926,0.3655204389875634,0.5437377478434843,1
enterprise,0,0.6369411,0.24032182430049534,0.4782933868361344,0
enterprise,0,0.0027122987,0.006131800130033042,0.004080099265473007,0
enterprise,0,0.024327196,0.05571543138547976,0.0368824904489487,0
enterprise,0,0.0055601266,0.006392036079443822,0.005892890590807729,0
enterprise,1,0.73724914,0.7907942595668739,0.7586671973303201,1
enterprise,0,0.006481216,0.04037898404786375,0.02004032334604119,0
enterprise,0,0.08144898,0.10496824496098547,0.09085668802503025,0
enterprise,0,0.033309575,0.13463654264737493,0.07384036365123323,0
enterprise,0,0.0067998595,0.015820419516549396,0.010408083855414745,0
enterprise,0,0.0035555672,0.00665838842732013,0.004796695712898377,0
enterprise,0,0.31718433,0.24193384218033528,0.2870841491930341,0
enterprise,0,0.022506338,0.08146859879864668,0.046091242459708116,0
enterprise,0,0.0061873696,0.040439566826431475,0.019888248712190398,0
enterprise,1,0.6061384,0.7127634774027767,0.6487884358715417,1
enterprise,0,0.004880813,0.02588905215682096,0.01328410881925228,0
enterprise,0,0.050078794,0.2564634559371341,0.13263265936347918,0
enterprise,1,0.009356271,0.09706475516419834,0.04443966448535016,0
enterprise,1,0.09615817,0.08569372556259866,0.09197239473124598,0
enterprise,0,0.0077550486,0.11380126398255043,0.05017353473683045,0
enterprise,1,0.9533598,0.8749240340223121,0.921985495147316,1
enterprise,0,0.06654875,0.16215549957751912,0.10479145194887989,0
enterprise,0,0.0018446196,0.023990044243724442,0.010702789570799986,0
enterprise,0,0.020562034,0.19764601389357872,0.09139562639013699,0
enterprise,1,0.018620927,0.028439154570604835,0.02254821814658462,0
enterprise,0,0.12736644,0.18202655730977366,0.14923049049907808,0
enterprise,0,0.6020558,0.4420773019725845,0.5380643936131305,1
enterprise,0,0.005416062,0.08057061140339876,0.03547788211110256,0
enterprise,0,0.01068006,0.028857225344736268,0.017950926358713266,0
enterprise,1,0.8907245,0.8350329309319748,0.8684479081477838,1
enterprise,0,0.035438314,0.04175921427248576,0.03796667415713731,0
enterprise,0,0.008308935,0.020070354343508366,0.013013503097416832,0
enterprise,0,0.0021760457,0.02180779444336398,0.01002874518112641,0
enterprise,0,0.012948429,0.030500563753849307,0.019969283494385495,0
enterprise,0,0.024213744,0.0571228691209741,0.03737739517616779,0
enterprise,0,0.45578074,0.44042651325913273,0.44963906991661395,0
enterprise,0,0.015994761,0.1446528327147431,0.06745799032818345,0
enterprise,0,0.031160358,0.08247965321188813,0.05168807628848412,0
enterprise,0,0.5063002,0.40332028576561696,0.46510825279883106,0
enterprise,0,0.028351072,0.0571686142495109,0.03987808977805906,0
enterprise,0,0.023622252,0.06223517143314075,0.03906742073281603,0
enterprise,0,0.09898468,0.29734349873356153,0.17832820888039325,0
enterprise,0,0.03847112,0.11542760636808451,0.06925371609688591,0
enterprise,0,0.5721436,0.8380506500521477,0.6785064464775394,1
enterprise,0,0.03147347,0.041120096504384765,0.03533211999523421,0
enterprise,0,0.6746329,0.31035851093887173,0.5289231664051965,1
enterprise,0,0.20021416,0.4221905023077718,0.28900470585503546,0
enterprise,1,0.7840659,0.8141347330987433,0.7960934465003006,1
enterprise,1,0.76030105,0.6370890399890368,0.7110162779123474,1
enterprise,0,0.25138152,0.18024950642591073,0.22292871542455894,0
enterprise,0,0.8383946,0.498526468630408,0.7024473844988246,1
enterprise,0,0.20610519,0.3015516211120019,0.24428376841655292,0
enterprise,0,0.13794236,0.13844246271059296,0.13814240039509687,0
enterprise,1,0.15130141,0.08119689878984718,0.12325961374109756,0
enterprise,0,0.35857996,0.49412420067082075,0.4127976672764231,0
enterprise,1,0.098330945,0.2511014184925445,0.15943913724317108,0
enterprise,0,0.0082870275,0.03714278497661645,0.019829330663841946,0
enterprise,0,0.025481738,0.0824383357404023,0.0482643773724973,0
enterprise,0,0.8554654,0.7053791226043741,0.7954309082466142,1
enterprise,0,0.0052468795,0.04286737733201973,0.02029507874570009,0
enterprise,0,0.0051646307,0.021313172807866054,0.011624047782624252,0
enterprise,1,0.09094924,0.14233306248165664,0.11150277112594245,0
enterprise,0,0.12698933,0.18241315398039584,0.14915886248517896,0
enterprise,0,0.003822373,0.016877870533019073,0.009044572195544748,0
enterprise,0,0.5695497,0.36222809758732083,0.48662105880955603,0
enterprise,0,0.036285445,0.32910951650868664,0.1534150736599398,0
enterprise,1,0.8125016,0.3608400521913451,0.6318370162741058,1
enterprise,0,0.06315888,0.04344926938109142,0.05527503704902546,0
enterprise,0,0.012399045,0.032616585161482074,0.020486061142363066,0
enterprise,0,0.011575988,0.05453747183712029,0.028760581551767205,0
enterprise,0,0.0079065915,0.04078565251233739,0.021058216103027515,0
enterprise,0,0.65583396,0.5945309371887101,0.6313127625440936,1
enterprise,0,0.0030448344,0.022072567918134788,0.010655927806825165,0
enterprise,0,0.048831258,0.34287319197209737,0.16644803306043968,0
enterprise,0,0.0022366215,0.025712976401625724,0.011627163526397408,0
enterprise,0,0.02496237,0.2328541615202233,0.10811908715095937,0
enterprise,0,0.006470151,0.055405736535944154,0.026044385175469562,0
enterprise,0,0.087223984,0.33899596010482086,0.18793277834787278,0
enterprise,0,0.44506708,0.30544985717085654,0.3892201955538895,0
enterprise,0,0.0824147,0.12289473596766906,0.09860671608072646,0
enterprise,0,0.0017905895,0.007160629686652688,0.003938605689717459,0
enterprise,0,0.02387738,0.09502272914675701,0.05233552065323921,0
enterprise,0,0.9146886,0.8364878122568612,0.8834082891369059,1
enterprise,0,0.0040757875,0.0339066239280991,0.016008122208431057,0
enterprise,0,0.0027982527,0.008938189339189445,0.0052542274023661874,0
enterprise,0,0.02236855,0.31250083471263757,0.13842146425167842,0
enterprise,0,0.25575587,0.39204967681520697,0.31027339960715583,0
enterprise,1,0.7083084,0.7555127094294793,0.7271901349268821,1
enterprise,0,0.0140615385,0.03318707711029467,0.021711754690720307,0
enterprise,0,0.0036436545,0.035696305802296706,0.016464715218998435,0
enterprise,0,0.014923038,0.01625907967377265,0.015457454646184286,0
enterprise,1,0.28949612,0.4390797154345084,0.34932956640871243,0
enterprise,0,0.03878157,0.10479776146430093,0.06518804637558587,0
enterprise,0,0.013742464,0.15329333299222897,0.06956281158108835,0
enterprise,0,0.06421816,0.16880016325298935,0.10605096637560522,0
enterprise,1,0.36518955,0.4150381464371306,0.38512899591959404,0
enterprise,1,0.2996152,0.322775913750209,0.3088794940611035,0
enterprise,0,0.033737488,0.09231899866159013,0.057170093064289294,0
enterprise,0,0.007696805,0.0185166019696665,0.012024723914709576,0
enterprise,0,0.005843525,0.028759408457691583,0.015009878322304333,0
enterprise,1,0.047931764,0.05937563927510445,0.05250931613758828,0
