record_id,plan,actual_churn,churn_probability,prediction_optimal,prediction_threshold_0.25,prediction_threshold_0.30,prediction_threshold_0.50,xgb_probability,cat_probability,risk_level
1,starter,1,0.4436744002304714,1,1,1,0,0.45827734,0.4217699537183446,HIGH
2,starter,0,0.0671305120000737,0,0,0,0,0.10119318,0.0160365048819526,LOW
3,starter,0,0.0840818315648636,0,0,0,0,0.09713735,0.0644985567538941,LOW
4,starter,0,0.0865609399991491,0,0,0,0,0.13077255,0.0202435199214168,LOW
5,starter,0,0.0733601629768915,0,0,0,0,0.09548555,0.0401720758614708,LOW
6,starter,0,0.7803839828444543,1,1,1,1,0.7316864,0.8534302775743163,VERY_HIGH
7,starter,0,0.0548563447259796,0,0,0,0,0.085323885,0.0091550304648609,LOW
8,starter,1,0.6291959499800954,1,1,1,1,0.7071973,0.5121938674362387,VERY_HIGH
9,starter,0,0.0523957892930913,0,0,0,0,0.0844462,0.0043201687873423,LOW
10,starter,0,0.5792531927913327,1,1,1,1,0.68705654,0.4175481102093802,HIGH
11,starter,1,0.6429002029076434,1,1,1,1,0.6742652,0.5958526686765793,VERY_HIGH
12,starter,0,0.2441097129535828,0,0,0,0,0.34734476,0.0892571183920288,LOW
13,starter,1,0.7873380310857198,1,1,1,1,0.7584558,0.8306613136142246,VERY_HIGH
14,starter,0,0.151419698276945,0,0,0,0,0.22202836,0.045506691135039,LOW
15,starter,1,0.688190806475405,1,1,1,1,0.6774655,0.7042786940115792,VERY_HIGH
16,starter,0,0.1233274137154515,0,0,0,0,0.16560958,0.0599041444995244,LOW
17,starter,1,0.7556086700764209,1,1,1,1,0.76573277,0.7404225124932601,VERY_HIGH
18,starter,0,0.5988380898125072,1,1,1,1,0.65282756,0.5178538682776439,HIGH
19,starter,1,0.594347359624825,1,1,1,1,0.66204697,0.4927978711508761,HIGH
20,starter,0,0.2584702798659076,0,1,0,0,0.3393386,0.1371677912608956,MEDIUM
21,starter,1,0.5122119622286649,1,1,1,1,0.5335482,0.4802076113364328,HIGH
22,starter,0,0.5586959345203586,1,1,1,1,0.6023143,0.4932683515205849,HIGH
23,starter,0,0.0815121531914886,0,0,0,0,0.0951271,0.0610897318599661,LOW
24,starter,0,0.330051094781436,0,1,1,0,0.3223467,0.3416076687253451,MEDIUM
25,starter,0,0.3060624213806477,0,1,1,0,0.30435342,0.3086258997002459,MEDIUM
26,starter,0,0.2050494916276194,0,0,0,0,0.29060853,0.0767109337041918,LOW
27,starter,0,0.0557893292251036,0,0,0,0,0.08712254,0.0087895154065902,LOW
28,starter,0,0.6985407108911631,1,1,1,1,0.6930783,0.7067343430838876,VERY_HIGH
29,starter,1,0.6407456805743342,1,1,1,1,0.7076002,0.5404638773296191,VERY_HIGH
30,starter,1,0.11647645364764,0,0,0,0,0.16767108,0.0396844926119513,LOW
31,starter,0,0.2479035092524064,0,0,0,0,0.3190881,0.1411265837975772,LOW
32,starter,0,0.1373690957587789,0,0,0,0,0.1485516,0.1205953383847651,LOW
33,starter,0,0.1595339038238585,0,0,0,0,0.24526624,0.0309353714847714,LOW
34,starter,0,0.2383911808462985,0,0,0,0,0.26453036,0.1991823812653739,LOW
35,starter,0,0.5266498933504591,1,1,1,1,0.4057231,0.7080400760647083,HIGH
36,starter,0,0.1051909202693946,0,0,0,0,0.16090743,0.0216161333916204,LOW
37,starter,0,0.0575072122700275,0,0,0,0,0.090477295,0.008052082257286,LOW
38,starter,1,0.7720387883918971,1,1,1,1,0.7433795,0.8150277306480931,VERY_HIGH
39,starter,0,0.4914192241740724,1,1,1,0,0.5780412,0.3614862219275289,HIGH
40,starter,1,0.5101574730904628,1,1,1,1,0.5868699,0.3950888097365025,HIGH
41,starter,0,0.1016255538814498,0,0,0,0,0.14791061,0.0321979624910239,LOW
42,starter,0,0.2975459173778599,0,1,0,0,0.34157345,0.2315046080598994,MEDIUM
43,starter,0,0.0958552974545934,0,0,0,0,0.14038326,0.029063341042394,LOW
44,starter,1,0.4531575142790732,1,1,1,0,0.6208836,0.2015683798615777,HIGH
45,starter,1,0.6752739281207134,1,1,1,1,0.7177095,0.6116205530240658,VERY_HIGH
46,starter,1,0.7059082058994313,1,1,1,1,0.72041476,0.6841483632545519,VERY_HIGH
47,starter,0,0.0561910170504833,0,0,0,0,0.07667855,0.0254597075753869,LOW
48,starter,0,0.0959522432719319,0,0,0,0,0.13804413,0.0328144075062496,LOW
49,starter,0,0.0921042267129067,0,0,0,0,0.14461084,0.0133443074040719,LOW
50,starter,0,0.7370936961926812,1,1,1,1,0.7675561,0.691400118658392,VERY_HIGH
51,starter,0,0.2387829141872195,0,0,0,0,0.28293997,0.1725473297280738,LOW
52,starter,0,0.0602953034849016,0,0,0,0,0.08689416,0.0203970101254801,LOW
53,starter,0,0.1301535148244581,0,0,0,0,0.18172339,0.0527986893607879,LOW
54,starter,0,0.7772810911695103,1,1,1,1,0.7592973,0.8042566864589702,VERY_HIGH
55,starter,0,0.212356500976505,0,0,0,0,0.27345836,0.1207037100027553,LOW
56,starter,0,0.0626961102594881,0,0,0,0,0.09645878,0.0120521052454781,LOW
57,starter,0,0.058545423610905,0,0,0,0,0.09041494,0.0107411433356484,LOW
58,starter,1,0.7962250014345633,1,1,1,1,0.73707116,0.8849557241302697,VERY_HIGH
59,starter,0,0.0881211732434484,0,0,0,0,0.11380598,0.0495939638732008,LOW
60,starter,1,0.5713415844402806,1,1,1,1,0.7293068,0.3343937057162562,HIGH
61,starter,0,0.5965935899209063,1,1,1,1,0.6629134,0.4971138421175581,HIGH
62,starter,0,0.2081287187479454,0,0,0,0,0.2731359,0.1106179461237086,LOW
63,starter,0,0.0816933054204307,0,0,0,0,0.09468314,0.0622085453260745,LOW
64,starter,0,0.063585172899168,0,0,0,0,0.09130376,0.0220072910378408,LOW
65,starter,0,0.1629984415191693,0,0,0,0,0.17067106,0.1514894978747474,LOW
66,starter,0,0.0613628509235226,0,0,0,0,0.08887302,0.0200975860386698,LOW
67,starter,0,0.1652025151889673,0,0,0,0,0.24910143,0.0393541203541436,LOW
68,starter,0,0.1048391313046521,0,0,0,0,0.16083203,0.0208497607932255,LOW
69,starter,0,0.1721354287698228,0,0,0,0,0.24825524,0.0579556852167742,LOW
70,starter,0,0.110211358318013,0,0,0,0,0.16772544,0.0239402263097019,LOW
71,starter,1,0.2527203143914284,0,1,0,0,0.25401828,0.2507733631332075,MEDIUM
72,starter,0,0.1774297826945399,0,0,0,0,0.25613287,0.0593751354663609,LOW
73,starter,0,0.763807365627114,1,1,1,1,0.746227,0.7901778303857248,VERY_HIGH
74,starter,1,0.6252248451700018,1,1,1,1,0.7195184,0.4837844186996932,VERY_HIGH
75,starter,0,0.0657573319740821,0,0,0,0,0.10014614,0.0141741185803535,LOW
76,starter,0,0.1379750667573173,0,0,0,0,0.16535574,0.0969040390255947,LOW
77,starter,0,0.0573620982667624,0,0,0,0,0.08929407,0.0094641373060194,LOW
78,starter,0,0.0648763623134845,0,0,0,0,0.097367644,0.0161394374560698,LOW
79,starter,0,0.1144321723900245,0,0,0,0,0.18256731,0.0122294423783835,LOW
80,starter,0,0.3017939262088265,0,1,1,0,0.34336194,0.2394418623288785,MEDIUM
81,starter,0,0.8144452341717279,1,1,1,1,0.7741081,0.8749509027406066,VERY_HIGH
82,starter,0,0.2845753385468853,0,1,0,0,0.2805356,0.2906349186709852,MEDIUM
83,starter,1,0.7179434028803806,1,1,1,1,0.76070887,0.6537951597421122,VERY_HIGH
84,starter,0,0.700262827653293,1,1,1,1,0.71259755,0.681760715888451,VERY_HIGH
85,starter,0,0.2847818374741858,0,1,0,0,0.28419954,0.2856552824648187,MEDIUM
86,starter,0,0.2238465475017161,0,0,0,0,0.2913734,0.1225562584833133,LOW
87,starter,0,0.1011077445137203,0,0,0,0,0.086554036,0.1229383005171269,LOW
88,starter,0,0.1235331999091173,0,0,0,0,0.16203955,0.0657736589083734,LOW
89,starter,0,0.4914067564194173,1,1,1,0,0.5990247,0.3299797767859624,HIGH
90,starter,0,0.7733738104391148,1,1,1,1,0.7635594,0.7880953649401788,VERY_HIGH
91,starter,0,0.0587004344959813,0,0,0,0,0.08884478,0.0134839015205099,LOW
92,starter,0,0.0929458876374224,0,0,0,0,0.13841583,0.0247409728474565,LOW
93,starter,0,0.1657921955775163,0,0,0,0,0.1979109,0.117614116716122,LOW
94,starter,1,0.7401671315338048,1,1,1,1,0.73009413,0.7552765819196484,VERY_HIGH
95,starter,0,0.5126735019571477,1,1,1,1,0.65089583,0.3053399294333888,HIGH
96,starter,0,0.0877303296928537,0,0,0,0,0.13387066,0.0185198248935074,LOW
97,starter,0,0.8107210141505434,1,1,1,1,0.77960575,0.8573939010713584,VERY_HIGH
98,starter,1,0.6267130863000426,1,1,1,1,0.71526456,0.4938858477596128,VERY_HIGH
99,starter,0,0.0962515200754329,0,0,0,0,0.15224153,0.0122664932361059,LOW
100,starter,0,0.1362787169569435,0,0,0,0,0.19491835,0.0483192645891761,LOW
101,starter,0,0.7438139513044955,1,1,1,1,0.72561806,0.7711077220512927,VERY_HIGH
102,starter,0,0.1812989021136249,0,0,0,0,0.26634437,0.0537306951467903,LOW
103,starter,0,0.5809333533243117,1,1,1,1,0.671116,0.4456593618283115,HIGH
104,starter,1,0.6368836903089237,1,1,1,1,0.6606858,0.60118052947371,VERY_HIGH
105,starter,1,0.4848592596629745,1,1,1,0,0.3867687,0.631995093668373,HIGH
106,starter,0,0.8244350070783151,1,1,1,1,0.7849696,0.8836330014041691,VERY_HIGH
107,starter,0,0.0993730426686714,0,0,0,0,0.15272857,0.0193397330387707,LOW
108,starter,0,0.1834501532211748,0,0,0,0,0.24207401,0.0955143341160932,LOW
109,starter,0,0.0875825019329938,0,0,0,0,0.13426967,0.0175517503545068,LOW
110,starter,0,0.1267193612219974,0,0,0,0,0.18778943,0.0351142465477398,LOW
111,starter,1,0.5881137809510598,1,1,1,1,0.6840608,0.4441931747783148,HIGH
112,starter,0,0.1268146201068992,0,0,0,0,0.16891143,0.0636694056527899,LOW
113,starter,0,0.0428728786851652,0,0,0,0,0.069934644,0.0022802291427274,LOW
114,starter,0,0.054216883659368,0,0,0,0,0.086431645,0.0058947400003804,LOW
115,starter,0,0.0990641350301943,0,0,0,0,0.14725015,0.026785119064858,LOW
116,starter,0,0.1788961496257965,0,0,0,0,0.25528085,0.0643190881371955,LOW
117,starter,0,0.0992367928552497,0,0,0,0,0.14369473,0.0325498892187747,LOW
118,starter,0,0.0492742247970709,0,0,0,0,0.078915484,0.004812330030354,LOW
119,starter,0,0.0886195465882996,0,0,0,0,0.1400143,0.0115273930033991,LOW
120,starter,0,0.179193200934385,0,0,0,0,0.27286187,0.03869020012134,LOW
121,starter,1,0.6946696332632262,1,1,1,1,0.7268033,0.6464690694060817,VERY_HIGH
122,starter,0,0.2444391953901084,0,0,0,0,0.28131723,0.1891221374163111,LOW
123,starter,0,0.0687006643423082,0,0,0,0,0.093536034,0.0314476076534991,LOW
124,starter,0,0.0573090912100031,0,0,0,0,0.0876917,0.0117351676514632,LOW
125,starter,0,0.103414124140938,0,0,0,0,0.16482092,0.0113039051239688,LOW
126,starter,0,0.6928962476880457,1,1,1,1,0.7129992,0.6627417375224595,VERY_HIGH
127,starter,0,0.350003322764127,1,1,1,0,0.28305104,0.4504317189352922,MEDIUM
128,starter,1,0.6427471500590194,1,1,1,1,0.705707,0.5483073398358497,VERY_HIGH
129,starter,0,0.0498622055542822,0,0,0,0,0.08073341,0.0035553880513597,LOW
130,starter,1,0.4674963662581928,1,1,1,0,0.5351352,0.3660380864037294,HIGH
131,starter,0,0.6186082140871079,1,1,1,1,0.63451415,0.5947492461075861,VERY_HIGH
132,starter,0,0.2900594403183847,0,1,0,0,0.31662792,0.2502066840321793,MEDIUM
133,starter,0,0.0594251147779847,0,0,0,0,0.089335985,0.0145588049970629,LOW
134,starter,1,0.7253038078130867,1,1,1,1,0.77643764,0.6486030145440462,VERY_HIGH
135,starter,0,0.0658246692195311,0,0,0,0,0.10394577,0.0086430096811987,LOW
136,starter,0,0.6417726266974424,1,1,1,1,0.68997604,0.5694674672172007,VERY_HIGH
137,starter,0,0.0594781355841223,0,0,0,0,0.0881195,0.0165160880196254,LOW
138,starter,0,0.3084454799527865,0,1,1,0,0.28551054,0.3428478824185683,MEDIUM
139,starter,1,0.4332989496714008,1,1,1,0,0.58724207,0.20238422918472,HIGH
140,starter,0,0.3561780840484273,1,1,1,0,0.3111208,0.423763975582513,MEDIUM
141,starter,0,0.6324347398666924,1,1,1,1,0.65950745,0.59182565460314,VERY_HIGH
142,starter,0,0.5327601443902049,1,1,1,1,0.6034138,0.4267796156742657,HIGH
143,starter,0,0.198998969390294,0,0,0,0,0.27787307,0.0806878050026821,LOW
144,starter,0,0.0592777787473108,0,0,0,0,0.08987857,0.0133765914356475,LOW
145,starter,0,0.0580664131590733,0,0,0,0,0.09148264,0.0079420683406316,LOW
146,starter,1,0.4985689587457005,1,1,1,0,0.5924526,0.3577435183184901,HIGH
147,starter,0,0.753434415873907,1,1,1,1,0.77270776,0.7245243246779393,VERY_HIGH
148,starter,1,0.630744968731323,1,1,1,1,0.702462,0.5231693508205789,VERY_HIGH
149,starter,0,0.1242146817730434,0,0,0,0,0.1450636,0.0929413060065527,LOW
150,starter,0,0.6056443017616678,1,1,1,1,0.64646965,0.544406215820414,VERY_HIGH
151,starter,1,0.6784558662452178,1,1,1,1,0.6723197,0.6876600704287184,VERY_HIGH
152,starter,0,0.2823908497781865,0,1,0,0,0.35270852,0.1769143392372409,MEDIUM
153,starter,1,0.7808957247305217,1,1,1,1,0.7601511,0.8120126645684993,VERY_HIGH
154,starter,1,0.198080279451967,0,0,0,0,0.26668432,0.0951741835036892,LOW
155,starter,0,0.070338555464126,0,0,0,0,0.08845294,0.0431669709309373,LOW
156,starter,0,0.227818156568684,0,0,0,0,0.3001365,0.1193406315855132,LOW
157,starter,0,0.0482776860283938,0,0,0,0,0.07818974,0.0034096060661295,LOW
158,starter,0,0.7202961591790553,1,1,1,1,0.7132091,0.7309267292197636,VERY_HIGH
159,starter,0,0.0541769298535291,0,0,0,0,0.08589038,0.0066067452534299,LOW
160,starter,1,0.4076906158494565,1,1,1,0,0.53187287,0.2214171772121423,HIGH
161,starter,0,0.0628598284382189,0,0,0,0,0.09077794,0.0209826576606842,LOW
162,starter,0,0.6425301705635866,1,1,1,1,0.69830996,0.5588604447338185,VERY_HIGH
163,starter,0,0.2388779353615192,0,0,0,0,0.2813014,0.1752427174440393,LOW
164,starter,0,0.544069826606091,1,1,1,1,0.5532907,0.530238449581405,HIGH
165,starter,0,0.5417180971455744,1,1,1,1,0.5866596,0.4743058274567552,HIGH
166,starter,1,0.3578867598043329,1,1,1,0,0.4093645,0.2806701470579818,MEDIUM
167,starter,0,0.0839336129605251,0,0,0,0,0.0876715,0.0783267679511203,LOW
168,starter,1,0.6827196706620893,1,1,1,1,0.72430027,0.6203487339834474,VERY_HIGH
169,starter,0,0.0593437259199535,0,0,0,0,0.09042561,0.012720889673212,LOW
170,starter,0,0.1246466626133938,0,0,0,0,0.16308439,0.0669900674140502,LOW
171,starter,1,0.5353574375706223,1,1,1,1,0.55314815,0.5086713086558647,HIGH
172,starter,0,0.2938782354748094,0,1,0,0,0.20461448,0.427773857006392,MEDIUM
173,starter,0,0.2990604633891606,0,1,0,0,0.33981687,0.2379258336633501,MEDIUM
174,starter,0,0.0572910952267687,0,0,0,0,0.08873506,0.0101251459860903,LOW
175,starter,0,0.6981461128753332,1,1,1,1,0.7166837,0.6703397088154921,VERY_HIGH
176,starter,0,0.7537096937645743,1,1,1,1,0.7466033,0.7643691947433525,VERY_HIGH
177,starter,0,0.0606913661145075,0,0,0,0,0.08301081,0.0272121982482334,LOW
178,starter,0,0.2123035090267422,0,0,0,0,0.29022667,0.0954187405853874,LOW
179,starter,0,0.2025509459722155,0,0,0,0,0.28892097,0.072995904323487,LOW
180,starter,0,0.2119946076183398,0,0,0,0,0.2633532,0.1349566985440452,LOW
181,starter,1,0.6543552387740971,1,1,1,1,0.717293,0.5599484863347711,VERY_HIGH
182,starter,0,0.2810969720328238,0,1,0,0,0.32877135,0.2095853711278205,MEDIUM
183,starter,0,0.6045672154819377,1,1,1,1,0.5894916,0.6271806002645212,VERY_HIGH
184,starter,0,0.0552354173895133,0,0,0,0,0.084918655,0.0107105584284694,LOW
185,starter,1,0.7454099228409747,1,1,1,1,0.7461218,0.7443420267174192,VERY_HIGH
186,starter,0,0.071352371363744,0,0,0,0,0.095830925,0.0346345393332465,LOW
187,starter,0,0.1841721218082234,0,0,0,0,0.2612428,0.0685660867027753,LOW
188,starter,0,0.5830344820660587,1,1,1,1,0.63758636,0.5012066574499597,HIGH
189,starter,0,0.1934386948402034,0,0,0,0,0.26871789,0.0805198797720938,LOW
190,starter,1,0.8306412494489572,1,1,1,1,0.81284463,0.8573360980324499,VERY_HIGH
191,starter,0,0.6134590390391738,1,1,1,1,0.64357543,0.5682844378222005,VERY_HIGH
192,starter,1,0.5607020218437068,1,1,1,1,0.7303991,0.3061564165515581,HIGH
193,starter,0,0.2498864360995253,0,0,0,0,0.35271186,0.0956482758986852,LOW
194,starter,0,0.1265253877526855,0,0,0,0,0.18312807,0.0416213474885463,LOW
195,starter,0,0.5379995748273196,1,1,1,1,0.6399665,0.3850491456368722,HIGH
196,starter,0,0.7034729570661848,1,1,1,1,0.68091315,0.737312622496204,VERY_HIGH
197,starter,0,0.1582374663628827,0,0,0,0,0.16296785,0.1511418860350276,LOW
198,starter,0,0.5646818805293676,1,1,1,1,0.60253346,0.5079044969271712,HIGH
199,starter,1,0.8181979611814951,1,1,1,1,0.79774344,0.8488797285410102,VERY_HIGH
200,starter,1,0.7113873954598471,1,1,1,1,0.707321,0.7174869616787545,VERY_HIGH
201,starter,1,0.1815769079991301,0,0,0,0,0.26154676,0.0616221139004132,LOW
202,starter,0,0.0877028734016567,0,0,0,0,0.13153894,0.0219487660944833,LOW
203,starter,0,0.1491174105497819,0,0,0,0,0.2224495,0.0391192743412211,LOW
204,starter,0,0.2271902664678937,0,0,0,0,0.3059587,0.1090376337810472,LOW
205,starter,0,0.2555687861984519,0,1,0,0,0.24156278,0.2765777675672244,MEDIUM
206,starter,0,0.7568295098414204,1,1,1,1,0.7373552,0.78604097094888,VERY_HIGH
207,starter,0,0.4302991284121367,1,1,1,0,0.35432646,0.5442581209513776,HIGH
208,starter,0,0.2908422092641024,0,1,0,0,0.302782,0.2729325095923315,MEDIUM
209,starter,1,0.5978569601781405,1,1,1,1,0.7029593,0.4402033773082585,HIGH
210,starter,1,0.6059851290817893,1,1,1,1,0.70597553,0.4559995090057044,VERY_HIGH
211,starter,0,0.0562207051379181,0,0,0,0,0.088288926,0.0081183725999537,LOW
212,starter,1,0.7066500729824151,1,1,1,1,0.75043255,0.640976341194174,VERY_HIGH
213,starter,0,0.1444363965114138,0,0,0,0,0.19090538,0.0747329179247671,LOW
214,starter,0,0.7645759822472171,1,1,1,1,0.7536288,0.7809967402478644,VERY_HIGH
215,starter,1,0.7990125968004269,1,1,1,1,0.7586768,0.8595161770644294,VERY_HIGH
216,starter,0,0.0922475399370597,0,0,0,0,0.13943052,0.0214730617393073,LOW
217,starter,0,0.6306927774746804,1,1,1,1,0.65994394,0.5868159916002523,VERY_HIGH
218,starter,0,0.0527773801089547,0,0,0,0,0.08220927,0.0086295427385028,LOW
219,starter,0,0.0541230556264242,0,0,0,0,0.087449476,0.0041334155685506,LOW
220,starter,1,0.6620316746149564,1,1,1,1,0.7450599,0.5374892657781899,VERY_HIGH
221,starter,0,0.1335648286879225,0,0,0,0,0.1537488,0.1032888674587417,LOW
222,starter,0,0.331752469579074,0,1,1,0,0.33475122,0.3272543237599066,MEDIUM
223,starter,0,0.7135948272579793,1,1,1,1,0.71103406,0.7174359341546602,VERY_HIGH
224,starter,0,0.0582056905272194,0,0,0,0,0.0857677,0.0168626669651737,LOW
225,starter,0,0.0552920220750795,0,0,0,0,0.07782815,0.0214878298238482,LOW
226,starter,0,0.0593701676966278,0,0,0,0,0.08999152,0.0134381376061658,LOW
227,starter,0,0.0585018551336798,0,0,0,0,0.08776161,0.0146122198519788,LOW
228,starter,0,0.4209435546749132,1,1,1,0,0.5604949,0.211616522161488,HIGH
229,starter,0,0.061752240429564,0,0,0,0,0.0903558,0.0188468938575281,LOW
230,starter,0,0.155040159421877,0,0,0,0,0.20469649,0.0805556577884057,LOW
231,starter,0,0.2270268797883942,0,0,0,0,0.27732733,0.1515761762881167,LOW
232,starter,0,0.7613177431804512,1,1,1,1,0.7514994,0.776045206482851,VERY_HIGH
233,starter,0,0.1541367546367124,0,0,0,0,0.1802884,0.1149092616258749,LOW
234,starter,0,0.0661920509797195,0,0,0,0,0.08988947,0.030645917992259,LOW
235,starter,0,0.1016054476163503,0,0,0,0,0.15284094,0.0247521946484141,LOW
236,starter,1,0.5493429370913414,1,1,1,1,0.6580674,0.3862562199914228,HIGH
237,starter,0,0.5105747543374555,1,1,1,1,0.6276147,0.3350148257116118,HIGH
238,starter,0,0.1020361040320965,0,0,0,0,0.13081992,0.0588603700913421,LOW
239,starter,0,0.1350828257336598,0,0,0,0,0.21337318,0.0176472582256748,LOW
240,starter,0,0.3266683661654905,0,1,1,0,0.3920949,0.2285285278447756,MEDIUM
241,starter,0,0.2971567451450809,0,1,0,0,0.2591486,0.354168958836194,MEDIUM
242,starter,0,0.1328298493468396,0,0,0,0,0.18362854,0.0566317995994371,LOW
243,starter,0,0.0593889314247929,0,0,0,0,0.089345075,0.014454712051591,LOW
244,starter,0,0.1005518720126592,0,0,0,0,0.1564682,0.0166773760260252,LOW
245,starter,1,0.6820281145142333,1,1,1,1,0.72833097,0.6125737719652097,VERY_HIGH
246,starter,0,0.2752643502606127,0,1,0,0,0.346457,0.1684753539296919,MEDIUM
247,starter,0,0.067766261900676,0,0,0,0,0.09273603,0.0303116106868106,LOW
248,starter,0,0.1098447093343491,0,0,0,0,0.15145934,0.0474227651893484,LOW
249,starter,0,0.6357979867196231,1,1,1,1,0.67243534,0.5808419220984352,VERY_HIGH
250,starter,0,0.1835621697430262,0,0,0,0,0.24253039,0.0951098160754762,LOW
251,starter,0,0.0632423144474642,0,0,0,0,0.08492533,0.0307177800424438,LOW
252,starter,0,0.1013613514410519,0,0,0,0,0.15117392,0.0266424994436562,LOW
253,starter,0,0.0683707360437242,0,0,0,0,0.09432233,0.0294433413720947,LOW
254,starter,0,0.29798540295426,0,1,0,0,0.3531935,0.2151732474879411,MEDIUM
255,starter,1,0.6642591298389856,1,1,1,1,0.69149864,0.6233998240948776,VERY_HIGH
256,starter,0,0.0875970186874255,0,0,0,0,0.13867453,0.010980755608525,LOW
257,starter,0,0.0616547504312627,0,0,0,0,0.08705139,0.0235597793625874,LOW
258,starter,0,0.1830814494452985,0,0,0,0,0.2505568,0.0818683986271698,LOW
259,starter,0,0.7176955039814966,1,1,1,1,0.726191,0.7049522537777466,VERY_HIGH
260,starter,0,0.2575921622604215,0,1,0,0,0.30849364,0.1812399322018236,MEDIUM
261,starter,0,0.700635874048872,1,1,1,1,0.6675066,0.7503297770420788,VERY_HIGH
262,starter,0,0.6807665535238254,1,1,1,1,0.7053068,0.6439560672707528,VERY_HIGH
263,starter,1,0.6529434379626367,1,1,1,1,0.6408561,0.6710744044902557,VERY_HIGH
264,starter,0,0.0708851579080899,0,0,0,0,0.09229061,0.0387769722071489,LOW
265,starter,0,0.3165595230620397,0,1,1,0,0.38227746,0.2179826043946776,MEDIUM
266,starter,0,0.330722610348087,0,1,1,0,0.35126898,0.2999030306776896,MEDIUM
267,starter,0,0.2472161755792143,0,0,0,0,0.25098136,0.2415683755854374,LOW
268,starter,1,0.6927633206690399,1,1,1,1,0.725724,0.6433222990843276,VERY_HIGH
269,starter,0,0.0730863660491466,0,0,0,0,0.09143188,0.0455680954995156,LOW
270,starter,0,0.0657080889120107,0,0,0,0,0.089558996,0.0299317185765518,LOW
271,starter,0,0.0530315608037831,0,0,0,0,0.083463006,0.0073843841138785,LOW
272,starter,1,0.6283571362043932,1,1,1,1,0.6505469,0.5950724183384366,VERY_HIGH
273,starter,1,0.5409591162977528,1,1,1,1,0.6517566,0.3747628541732609,HIGH
274,starter,0,0.0627306526912167,0,0,0,0,0.09524891,0.0139532644333726,LOW
275,starter,0,0.5380677985064839,1,1,1,1,0.6261743,0.405908030001485,HIGH
276,starter,1,0.4923737126763521,1,1,1,0,0.60617167,0.3216767505248035,HIGH
277,starter,0,0.2227331731823895,0,0,0,0,0.26623163,0.157485463745349,LOW
278,starter,0,0.632834432636715,1,1,1,1,0.6775279,0.5657941801225568,VERY_HIGH
279,starter,0,0.1260900433292032,0,0,0,0,0.17962007,0.045794996229321,LOW
280,starter,0,0.1044090360030855,0,0,0,0,0.15323232,0.0311740971171173,LOW
281,starter,0,0.0544875776949819,0,0,0,0,0.08548479,0.0079917606421552,LOW
282,starter,1,0.6453289186269795,1,1,1,1,0.63847476,0.6556101380066958,VERY_HIGH
283,starter,1,0.5934455197929908,1,1,1,1,0.66417927,0.4873448863326431,HIGH
284,starter,0,0.4394546366963008,1,1,1,0,0.38291818,0.52425930083623,HIGH
285,starter,0,0.0601007797846851,0,0,0,0,0.08646053,0.0205611458742761,LOW
286,starter,0,0.0603968274939727,0,0,0,0,0.092093945,0.0128511425973652,LOW
287,starter,0,0.0913278998799223,0,0,0,0,0.14243974,0.0146601391005265,LOW
288,starter,1,0.6950615840769776,1,1,1,1,0.7048553,0.6803709014298938,VERY_HIGH
289,starter,0,0.0852357188625813,0,0,0,0,0.13302603,0.0135502317954304,LOW
290,starter,0,0.1928545963442777,0,0,0,0,0.26826096,0.0797450496942935,LOW
291,starter,0,0.2551047806166739,0,1,0,0,0.294321,0.1962804432270753,MEDIUM
292,starter,0,0.0561749347716933,0,0,0,0,0.086348034,0.0109152796790911,LOW
293,starter,0,0.0665547217534242,0,0,0,0,0.09380982,0.025672065865561,LOW
294,starter,0,0.2050429526412927,0,0,0,0,0.267444,0.1114413374276069,LOW
295,starter,0,0.0572181288649523,0,0,0,0,0.09005705,0.0079597394292265,LOW
296,starter,0,0.0589784925687669,0,0,0,0,0.08744082,0.0162849998743232,LOW
297,starter,1,0.6611953677732472,1,1,1,1,0.66155857,0.660650507112027,VERY_HIGH
298,starter,0,0.0875429997262571,0,0,0,0,0.13513176,0.0161598534428115,LOW
299,starter,1,0.7074114731956269,1,1,1,1,0.7395626,0.6591847668113174,VERY_HIGH
300,starter,1,0.6481521472143117,1,1,1,1,0.6906925,0.5843415967640736,VERY_HIGH
301,starter,0,0.0717592942603725,0,0,0,0,0.0898319,0.0446503784230099,LOW
302,starter,0,0.0984614619691279,0,0,0,0,0.1532082,0.0163413532274731,LOW
303,starter,0,0.0942376675897685,0,0,0,0,0.13090004,0.0392441011204936,LOW
304,starter,0,0.7077997490968984,1,1,1,1,0.74410176,0.6533466689801914,VERY_HIGH
305,starter,0,0.1072551628873878,0,0,0,0,0.16027431,0.0277264281923904,LOW
306,starter,0,0.1966403780166724,0,0,0,0,0.2907511,0.0554742807607896,LOW
307,starter,0,0.309180104217101,0,1,1,0,0.35264882,0.2439769940603992,MEDIUM
308,starter,1,0.7005260558713104,1,1,1,1,0.6825047,0.7275580544741518,VERY_HIGH
309,starter,0,0.0575313535109366,0,0,0,0,0.08807253,0.0117195780762051,LOW
310,starter,1,0.7481248813910695,1,1,1,1,0.73955524,0.7609793141592076,VERY_HIGH
311,starter,0,0.2047012528506741,0,0,0,0,0.29829493,0.0643107122997008,LOW
312,starter,0,0.3529028983469885,1,1,1,0,0.3667621,0.3321140859415336,MEDIUM
313,starter,0,0.0545161421557364,0,0,0,0,0.08454225,0.009476975341662,LOW
314,starter,0,0.0564601837617881,0,0,0,0,0.087872095,0.0093423125700967,LOW
315,starter,0,0.0633708470374738,0,0,0,0,0.09812136,0.0112450702265887,LOW
316,starter,0,0.30227266503804,0,1,1,0,0.34057158,0.2448242593167494,MEDIUM
317,starter,0,0.610410668739237,1,1,1,1,0.69450223,0.4842733052585464,VERY_HIGH
318,starter,0,0.2053923405884151,0,0,0,0,0.2557038,0.1299251113530112,LOW
319,starter,1,0.7162405325906769,1,1,1,1,0.73304707,0.6910307143969575,VERY_HIGH
320,starter,1,0.1473478760382024,0,0,0,0,0.13354963,0.1680452404073098,LOW
321,starter,1,0.6735767382123536,1,1,1,1,0.73399353,0.5829515203184054,VERY_HIGH
322,starter,0,0.0528910335050362,0,0,0,0,0.07945211,0.0130494096990273,LOW
323,starter,1,0.6102134518139677,1,1,1,1,0.721057,0.4439481179697108,VERY_HIGH
324,starter,0,0.1810312729740965,0,0,0,0,0.25245342,0.0738980277540356,LOW
325,starter,0,0.7068781323381772,1,1,1,1,0.7492863,0.6432658600679314,VERY_HIGH
326,starter,0,0.0647131924836246,0,0,0,0,0.0970006,0.0162820735346297,LOW
327,starter,0,0.1289407988151627,0,0,0,0,0.1914674,0.0351508718631459,LOW
328,starter,0,0.1630747779468795,0,0,0,0,0.22816275,0.0654428115139656,LOW
329,starter,1,0.4997894517591633,1,1,1,0,0.5832422,0.374610362453023,HIGH
330,starter,1,0.7327382153591001,1,1,1,1,0.7829069,0.6574851737222284,VERY_HIGH
331,starter,0,0.0992031171426779,0,0,0,0,0.14175904,0.0353692284488692,LOW
332,starter,0,0.1578435605007622,0,0,0,0,0.1530697,0.1650043403700523,LOW
333,starter,1,0.5116856819506017,1,1,1,1,0.57801574,0.4121905878473142,HIGH
334,starter,0,0.0672687491850422,0,0,0,0,0.09047798,0.0324549000899907,LOW
335,starter,0,0.0687065490413536,0,0,0,0,0.096392244,0.0271780027272377,LOW
336,starter,0,0.1009998906250846,0,0,0,0,0.14558056,0.0341288717081277,LOW
337,starter,0,0.1234406775715807,0,0,0,0,0.15069474,0.0825595722801633,LOW
338,starter,1,0.5663624954142682,1,1,1,1,0.6182223,0.488572779277591,HIGH
339,starter,0,0.0958471295210516,0,0,0,0,0.14777023,0.017962473624149,LOW
340,starter,0,0.606536859176936,1,1,1,1,0.65288925,0.5370082554777021,VERY_HIGH
341,starter,0,0.0999298133077438,0,0,0,0,0.14444704,0.0331539567863483,LOW
342,starter,0,0.2384072764707678,0,0,0,0,0.2613079,0.2040563335004136,LOW
343,starter,1,0.7225514779985873,1,1,1,1,0.70554835,0.7480561312290351,VERY_HIGH
344,starter,0,0.1050574836808197,0,0,0,0,0.14755619,0.041309423167942,LOW
345,starter,0,0.1685908400902014,0,0,0,0,0.25839397,0.033886125656183,LOW
346,starter,0,0.0726046887458618,0,0,0,0,0.09073281,0.0454124969545146,LOW
347,starter,0,0.0556864703976641,0,0,0,0,0.08855774,0.0063795603274131,LOW
348,starter,0,0.2269492185285723,0,0,0,0,0.2868274,0.1371319681830793,LOW
349,starter,0,0.1783067632326223,0,0,0,0,0.21560967,0.12235240355351,LOW
350,starter,1,0.7062774307973263,1,1,1,1,0.73131126,0.6687266398089818,VERY_HIGH
351,starter,1,0.5980723817927449,1,1,1,1,0.7338797,0.3943613965766652,HIGH
352,starter,0,0.1239795299508269,0,0,0,0,0.1646759,0.0629349579756697,LOW
353,starter,1,0.4294613031602666,1,1,1,0,0.5732104,0.2138376305641646,HIGH
354,professional,0,0.6316953432559103,1,1,1,1,0.65201133,0.6012212812898383,VERY_HIGH
355,professional,0,0.1248925124098245,0,0,0,0,0.18348019,0.0370109874728778,LOW
356,professional,0,0.066030900873048,0,0,0,0,0.10186223,0.0122839024844342,LOW
357,professional,0,0.3166067109543639,0,1,1,0,0.38243473,0.2178646514908863,MEDIUM
358,professional,0,0.0993704410741561,0,0,0,0,0.14250773,0.0346644936377391,LOW
359,professional,0,0.1189752546071968,0,0,0,0,0.17705761,0.031851704448452,LOW
360,professional,1,0.5066655487746722,1,1,1,1,0.5463227,0.4471798019932524,HIGH
361,professional,0,0.1587499956318223,0,0,0,0,0.19488722,0.1045441391638129,LOW
362,professional,0,0.2350294738144953,0,0,0,0,0.2554449,0.2044063059318262,LOW
363,professional,0,0.0974120353881111,0,0,0,0,0.14923824,0.0196727191963769,LOW
364,professional,0,0.0777829069457626,0,0,0,0,0.120640546,0.0134964482392311,LOW
365,professional,0,0.2236420662722597,0,0,0,0,0.18386723,0.2833043042624019,LOW
366,professional,0,0.100845380868305,0,0,0,0,0.14439589,0.0355196166678997,LOW
367,professional,1,0.0915936053748267,0,0,0,0,0.13949637,0.0197394492614611,LOW
368,professional,0,0.2213827505219995,0,0,0,0,0.2670141,0.1529357171329406,LOW
369,professional,0,0.0702100475969448,0,0,0,0,0.11167552,0.008011834160123,LOW
370,professional,1,0.5460375169464514,1,1,1,1,0.5599329,0.5251944610348754,HIGH
371,professional,0,0.0619739254653299,0,0,0,0,0.09811666,0.0077598164081187,LOW
372,professional,0,0.163005209126545,0,0,0,0,0.19383343,0.1167628694536115,LOW
373,professional,0,0.1041904136842887,0,0,0,0,0.1614791,0.0182573796079557,LOW
374,professional,0,0.3922688248798865,1,1,1,0,0.41073498,0.3645695828014657,MEDIUM
375,professional,0,0.3395111429645837,0,1,1,0,0.39555123,0.2554509833341393,MEDIUM
376,professional,0,0.2256373129155321,0,0,0,0,0.26673943,0.1639841402237821,LOW
377,professional,1,0.6088639186409128,1,1,1,1,0.62905806,0.5785726722545954,VERY_HIGH
378,professional,1,0.5472514195147333,1,1,1,1,0.55967367,0.5286179887511278,HIGH
379,professional,0,0.1180857936008533,0,0,0,0,0.18073446,0.0241127968986234,LOW
380,professional,0,0.1284941152543837,0,0,0,0,0.13608901,0.1171017663704888,LOW
381,professional,0,0.3494581247891305,0,1,1,0,0.33019838,0.3783477384659941,MEDIUM
382,professional,0,0.0696877631875084,0,0,0,0,0.10996898,0.0092659191122169,LOW
383,professional,0,0.0652823204106905,0,0,0,0,0.10448652,0.0064760208891875,LOW
384,professional,0,0.0915702923736344,0,0,0,0,0.12992385,0.0340399443113235,LOW
385,professional,0,0.1622073369866874,0,0,0,0,0.18122648,0.1336786194757289,LOW
386,professional,1,0.5869920256106487,1,1,1,1,0.63907945,0.5088608717839993,HIGH
387,professional,0,0.1868060965094516,0,0,0,0,0.2142818,0.1455925377094621,LOW
388,professional,0,0.0710516601139126,0,0,0,0,0.110619806,0.0116994304790641,LOW
389,professional,0,0.1815798470782991,0,0,0,0,0.26739615,0.0528553598641742,LOW
390,professional,0,0.1248350707956028,0,0,0,0,0.13473453,0.1099858726729632,LOW
391,professional,0,0.2241989400111481,0,0,0,0,0.3060371,0.1014416729715576,LOW
392,professional,0,0.0757370408985167,0,0,0,0,0.11744472,0.0131755239300802,LOW
393,professional,1,0.353983714678215,1,1,1,0,0.41687113,0.259652546292362,MEDIUM
394,professional,0,0.4348829791550485,1,1,1,0,0.49909374,0.3385667765152074,HIGH
395,professional,0,0.6094248247454959,1,1,1,1,0.6104785,0.6078442812736823,VERY_HIGH
396,professional,0,0.253088356819467,0,1,0,0,0.3193382,0.1537135659821737,MEDIUM
397,professional,0,0.0919036872651703,0,0,0,0,0.13865216,0.0217809732920247,LOW
398,professional,0,0.1496780468020503,0,0,0,0,0.19564524,0.0807272339844864,LOW
399,professional,0,0.0797727341693591,0,0,0,0,0.11949965,0.0201823401555297,LOW
400,professional,0,0.1388345416506083,0,0,0,0,0.16918248,0.0933126313288886,LOW
401,professional,1,0.5990620252839055,1,1,1,1,0.6176725,0.5711463087179577,HIGH
402,professional,1,0.1287886450549476,0,0,0,0,0.19857486,0.0241093213013094,LOW
403,professional,1,0.5310373264280104,1,1,1,1,0.6359743,0.3736318542875705,HIGH
404,professional,1,0.3417964331944738,0,1,1,0,0.38267344,0.2804808821876731,MEDIUM
405,professional,1,0.5841946269667684,1,1,1,1,0.6128743,0.5411750737817433,HIGH
406,professional,0,0.3855404082896289,1,1,1,0,0.4390552,0.3052681992356919,MEDIUM
407,professional,0,0.1285827760848159,0,0,0,0,0.16350959,0.0761925441406058,LOW
408,professional,0,0.1122258825248314,0,0,0,0,0.17680806,0.0153526100381794,LOW
409,professional,0,0.097122031071004,0,0,0,0,0.14296876,0.0283519243653037,LOW
410,professional,0,0.297207170431073,0,1,0,0,0.34354842,0.2276952780888862,MEDIUM
411,professional,1,0.4729827224784422,1,1,1,0,0.55927444,0.3435451238287808,HIGH
412,professional,0,0.0774668160023473,0,0,0,0,0.1235832,0.0082922361647543,LOW
413,professional,1,0.5047966259864228,1,1,1,1,0.54202443,0.4489548549421769,HIGH
414,professional,0,0.1127473321794321,0,0,0,0,0.16851492,0.0290959284302717,LOW
415,professional,0,0.1634976874477039,0,0,0,0,0.19907139,0.1101371113673773,LOW
416,professional,0,0.0911568113774996,0,0,0,0,0.14153552,0.0155887401627851,LOW
417,professional,0,0.1235987952900306,0,0,0,0,0.18806884,0.0268937179327943,LOW
418,professional,0,0.0847419361102641,0,0,0,0,0.12819782,0.0195581117838772,LOW
419,professional,0,0.4406513358237449,1,1,1,0,0.52668345,0.3116031202381113,HIGH
420,professional,1,0.596354219672009,1,1,1,1,0.6486799,0.5178656512422478,HIGH
421,professional,1,0.4797454188751394,1,1,1,0,0.5373914,0.3932763662157492,HIGH
422,professional,0,0.0907214728873664,0,0,0,0,0.118077084,0.0496880518599585,LOW
423,professional,1,0.6549109678609785,1,1,1,1,0.6129864,0.7177978409190019,VERY_HIGH
424,professional,0,0.3407562947030525,0,1,1,0,0.40788117,0.2400689511884403,MEDIUM
425,professional,0,0.7245474475581848,1,1,1,1,0.71531427,0.7383971705931928,VERY_HIGH
426,professional,0,0.1444266122840551,0,0,0,0,0.18503225,0.0835181542393335,LOW
427,professional,0,0.1223520721017839,0,0,0,0,0.16452149,0.059097933277369,LOW
428,professional,0,0.3963441555121423,1,1,1,0,0.3612104,0.4490447427876,MEDIUM
429,professional,0,0.4589871666594119,1,1,1,0,0.53875,0.339342927377366,HIGH
430,professional,0,0.1690729564917803,0,0,0,0,0.18217838,0.1494148203464152,LOW
431,professional,1,0.5566968161475168,1,1,1,1,0.61083305,0.475492437335726,HIGH
432,professional,0,0.0795920448935707,0,0,0,0,0.122304454,0.0155234231145878,LOW
433,professional,0,0.1258598585696749,0,0,0,0,0.18856607,0.0318005171347987,LOW
434,professional,1,0.5444881210625232,1,1,1,1,0.5825882,0.4873379791528138,HIGH
435,professional,0,0.1255705542191643,0,0,0,0,0.1725077,0.0551648156903134,LOW
436,professional,1,0.5057250821528742,1,1,1,1,0.5923387,0.3758046686495116,HIGH
437,professional,0,0.1454271550710123,0,0,0,0,0.17929897,0.0946194183665319,LOW
438,professional,0,0.4409694993016621,1,1,1,0,0.48488256,0.3750998585217944,HIGH
439,professional,0,0.190117561416447,0,0,0,0,0.20903385,0.1617431109066304,LOW
440,professional,0,0.460373984205349,1,1,1,0,0.5624641,0.3072387388041211,HIGH
441,professional,0,0.6316646050334636,1,1,1,1,0.61657166,0.6543039557637432,VERY_HIGH
442,professional,0,0.2086240550742918,0,0,0,0,0.25740582,0.135451381620361,LOW
443,professional,0,0.7268636728654736,1,1,1,1,0.71441376,0.7455385241236374,VERY_HIGH
444,professional,0,0.4869606353361363,1,1,1,0,0.4345974,0.5655054394202815,HIGH
445,professional,0,0.4671834777112479,1,1,1,0,0.47457013,0.4561034764636743,HIGH
446,professional,0,0.2943680535140437,0,1,0,0,0.2574438,0.3497544552839802,MEDIUM
447,professional,1,0.1371841031516708,0,0,0,0,0.18057752,0.0720939718696268,LOW
448,professional,0,0.3050340872988739,0,1,1,0,0.38898912,0.1791015297138787,MEDIUM
449,professional,1,0.8276895763497565,1,1,1,1,0.7573574,0.9331877981675204,VERY_HIGH
450,professional,0,0.1221175222243195,0,0,0,0,0.16747059,0.0540879067394449,LOW
451,professional,0,0.1126088927657383,0,0,0,0,0.14236158,0.0679798562007591,LOW
452,professional,0,0.2671463284909687,0,1,0,0,0.27348503,0.2576382691711094,MEDIUM
453,professional,1,0.3773373250527442,1,1,1,0,0.44780526,0.2716353993523271,MEDIUM
454,professional,0,0.4898256990884712,1,1,1,0,0.51733696,0.4485587859091587,HIGH
455,professional,0,0.4009477862331825,1,1,1,0,0.48562878,0.2739262751275195,HIGH
456,professional,0,0.1769020207431088,0,0,0,0,0.22928216,0.0983318184083129,LOW
457,professional,0,0.0607587272985642,0,0,0,0,0.09509215,0.0092585912753803,LOW
458,professional,0,0.3760467833180403,1,1,1,0,0.48823944,0.2077577426779208,MEDIUM
459,professional,0,0.5443543930366769,1,1,1,1,0.5791418,0.4921732444353734,HIGH
460,professional,0,0.5498969409664082,1,1,1,1,0.56297624,0.5302779758472262,HIGH
461,professional,0,0.20998948049829,0,0,0,0,0.20440516,0.2183659556578993,LOW
462,professional,0,0.3298498804201206,0,1,1,0,0.35696337,0.2891796367440423,MEDIUM
463,professional,0,0.1465307521037282,0,0,0,0,0.20219189,0.063039038879678,LOW
464,professional,0,0.6673949847825329,1,1,1,1,0.6675802,0.6671171362717848,VERY_HIGH
465,professional,0,0.507332074138985,1,1,1,1,0.53280395,0.46912421160307,HIGH
466,professional,0,0.0975288311819659,0,0,0,0,0.1464171,0.0241964335691002,LOW
467,professional,0,0.4402861444166887,1,1,1,0,0.43726805,0.4448132584521145,HIGH
468,professional,0,0.0803258448371685,0,0,0,0,0.12693709,0.0104089713417978,LOW
469,professional,0,0.1299597908553389,0,0,0,0,0.18478188,0.047726647182531,LOW
470,professional,0,0.1147268127097985,0,0,0,0,0.17046396,0.0311210778093093,LOW
471,professional,0,0.1920656751385974,0,0,0,0,0.22725935,0.1392751288393258,LOW
472,professional,1,0.5173096132021786,1,1,1,1,0.54650056,0.4735231577708427,HIGH
473,professional,1,0.4083581611692953,1,1,1,0,0.50163907,0.2684367560297371,HIGH
474,professional,0,0.1677454442457963,0,0,0,0,0.21920411,0.0905574189316751,LOW
475,professional,0,0.558139150144534,1,1,1,1,0.5517941,0.5676566928671714,HIGH
476,professional,0,0.2099671163635798,0,0,0,0,0.25536606,0.1418686902715135,LOW
477,professional,0,0.4630036102712027,1,1,1,0,0.49640223,0.4129056749194543,HIGH
478,professional,0,0.0974578951282982,0,0,0,0,0.15117514,0.016882014643074,LOW
479,professional,0,0.5221651350769134,1,1,1,1,0.56519514,0.4576200632534255,HIGH
480,professional,0,0.2006563792172899,0,0,0,0,0.25504622,0.1190715902904248,LOW
481,professional,0,0.4077772368966357,1,1,1,0,0.48918128,0.2856711720374266,HIGH
482,professional,0,0.6894658356455101,1,1,1,1,0.6504255,0.7480263336368237,VERY_HIGH
483,professional,0,0.7075285680410262,1,1,1,1,0.6710329,0.7622720468334842,VERY_HIGH
484,professional,0,0.1678725728633369,0,0,0,0,0.17145759,0.1624950454240952,LOW
485,professional,0,0.1072921265045431,0,0,0,0,0.13461834,0.0663027996519276,LOW
486,professional,0,0.1013849578787972,0,0,0,0,0.12952588,0.0591735672181074,LOW
487,professional,0,0.3099525358587792,0,1,1,0,0.42808372,0.1327557331100828,MEDIUM
488,professional,0,0.1237255242854156,0,0,0,0,0.17643751,0.0446575277521705,LOW
489,professional,1,0.5597056984044313,1,1,1,1,0.619134,0.4705632326844333,HIGH
490,professional,0,0.5946664201058147,1,1,1,1,0.5938587,0.5958779123517866,HIGH
491,professional,0,0.0808103794462995,0,0,0,0,0.1260949,0.0128836096841883,LOW
492,professional,0,0.1663737016208274,0,0,0,0,0.21315975,0.0961945993918435,LOW
493,professional,0,0.1377498444690786,0,0,0,0,0.17835635,0.0768400757944788,LOW
494,professional,0,0.3723354214202206,1,1,1,0,0.42685372,0.2905579342869026,MEDIUM
495,professional,0,0.6744830884442674,1,1,1,1,0.62676674,0.7460575495923428,VERY_HIGH
496,professional,0,0.1639562453435511,0,0,0,0,0.21901666,0.0813656065877901,LOW
497,professional,0,0.5791069455750459,1,1,1,1,0.6540343,0.4667158146221621,HIGH
498,professional,0,0.0742089182333002,0,0,0,0,0.11285961,0.0162328854689623,LOW
499,professional,1,0.6302114245549293,1,1,1,1,0.65894115,0.5871168070175876,VERY_HIGH
500,professional,0,0.1622337912002343,0,0,0,0,0.23410784,0.0544227074779913,LOW
501,professional,0,0.1147040494553557,0,0,0,0,0.16056779,0.0459084270577409,LOW
502,professional,1,0.2438786529798083,0,0,0,0,0.35060397,0.0837906582402122,LOW
503,professional,1,0.4630130857263148,1,1,1,0,0.5569,0.3221826329912098,HIGH
504,professional,0,0.088359160457902,0,0,0,0,0.13146073,0.0237068117530467,LOW
505,professional,0,0.1796778590354414,0,0,0,0,0.23918575,0.0904159995101619,LOW
506,professional,0,0.0743121680872505,0,0,0,0,0.11511845,0.0131027281922263,LOW
507,professional,0,0.4233100359408998,1,1,1,0,0.39944115,0.4591133308333513,HIGH
508,professional,0,0.1860974139333966,0,0,0,0,0.26321757,0.0704171524348862,LOW
509,professional,0,0.1991412476008668,0,0,0,0,0.19627836,0.2034355663521922,LOW
510,professional,0,0.1501835672804568,0,0,0,0,0.18820769,0.0931473855547243,LOW
511,professional,0,0.6537692685414827,1,1,1,1,0.6062692,0.7250193852905122,VERY_HIGH
512,professional,0,0.0673461105069193,0,0,0,0,0.10660546,0.0084570784471117,LOW
513,professional,0,0.2708451936664404,0,1,0,0,0.33238035,0.1785424451088463,MEDIUM
514,professional,0,0.0868917788360245,0,0,0,0,0.13575672,0.0135943691665249,LOW
515,professional,0,0.1738512741438599,0,0,0,0,0.18539257,0.1565393065194418,LOW
516,professional,1,0.6408775039833619,1,1,1,1,0.628182,0.6599206945105973,VERY_HIGH
517,professional,0,0.2521734476900328,0,1,0,0,0.3096251,0.1659959780216787,MEDIUM
518,professional,0,0.6265867755515198,1,1,1,1,0.5884285,0.6838241482036362,VERY_HIGH
519,professional,0,0.0825205624440689,0,0,0,0,0.12291223,0.0219330639489938,LOW
520,professional,1,0.5906849152456009,1,1,1,1,0.62919027,0.5329268293108252,HIGH
521,professional,0,0.3842678505170659,1,1,1,0,0.31186086,0.4928783297509739,MEDIUM
522,professional,1,0.6413649900084035,1,1,1,1,0.6425859,0.6395336199117939,VERY_HIGH
523,professional,1,0.2822357022457984,0,1,0,0,0.3031999,0.2507894247009523,MEDIUM
524,professional,0,0.6140476844900926,1,1,1,1,0.5770079,0.6696073169991574,VERY_HIGH
525,professional,0,0.4640949183503176,1,1,1,0,0.47606677,0.4461371436216892,HIGH
526,professional,1,0.5760580763517504,1,1,1,1,0.5552327,0.607296120449574,HIGH
527,professional,1,0.478639575544766,1,1,1,0,0.5463833,0.3770238973293985,HIGH
528,professional,0,0.143172659805997,0,0,0,0,0.20946594,0.0437327308743791,LOW
529,professional,0,0.595579159123899,1,1,1,1,0.56835777,0.6364111896932163,HIGH
530,professional,0,0.0972759528079943,0,0,0,0,0.13871543,0.0351167353787314,LOW
531,professional,1,0.3291048881007156,0,1,1,0,0.4351002,0.170111923563709,MEDIUM
532,professional,0,0.1229428973728382,0,0,0,0,0.16294125,0.062945361419013,LOW
533,professional,1,0.5460556665291241,1,1,1,1,0.5956283,0.4716966845665997,HIGH
534,professional,0,0.0688422282848879,0,0,0,0,0.10603373,0.0130549719716422,LOW
535,professional,0,0.5685263701221803,1,1,1,1,0.60271525,0.5172430296593555,HIGH
536,professional,1,0.5071489159513154,1,1,1,1,0.5890018,0.3843696276964342,HIGH
537,professional,0,0.1472852512668186,0,0,0,0,0.20018212,0.0679399220820799,LOW
538,professional,0,0.6959410815508202,1,1,1,1,0.70731956,0.6788733375745605,VERY_HIGH
539,professional,0,0.0954879990061311,0,0,0,0,0.13815175,0.0314923613866637,LOW
540,professional,0,0.401253606836462,1,1,1,0,0.51500976,0.2306193758062124,HIGH
541,professional,1,0.4122396190932584,1,1,1,0,0.5234222,0.2454657306202235,HIGH
542,professional,0,0.4335812922701471,1,1,1,0,0.5451748,0.2661910644136946,HIGH
543,professional,0,0.0574458026211337,0,0,0,0,0.09306573,0.0040159022611568,LOW
544,professional,0,0.2952663600334276,0,1,0,0,0.40271485,0.1340936124048505,MEDIUM
545,professional,0,0.158635317729937,0,0,0,0,0.22272974,0.0624936805343304,LOW
546,professional,1,0.4805764392071263,1,1,1,0,0.5648823,0.354117635650758,HIGH
547,professional,0,0.0764451254509542,0,0,0,0,0.11671856,0.0160349729415412,LOW
548,professional,0,0.2081051781804356,0,0,0,0,0.24290895,0.1558994911688053,LOW
549,professional,0,0.3025729240761049,0,1,1,0,0.34468618,0.2394030322099347,MEDIUM
550,professional,0,0.2412450747082211,0,0,0,0,0.24049996,0.2423627268248741,LOW
551,professional,0,0.1800413619966902,0,0,0,0,0.19808915,0.1529696686793361,LOW
552,professional,0,0.1450789185107237,0,0,0,0,0.17172153,0.1051149856896415,LOW
553,professional,0,0.1745964114936077,0,0,0,0,0.2202857,0.1060624731262236,LOW
554,professional,0,0.1026718669984814,0,0,0,0,0.15507622,0.0240653328235141,LOW
555,professional,0,0.2869780358801298,0,1,0,0,0.28401086,0.2914287887836528,MEDIUM
556,professional,0,0.1989949450522485,0,0,0,0,0.26075187,0.1063595229461349,LOW
557,professional,0,0.7279495264211908,1,1,1,1,0.7379315,0.7129765215316453,VERY_HIGH
558,professional,0,0.3157670898552754,0,1,1,0,0.34996495,0.2644702676226743,MEDIUM
559,professional,0,0.4516819797512556,1,1,1,0,0.5974101,0.2330897953502002,HIGH
560,professional,0,0.2412562820159531,0,0,0,0,0.26695728,0.2027047805098535,LOW
561,professional,1,0.5538318529841941,1,1,1,1,0.56522024,0.5367492325896127,HIGH
562,professional,0,0.1949505624769951,0,0,0,0,0.1843799,0.210806533097929,LOW
563,professional,0,0.1840349338698436,0,0,0,0,0.2113754,0.143024226588023,LOW
564,professional,0,0.2196134616270651,0,0,0,0,0.30618826,0.0897512558437858,LOW
565,professional,0,0.1210349337542157,0,0,0,0,0.16237423,0.0590259734004986,LOW
566,professional,1,0.76719082943814,1,1,1,1,0.7309776,0.8215106664155175,VERY_HIGH
567,professional,0,0.125115305525828,0,0,0,0,0.15226589,0.0843894117642657,LOW
568,professional,0,0.0659132096361742,0,0,0,0,0.10512232,0.0070995323835873,LOW
569,professional,0,0.1001309858294717,0,0,0,0,0.1337215,0.0497452061703782,LOW
570,professional,0,0.1998946165498338,0,0,0,0,0.25379068,0.1190505041321721,LOW
571,professional,1,0.3301246876581508,0,1,1,0,0.43164608,0.1778425562043981,MEDIUM
572,professional,1,0.5683450260677421,1,1,1,1,0.62607783,0.4817457891798226,HIGH
573,professional,0,0.7468496480561552,1,1,1,1,0.73145545,0.7699408926013254,VERY_HIGH
574,professional,0,0.158520791152665,0,0,0,0,0.1961116,0.102134559848778,LOW
575,professional,0,0.1268136503469667,0,0,0,0,0.16552466,0.0687471223800683,LOW
576,professional,0,0.2831567296638935,0,1,0,0,0.33843327,0.2002418958283587,MEDIUM
577,professional,0,0.3187079942385343,0,1,1,0,0.39315453,0.2070381656686435,MEDIUM
578,professional,0,0.0714475249841937,0,0,0,0,0.109643824,0.0141530758627079,LOW
579,professional,0,0.5946879748727733,1,1,1,1,0.63835335,0.5291898708109691,HIGH
580,professional,1,0.5122547036618266,1,1,1,1,0.5399645,0.4706899539158428,HIGH
581,professional,0,0.0852513537663263,0,0,0,0,0.1229702,0.0286730753526197,LOW
582,professional,0,0.4107970858057812,1,1,1,0,0.39324966,0.4371182159683295,HIGH
583,professional,0,0.2581409220881554,0,1,0,0,0.26470447,0.2482955915200941,MEDIUM
584,professional,0,0.6912890548162411,1,1,1,1,0.71114784,0.6615008102488397,VERY_HIGH
585,professional,0,0.3372386303306609,0,1,1,0,0.39226258,0.2547026939096525,MEDIUM
586,professional,0,0.4383395436499855,1,1,1,0,0.4218858,0.4630201615627461,HIGH
587,professional,0,0.1773861947743513,0,0,0,0,0.21606652,0.1193656780045277,LOW
588,professional,0,0.1805800285126084,0,0,0,0,0.18087621,0.1801357446077749,LOW
589,professional,1,0.6963410261006238,1,1,1,1,0.68747157,0.709645197473735,VERY_HIGH
590,professional,0,0.0928290628820897,0,0,0,0,0.13360228,0.0316692313627008,LOW
591,professional,0,0.401590970819434,1,1,1,0,0.46442306,0.3073427768181775,HIGH
592,professional,0,0.1157119655439969,0,0,0,0,0.1486957,0.0662363528782417,LOW
593,professional,0,0.0724323292417936,0,0,0,0,0.113899015,0.0102322858680319,LOW
594,professional,0,0.0841641725550972,0,0,0,0,0.13014594,0.0151915106800403,LOW
595,professional,0,0.135173449251008,0,0,0,0,0.15248975,0.1091989920361638,LOW
596,professional,0,0.1794195005824333,0,0,0,0,0.22235969,0.1150092059200421,LOW
597,professional,0,0.4827117276097314,1,1,1,0,0.48494238,0.4793657243015809,HIGH
598,professional,0,0.0608965163355724,0,0,0,0,0.09306795,0.0126393617256621,LOW
599,professional,0,0.0767898759689457,0,0,0,0,0.10949256,0.0277358421302156,LOW
600,professional,0,0.2709355753357952,0,1,0,0,0.31180227,0.2096355213959378,MEDIUM
601,professional,0,0.5344651110676334,1,1,1,1,0.6425938,0.3722720016309135,HIGH
602,professional,0,0.0932955415545792,0,0,0,0,0.1363567,0.0287038017061579,LOW
603,professional,0,0.1205222207129966,0,0,0,0,0.17048717,0.0455747849794654,LOW
604,professional,0,0.6455226308614485,1,1,1,1,0.6866187,0.5838784740642886,VERY_HIGH
605,professional,0,0.0586364418557652,0,0,0,0,0.0952064,0.003781495688202,LOW
606,professional,0,0.1835016614272882,0,0,0,0,0.19958508,0.1593765258974555,LOW
607,professional,0,0.1253831591043435,0,0,0,0,0.16518518,0.0656801042044071,LOW
608,professional,0,0.0779702389508577,0,0,0,0,0.12521699,0.0071001113131872,LOW
609,professional,0,0.1635934897237423,0,0,0,0,0.18600535,0.1299756859673566,LOW
610,professional,0,0.2318576532812946,0,0,0,0,0.30270386,0.1255883172681017,LOW
611,professional,0,0.0711806042841254,0,0,0,0,0.09949678,0.0287063323833492,LOW
612,professional,0,0.5814650153359064,1,1,1,1,0.591783,0.5659879980584702,HIGH
613,professional,0,0.3498190225740526,0,1,1,0,0.3960527,0.2804685089936489,MEDIUM
614,professional,1,0.702967512603168,1,1,1,1,0.7053036,0.6994633078464974,VERY_HIGH
615,professional,0,0.3298334083614446,0,1,1,0,0.41179603,0.2068894484782462,MEDIUM
616,professional,0,0.1697512416167688,0,0,0,0,0.16152683,0.1820878493596195,LOW
617,professional,1,0.6230325931325897,1,1,1,1,0.68531525,0.5296085611023865,VERY_HIGH
618,professional,0,0.6612695983065071,1,1,1,1,0.6590745,0.6645621933075048,VERY_HIGH
619,professional,0,0.3475130336673347,0,1,1,0,0.44176227,0.2061391217488271,MEDIUM
620,professional,0,0.1639409968683846,0,0,0,0,0.23164995,0.0623775669509489,LOW
621,professional,0,0.0595378737131294,0,0,0,0,0.094851635,0.0065672237375222,LOW
622,professional,0,0.5786641470530548,1,1,1,1,0.63943195,0.487512407685051,HIGH
623,professional,0,0.533831115731919,1,1,1,1,0.6095858,0.4201990270846191,HIGH
624,professional,0,0.4355952198684689,1,1,1,0,0.53931105,0.2800214428157797,HIGH
625,professional,0,0.1889175488266402,0,0,0,0,0.2478672,0.1004930619679524,LOW
626,professional,1,0.3875671752963905,1,1,1,0,0.46789095,0.2670815161552144,MEDIUM
627,professional,0,0.0860742543160775,0,0,0,0,0.122732766,0.031086483105982,LOW
628,professional,0,0.0943877573567613,0,0,0,0,0.1381785,0.028701635886725,LOW
629,professional,0,0.3753105577608697,1,1,1,0,0.34951013,0.4140111870519202,MEDIUM
630,professional,0,0.5291244303776204,1,1,1,1,0.61720335,0.3970060287896242,HIGH
631,professional,0,0.1476078377418492,0,0,0,0,0.2090397,0.0554600100350316,LOW
632,professional,1,0.4844894490170081,1,1,1,0,0.54444337,0.3945585542737443,HIGH
633,professional,0,0.4766432632194091,1,1,1,0,0.5228935,0.4072678807343365,HIGH
634,professional,0,0.1304516620723485,0,0,0,0,0.1848496,0.0488547365586159,LOW
635,professional,0,0.2864262747838582,0,1,0,0,0.3722014,0.1577635452336285,MEDIUM
636,professional,0,0.0718790877415367,0,0,0,0,0.11398916,0.008713972706007,LOW
637,professional,1,0.5206346330030825,1,1,1,1,0.6055843,0.393210082497216,HIGH
638,professional,0,0.0766543731411356,0,0,0,0,0.12065473,0.0106538236936078,LOW
639,professional,0,0.0711094878285546,0,0,0,0,0.110791855,0.011585930280243,LOW
640,professional,0,0.2056257960650113,0,0,0,0,0.25875163,0.125937036537326,LOW
641,professional,0,0.3187743217855278,0,1,1,0,0.29398513,0.3559581044091738,MEDIUM
642,professional,0,0.0745540251616025,0,0,0,0,0.118756965,0.0082496156998932,LOW
643,professional,0,0.1109202192549639,0,0,0,0,0.16357253,0.0319417345833614,LOW
644,professional,0,0.1686427924412424,0,0,0,0,0.21827848,0.0941892423674303,LOW
645,professional,0,0.1207803549707179,0,0,0,0,0.15228899,0.0735173901767147,LOW
646,professional,0,0.0967268697669918,0,0,0,0,0.13676256,0.0366733352966148,LOW
647,professional,0,0.1421741652599076,0,0,0,0,0.19983974,0.0556757942117999,LOW
648,professional,0,0.4504438955678048,1,1,1,0,0.43543047,0.4729639786217369,HIGH
649,professional,0,0.1718475855640834,0,0,0,0,0.1924525,0.1409402023385629,LOW
650,professional,0,0.5996878147276017,1,1,1,1,0.62567234,0.5607109517235986,HIGH
651,professional,0,0.3498349073441699,0,1,1,0,0.41368714,0.2540565363843924,MEDIUM
652,professional,1,0.6096144447250875,1,1,1,1,0.66036975,0.5334814214516957,VERY_HIGH
653,professional,0,0.2388175203657805,0,0,0,0,0.25255868,0.2182057684303967,LOW
654,professional,0,0.064313243399564,0,0,0,0,0.100901805,0.0094303937517196,LOW
655,professional,0,0.4637625131266216,1,1,1,0,0.50911975,0.3957266145092495,HIGH
656,professional,0,0.1502430848267185,0,0,0,0,0.1884924,0.0928690935141116,LOW
657,professional,0,0.0775581297534792,0,0,0,0,0.12309486,0.0092530243739706,LOW
658,professional,0,0.576296960233838,1,1,1,1,0.57071733,0.584666368661301,HIGH
659,professional,0,0.4690316438694204,1,1,1,0,0.51010484,0.4074218422222647,HIGH
660,professional,0,0.1673630207892032,0,0,0,0,0.19744273,0.1222434528459538,LOW
661,professional,0,0.0995476692247835,0,0,0,0,0.14359376,0.0334785318196931,LOW
662,professional,0,0.0866815887204947,0,0,0,0,0.13864644,0.0087343137244736,LOW
663,professional,0,0.6228142980584421,1,1,1,1,0.61758393,0.6306598345063423,VERY_HIGH
664,professional,0,0.0916037943362166,0,0,0,0,0.14026284,0.0186152225730246,LOW
665,enterprise,0,0.0453831349701751,0,0,0,0,0.024036342,0.077403323076931,LOW
666,enterprise,1,0.1684938584998846,0,0,0,0,0.1117667,0.2535845873841644,LOW
667,enterprise,0,0.0390847900035702,0,0,0,0,0.023772873,0.0620526650666504,LOW
668,enterprise,0,0.0490411333028691,0,0,0,0,0.044080555,0.0564819991673573,LOW
669,enterprise,0,0.0059909495591443,0,0,0,0,0.004035405,0.0089242661072119,LOW
670,enterprise,0,0.0447398588465233,0,0,0,0,0.012750314,0.0927241755262215,LOW
671,enterprise,0,0.0193723394243587,0,0,0,0,0.006411584,0.0388134720704007,LOW
672,enterprise,0,0.0453012183723077,0,0,0,0,0.011369933,0.0961981454037689,LOW
673,enterprise,1,0.71825671122867,1,1,1,1,0.7451645,0.6778949480851028,VERY_HIGH
674,enterprise,0,0.1284897029091288,0,0,0,0,0.028610233,0.278308903721315,LOW
675,enterprise,0,0.035191953995777,0,0,0,0,0.015307965,0.0650179359911702,LOW
676,enterprise,0,0.0047978354216999,0,0,0,0,0.0013973728,0.0098985292295643,LOW
677,enterprise,0,0.2824751268402973,0,1,0,0,0.2892984,0.2722402241270343,MEDIUM
678,enterprise,0,0.4377908809628346,1,1,1,0,0.52683675,0.3042220581686144,HIGH
679,enterprise,0,0.0143198645502532,0,0,0,0,0.018327026,0.0083091214336963,LOW
680,enterprise,1,0.0785243867293082,0,0,0,0,0.0874051,0.0652033142633942,LOW
681,enterprise,0,0.012170145551206,0,0,0,0,0.002292053,0.0269872841483388,LOW
682,enterprise,0,0.100024474968669,0,0,0,0,0.046539318,0.1802522088342837,LOW
683,enterprise,0,0.0505306204716091,0,0,0,0,0.03154541,0.0790084306919886,LOW
684,enterprise,0,0.0139334006824073,0,0,0,0,0.0038070993,0.029122852285511,LOW
685,enterprise,0,0.5958820777492115,1,1,1,1,0.59955287,0.5903758598755771,HIGH
686,enterprise,0,0.0136645153093687,0,0,0,0,0.0057931812,0.025471516052162,LOW
687,enterprise,1,0.4928741988245407,1,1,1,0,0.5605802,0.3913152060667076,HIGH
688,enterprise,0,0.2758775722696022,0,1,0,0,0.14885822,0.4664065866951235,MEDIUM
689,enterprise,1,0.4694685360253574,1,1,1,0,0.5964176,0.2790448865445261,HIGH
690,enterprise,0,0.0154511540761095,0,0,0,0,0.0038771934,0.0328120946897819,LOW
691,enterprise,0,0.10626010490548,0,0,0,0,0.06404085,0.1695889859917607,LOW
692,enterprise,0,0.0133570983263859,0,0,0,0,0.0115108015,0.0161265433307761,LOW
693,enterprise,0,0.037007000917445,0,0,0,0,0.011437511,0.0753612354534377,LOW
694,enterprise,0,0.0650864519852614,0,0,0,0,0.02257706,0.128850537986362,LOW
695,enterprise,0,0.1902021155260257,0,0,0,0,0.22498512,0.1380275898929071,LOW
696,enterprise,0,0.4953754205175578,1,1,1,0,0.4776481,0.5219663576951472,HIGH
697,enterprise,0,0.0203417540353399,0,0,0,0,0.0046833693,0.0438293310144573,LOW
698,enterprise,0,0.0406220891033241,0,0,0,0,0.024070418,0.0654495950986021,LOW
699,enterprise,0,0.0995704350483987,0,0,0,0,0.12890665,0.0555661053986781,LOW
700,enterprise,0,0.7051257777517579,1,1,1,1,0.6864291,0.7331708044572528,VERY_HIGH
701,enterprise,1,0.7589839528624192,1,1,1,1,0.78269583,0.7234160926500893,VERY_HIGH
702,enterprise,0,0.2520687349869465,0,1,0,0,0.18355119,0.3548450378660499,MEDIUM
703,enterprise,1,0.3654456845976308,1,1,1,0,0.2593563,0.5245797614399083,MEDIUM
704,enterprise,0,0.0128111011979374,0,0,0,0,0.008622206,0.0190944438048684,LOW
705,enterprise,0,0.0028470592944694,0,0,0,0,0.001034309,0.0055661845891266,LOW
706,enterprise,0,0.0318306897860762,0,0,0,0,0.0159293,0.0556827730268233,LOW
707,enterprise,0,0.0947104729784994,0,0,0,0,0.08355226,0.1114477776173424,LOW
708,enterprise,1,0.4849526780828842,1,1,1,0,0.54770505,0.3908240541778525,HIGH
709,enterprise,0,0.0307335867491028,0,0,0,0,0.03388284,0.0260097009456807,LOW
710,enterprise,0,0.0164974683105003,0,0,0,0,0.012383691,0.0226681335249423,LOW
711,enterprise,0,0.2909234028095677,0,1,0,0,0.29615045,0.2830828381167538,MEDIUM
712,enterprise,0,0.1135097349080048,0,0,0,0,0.06750425,0.1825179574123528,LOW
713,enterprise,0,0.0905149316782878,0,0,0,0,0.060418718,0.1356592491257007,LOW
714,enterprise,0,0.0271908445866836,0,0,0,0,0.0062412294,0.0586152671896997,LOW
715,enterprise,1,0.77858570774643,1,1,1,1,0.87519515,0.6336715211532608,VERY_HIGH
716,enterprise,0,0.0368090867633905,0,0,0,0,0.022790011,0.057837699915043,LOW
717,enterprise,0,0.3868150015527772,1,1,1,0,0.2103116,0.6515700866418002,MEDIUM
718,enterprise,0,0.5216826409210898,1,1,1,1,0.64500266,0.3367025926982704,HIGH
719,enterprise,1,0.3083250422106786,0,1,1,0,0.24982488,0.3960752608444798,MEDIUM
720,enterprise,1,0.2127503985101282,0,0,0,0,0.21089372,0.2155354082421213,LOW
721,enterprise,0,0.0038494245462798,0,0,0,0,0.0018184894,0.0068958272660917,LOW
722,enterprise,0,0.171521381501396,0,0,0,0,0.13276386,0.2296576486628243,LOW
723,enterprise,0,0.1100113787558919,0,0,0,0,0.08095085,0.1536021718897537,LOW
724,enterprise,0,0.0325007150105587,0,0,0,0,0.008804682,0.0680447649600486,LOW
725,enterprise,0,0.4556431831740952,1,1,1,0,0.56291443,0.2947362665890696,HIGH
726,enterprise,0,0.108335204242074,0,0,0,0,0.049967404,0.1958869020601201,LOW
727,enterprise,0,0.006772400776427,0,0,0,0,0.004956167,0.0094967509213364,LOW
728,enterprise,0,0.1868657519731596,0,0,0,0,0.13151386,0.2698935693288035,LOW
729,enterprise,0,0.042672759031354,0,0,0,0,0.042195883,0.0433880698807505,LOW
730,enterprise,0,0.0715408331748376,0,0,0,0,0.038265523,0.121453797220322,LOW
731,enterprise,1,0.3303742360612453,0,1,1,0,0.3116851,0.3584079324058445,MEDIUM
732,enterprise,0,0.0129040420212208,0,0,0,0,0.008607492,0.019348867043942,LOW
733,enterprise,0,0.0125576440307624,0,0,0,0,0.0035749634,0.0260316647047493,LOW
734,enterprise,0,0.0408530091454118,0,0,0,0,0.030932605,0.0557336131010277,LOW
735,enterprise,0,0.0163687257052281,0,0,0,0,0.0036182266,0.0354944743339142,LOW
736,enterprise,0,0.0071545210507587,0,0,0,0,0.003961954,0.0119433714609781,LOW
737,enterprise,0,0.0115896688792686,0,0,0,0,0.009769547,0.0143198510678064,LOW
738,enterprise,0,0.0438632458874318,0,0,0,0,0.012470412,0.0909524961508149,LOW
739,enterprise,0,0.019186041951875,0,0,0,0,0.0035277922,0.0426734161580607,LOW
740,enterprise,0,0.0287295831384879,0,0,0,0,0.02083154,0.0405766465744928,LOW
741,enterprise,0,0.507852162508706,1,1,1,1,0.47280365,0.5604249129408096,HIGH
742,enterprise,0,0.1883555574383437,0,0,0,0,0.20104617,0.1693196217631548,LOW
743,enterprise,1,0.0178155361658605,0,0,0,0,0.0035598609,0.0391990488820455,LOW
744,enterprise,1,0.2214532319304332,0,0,0,0,0.21297342,0.2341729336969516,LOW
745,enterprise,0,0.007805780191452,0,0,0,0,0.0037456057,0.0138960415742192,LOW
746,enterprise,0,0.0087519715396515,0,0,0,0,0.0035299554,0.0165849956324825,LOW
747,enterprise,0,0.0170669391131066,0,0,0,0,0.010447329,0.0269963541845887,LOW
748,enterprise,0,0.0106567859895533,0,0,0,0,0.0040711313,0.0205352677181378,LOW
749,enterprise,1,0.4378185812325982,1,1,1,0,0.45553556,0.4112430522073577,HIGH
750,enterprise,1,0.4835469119524171,1,1,1,0,0.37979028,0.6391818430958217,HIGH
751,enterprise,0,0.0067398706276339,0,0,0,0,0.0078033893,0.0051445920980527,LOW
752,enterprise,0,0.1993847718134848,0,0,0,0,0.13337687,0.2983966296651283,LOW
753,enterprise,0,0.0648459184059151,0,0,0,0,0.023865135,0.1263170915379246,LOW
754,enterprise,0,0.2572623277579263,0,1,0,0,0.3033528,0.1881265851046927,MEDIUM
755,enterprise,0,0.040316108151099,0,0,0,0,0.03371743,0.0502141227543874,LOW
756,enterprise,0,0.0403357505748833,0,0,0,0,0.015726227,0.077250035001627,LOW
757,enterprise,0,0.0694366070047901,0,0,0,0,0.03852363,0.1158060716877098,LOW
758,enterprise,0,0.0213832632567992,0,0,0,0,0.013600779,0.0330569899930334,LOW
759,enterprise,0,0.0854545191240949,0,0,0,0,0.056410294,0.1290208549083875,LOW
760,enterprise,0,0.0029389069338381,0,0,0,0,0.0019051407,0.0044895561102443,LOW
761,enterprise,0,0.0060050537170744,0,0,0,0,0.0031443737,0.0102960736406723,LOW
762,enterprise,0,0.2017510812589683,0,0,0,0,0.07879743,0.3861815528594349,LOW
763,enterprise,0,0.0135319160659254,0,0,0,0,0.009744263,0.0192133948179933,LOW
764,enterprise,1,0.5375428268054008,1,1,1,1,0.5569291,0.5084633997924326,HIGH
765,enterprise,0,0.0418273849754162,0,0,0,0,0.012030316,0.0865229885947276,LOW
766,enterprise,0,0.0146615807181458,0,0,0,0,0.0063245483,0.0271671292675312,LOW
767,enterprise,1,0.4623891410916053,1,1,1,0,0.5314523,0.3587944054824618,HIGH
768,enterprise,0,0.1651082035985831,0,0,0,0,0.09256278,0.2739263318695734,LOW
769,enterprise,0,0.0067308783860658,0,0,0,0,0.0035584166,0.0114895709216979,LOW
770,enterprise,0,0.1685928730145147,0,0,0,0,0.1494836,0.1972567732073493,LOW
771,enterprise,0,0.0689411996884268,0,0,0,0,0.06460159,0.0754506082790897,LOW
772,enterprise,1,0.8338266429479806,1,1,1,1,0.8887348,0.7514643215079826,VERY_HIGH
773,enterprise,0,0.1344308199197124,0,0,0,0,0.05426995,0.2546721179560003,LOW
774,enterprise,0,0.1323798521865402,0,0,0,0,0.062386334,0.237370123964795,LOW
775,enterprise,0,0.0187994936100038,0,0,0,0,0.007249495,0.0361244905718646,LOW
776,enterprise,0,0.0125188524215996,0,0,0,0,0.0062587773,0.0219089646906481,LOW
777,enterprise,0,0.0880131929116039,0,0,0,0,0.020377371,0.1894669241573881,LOW
778,enterprise,0,0.0196724001526579,0,0,0,0,0.012172125,0.0309228112976364,LOW
779,enterprise,0,0.1853124439474994,0,0,0,0,0.06944015,0.3591208848498897,LOW
780,enterprise,0,0.0587006985026206,0,0,0,0,0.054956168,0.0643174887641286,LOW
781,enterprise,0,0.2038517442162969,0,0,0,0,0.2060063,0.2006199016710467,LOW
782,enterprise,0,0.0054844897297959,0,0,0,0,0.0026336808,0.0097607029745828,LOW
783,enterprise,0,0.2249427623592591,0,0,0,0,0.19032057,0.2768760452774107,LOW
784,enterprise,0,0.0144567318233904,0,0,0,0,0.00567737,0.0276257746087528,LOW
785,enterprise,0,0.146129766636841,0,0,0,0,0.050925538,0.2889361050197296,LOW
786,enterprise,0,0.051194395033885,0,0,0,0,0.06631986,0.028506189357164,LOW
787,enterprise,0,0.6049542891008209,1,1,1,1,0.63951176,0.5531180319742737,VERY_HIGH
788,enterprise,0,0.014527122231145,0,0,0,0,0.00894987,0.0228930002123599,LOW
789,enterprise,1,0.4087387456848813,1,1,1,0,0.35446942,0.4901426991707567,HIGH
790,enterprise,0,0.1878546179601452,0,0,0,0,0.10793719,0.3077307532898836,LOW
791,enterprise,0,0.0121223390040352,0,0,0,0,0.004088169,0.024173593598742,LOW
792,enterprise,0,0.0657625025295859,0,0,0,0,0.009261496,0.1505140108450366,LOW
793,enterprise,0,0.0007821005613821,0,0,0,0,0.0006603376,0.0009647449526932,LOW
794,enterprise,0,0.5410356431589205,1,1,1,1,0.6714031,0.3454843683505253,HIGH
795,enterprise,0,0.0632425142358128,0,0,0,0,0.041922662,0.0952222910474698,LOW
796,enterprise,0,0.0481056896049285,0,0,0,0,0.040019613,0.0602348030106487,LOW
797,enterprise,0,0.024853472772423,0,0,0,0,0.0055387826,0.0538255074932144,LOW
798,enterprise,0,0.0299341164734112,0,0,0,0,0.008261008,0.0624437789013353,LOW
799,enterprise,0,0.4920385509975087,1,1,1,0,0.3283826,0.7375224382299511,HIGH
800,enterprise,0,0.0491459194071205,0,0,0,0,0.016091403,0.0987276927250404,LOW
801,enterprise,0,0.0079045630551525,0,0,0,0,0.005379996,0.0116914137098065,LOW
802,enterprise,0,0.5462137843920988,1,1,1,1,0.666676,0.3655204389875634,HIGH
803,enterprise,0,0.4117969550085892,1,1,1,0,0.5261137,0.2403218243004953,HIGH
804,enterprise,0,0.0040276947919372,0,0,0,0,0.0026249578,0.006131800130033,LOW
805,enterprise,0,0.0426927074494927,0,0,0,0,0.03401089,0.0557154313854797,LOW
806,enterprise,0,0.0064378640070616,0,0,0,0,0.0064684157,0.0063920360794438,LOW
807,enterprise,1,0.7762738729551675,1,1,1,1,0.7665936,0.7907942595668739,VERY_HIGH
808,enterprise,0,0.0199144532374367,0,0,0,0,0.0062714326,0.0403789840478637,LOW
809,enterprise,0,0.0992009359622327,0,0,0,0,0.09535606,0.1049682449609854,LOW
810,enterprise,0,0.0917837310132556,0,0,0,0,0.06321519,0.1346365426473749,LOW
811,enterprise,0,0.0131495492004398,0,0,0,0,0.0113689685,0.0158204195165493,LOW
812,enterprise,0,0.0044319129585665,0,0,0,0,0.002947596,0.0066583884273201,LOW
813,enterprise,0,0.3058102149479245,0,1,1,0,0.34839445,0.2419338421803352,MEDIUM
814,enterprise,0,0.0461937242644962,0,0,0,0,0.02267714,0.0814685987986466,LOW
815,enterprise,0,0.0201078985802763,0,0,0,0,0.0065534525,0.0404395668264314,LOW
816,enterprise,1,0.6318700150799157,1,1,1,1,0.577941,0.7127634774027767,VERY_HIGH
817,enterprise,0,0.014050048760882,0,0,0,0,0.0061573796,0.0258890521568209,LOW
818,enterprise,0,0.1244046591100402,0,0,0,0,0.03636546,0.2564634559371341,LOW
819,enterprise,1,0.0442664287075846,0,0,0,0,0.009067544,0.0970647551641983,LOW
820,enterprise,1,0.0888524715568647,0,0,0,0,0.0909583,0.0856937255625986,LOW
821,enterprise,0,0.0508068513170366,0,0,0,0,0.008810576,0.1138012639825504,LOW
822,enterprise,1,0.9207453609081192,1,1,1,1,0.9512929,0.8749240340223121,VERY_HIGH
823,enterprise,0,0.0982642404317843,0,0,0,0,0.055670068,0.1621554995775191,LOW
824,enterprise,0,0.0105521866196197,0,0,0,0,0.0015936148,0.0239900442437244,LOW
825,enterprise,0,0.0912326468022244,0,0,0,0,0.0202904,0.1976460138935787,LOW
826,enterprise,1,0.0204481881863099,0,0,0,0,0.015120876,0.0284391545706048,LOW
827,enterprise,0,0.1782267867260563,0,0,0,0,0.1756936,0.1820265573097736,LOW
828,enterprise,0,0.4612562688324756,1,1,1,0,0.47404224,0.4420773019725845,HIGH
829,enterprise,0,0.0359388323031666,0,0,0,0,0.0061843125,0.0805706114033987,LOW
830,enterprise,0,0.0162073480066791,0,0,0,0,0.0077740964,0.0288572253447362,LOW
831,enterprise,1,0.885440059884997,1,1,1,1,0.9190448,0.8350329309319748,VERY_HIGH
832,enterprise,0,0.0371629949293083,0,0,0,0,0.03409885,0.0417592142724857,LOW
833,enterprise,0,0.0124695720639545,0,0,0,0,0.0074023833,0.0200703543435083,LOW
834,enterprise,0,0.0096374827723148,0,0,0,0,0.0015239416,0.0218077944433639,LOW
835,enterprise,0,0.0205881962396526,0,0,0,0,0.01397995,0.0305005637538493,LOW
836,enterprise,0,0.0376995173029854,0,0,0,0,0.024750615,0.0571228691209741,LOW
837,enterprise,0,0.4164286135453066,1,1,1,0,0.40043,0.4404265132591327,HIGH
838,enterprise,0,0.0736514037273433,0,0,0,0,0.026317118,0.1446528327147431,LOW
839,enterprise,0,0.0520561610470042,0,0,0,0,0.03177383,0.0824796532118881,LOW
840,enterprise,0,0.451256341969287,1,1,1,0,0.4832137,0.4033202857656169,HIGH
841,enterprise,0,0.0483726680799656,0,0,0,0,0.042508703,0.0571686142495109,LOW
842,enterprise,0,0.0450595492465694,0,0,0,0,0.033609133,0.0622351714331407,LOW
843,enterprise,0,0.1832488591539547,0,0,0,0,0.10718576,0.2973434987335615,LOW
844,enterprise,0,0.0713030467188436,0,0,0,0,0.041886672,0.1154276063680845,LOW
845,enterprise,0,0.74043242394603,1,1,1,1,0.6753536,0.8380506500521477,VERY_HIGH
846,enterprise,0,0.0353585453419663,0,0,0,0,0.03151751,0.0411200965043847,LOW
847,enterprise,0,0.5528872138371423,1,1,1,1,0.71457297,0.3103585109388717,HIGH
848,enterprise,0,0.3469014316884514,0,1,1,0,0.2967087,0.4221905023077718,MEDIUM
849,enterprise,1,0.80719072867155,1,1,1,1,0.80256134,0.8141347330987433,VERY_HIGH
850,enterprise,1,0.6822110816270996,1,1,1,1,0.71229243,0.6370890399890368,VERY_HIGH
851,enterprise,0,0.1947154901194785,0,0,0,0,0.20435947,0.1802495064259107,LOW
852,enterprise,0,0.6935537158472438,1,1,1,1,0.82357186,0.498526468630408,VERY_HIGH
853,enterprise,0,0.2671229644428781,0,1,0,0,0.24417052,0.3015516211120019,MEDIUM
854,enterprise,0,0.1977907949797526,0,0,0,0,0.23735635,0.1384424627105929,LOW
855,enterprise,1,0.099635931182561,0,0,0,0,0.11192861,0.0811968987898471,LOW
856,enterprise,0,0.4255306797142435,1,1,1,0,0.37980166,0.4941242006708207,HIGH
857,enterprise,1,0.1782557648052171,0,0,0,0,0.12969199,0.2511014184925445,LOW
858,enterprise,0,0.0199211925973117,0,0,0,0,0.00844013,0.0371427849766164,LOW
859,enterprise,0,0.0416233386790096,0,0,0,0,0.01441334,0.0824383357404023,LOW
860,enterprise,0,0.7298258340793626,1,1,1,1,0.7461236,0.7053791226043741,VERY_HIGH
861,enterprise,0,0.0209683532553088,0,0,0,0,0.0063690036,0.0428673773320197,LOW
862,enterprise,0,0.010884724341685,0,0,0,0,0.0039324253,0.021313172807866,LOW
863,enterprise,1,0.1465946890877783,0,0,0,0,0.14943577,0.1423330624816566,LOW
864,enterprise,0,0.1436026367085066,0,0,0,0,0.117728956,0.1824131539803958,LOW
865,enterprise,0,0.0086408275613038,0,0,0,0,0.0031494654,0.016877870533019,LOW
866,enterprise,0,0.4672763117430582,1,1,1,0,0.53730845,0.3622280975873208,HIGH
867,enterprise,0,0.1538252914517355,0,0,0,0,0.03696914,0.3291095165086866,LOW
868,enterprise,1,0.645192122389447,1,1,1,1,0.8347601,0.3608400521913451,VERY_HIGH
869,enterprise,0,0.052778481601447,0,0,0,0,0.05899795,0.0434492693810914,LOW
870,enterprise,0,0.0206131419703144,0,0,0,0,0.012610846,0.032616585161482,LOW
871,enterprise,0,0.0282784046555825,0,0,0,0,0.01077236,0.0545374718371202,LOW
872,enterprise,0,0.0208126496231657,0,0,0,0,0.007497314,0.0407856525123373,LOW
873,enterprise,0,0.6309104013895374,1,1,1,1,0.65516335,0.5945309371887101,VERY_HIGH
874,enterprise,0,0.0112451300813935,0,0,0,0,0.004026838,0.0220725679181347,LOW
875,enterprise,0,0.1640610104608617,0,0,0,0,0.044852886,0.3428731919720973,LOW
876,enterprise,0,0.0121813374783659,0,0,0,0,0.0031602448,0.0257129764016257,LOW
877,enterprise,0,0.114831470741598,0,0,0,0,0.036149677,0.2328541615202233,LOW
878,enterprise,0,0.0290002828866869,0,0,0,0,0.0113966465,0.0554057365359441,LOW
879,enterprise,0,0.1994653644157877,0,0,0,0,0.10644496,0.3389959601048208,LOW
880,enterprise,0,0.3242183948975708,0,1,1,0,0.33673075,0.3054498571708565,MEDIUM
881,enterprise,0,0.0916112616501463,0,0,0,0,0.07075561,0.122894735967669,LOW
882,enterprise,0,0.004346544884419,0,0,0,0,0.0024704882,0.0071606296866526,LOW
883,enterprise,0,0.0583595236821088,0,0,0,0,0.033917386,0.095022729146757,LOW
884,enterprise,0,0.8766583611393168,1,1,1,1,0.9034387,0.8364878122568612,VERY_HIGH
885,enterprise,0,0.0161437574670609,0,0,0,0,0.0043018465,0.0339066239280991,LOW
886,enterprise,0,0.0052388176226312,0,0,0,0,0.0027725697,0.0089381893391894,LOW
887,enterprise,0,0.1468559340632967,0,0,0,0,0.036426,0.3125008347126375,LOW
888,enterprise,0,0.3485383000530939,0,1,1,0,0.3195307,0.3920496768152069,MEDIUM
889,enterprise,1,0.7258245627127555,1,1,1,1,0.70603245,0.7555127094294793,VERY_HIGH
890,enterprise,0,0.0219265353715555,0,0,0,0,0.014419506,0.0331870771102946,LOW
891,enterprise,0,0.0166457529188021,0,0,0,0,0.003945384,0.0356963058022967,LOW
892,enterprise,0,0.0144822621216915,0,0,0,0,0.013297716,0.0162590796737726,LOW
893,enterprise,1,0.3052016401782818,0,1,1,0,0.21594958,0.4390797154345084,MEDIUM
894,enterprise,0,0.0634468997067941,0,0,0,0,0.035879657,0.1047977614643009,LOW
895,enterprise,0,0.0687342180774045,0,0,0,0,0.012361474,0.1532933329922289,LOW
896,enterprise,0,0.1212228034372488,0,0,0,0,0.08950456,0.1688001632529893,LOW
897,enterprise,1,0.5023858757261126,1,1,1,1,0.5606177,0.4150381464371306,HIGH
898,enterprise,1,0.3322697126766354,0,1,1,0,0.3385989,0.322775913750209,MEDIUM
899,enterprise,0,0.0520093850838949,0,0,0,0,0.025136309,0.0923189986615901,LOW
900,enterprise,0,0.0121919801358847,0,0,0,0,0.007975565,0.0185166019696665,LOW
901,enterprise,0,0.014921009193928,0,0,0,0,0.0056954096,0.0287594084576915,LOW
902,enterprise,1,0.0528143727095487,0,0,0,0,0.048440192,0.0593756392751044,LOW
