days_since_last_login,avg_monthly_usage_hours,payment_delay_days_mean,critical_ticket_ratio,avg_nps_score,revenue_at_risk,payment_consistency_score,unresolved_ratio,total_tickets,mrr_current,tenure_days,usage_per_user,feature_adoption_pct_mean,contract_type,plan_type,total_users,enterprise_account_health,churned
63.0,181.0,9.4,0.3333333333333333,7.5,18639.24485818181,0.0,0.3333333333333333,6.0,15624.24,1219.0,2.919354838709677,15.8,Annual,Enterprise,62.0,0.6088575757575757,0.0
79.0,283.8,7.0,0.5,6.5,63650.048715000004,0.5,0.125,8.0,16387.2925,62.0,4.054285714285714,40.7,Annual,Enterprise,70.0,0.802498106060606,0.0
69.0,114.8,0.0,0.3333333333333333,10.0,63650.048715000004,1.0,0.6666666666666666,3.0,16387.2925,1097.0,2.551111111111111,52.3,Annual,Enterprise,45.0,0.9375,0.0
37.0,188.8,8.2,0.6666666666666666,10.0,47031.602688000006,0.0,0.1333333333333333,15.0,16387.2925,246.0,2.3898734177215197,73.5,Annual,Enterprise,71.0,0.6561333333333332,
58.0,116.5,0.0,0.2222222222222222,9.5,29783.83333333333,1.0,0.2222222222222222,9.0,2865.5,1066.0,8.321428571428571,18.2,Monthly,Enterprise,14.0,0.966540404040404,0.0
34.0,293.8,0.0,0.25,6.0,63650.048715000004,1.0,0.3333333333333333,12.0,16387.2925,276.0,5.65,48.9,Annual,Enterprise,52.0,0.9180871212121212,0.0
64.0,239.1,0.0,0.5,10.0,24730.700000000004,1.0,0.1666666666666666,6.0,2473.07,336.0,14.06470588235294,53.5,Monthly,Enterprise,17.0,0.9583333333333334,1.0
62.0,109.8,5.5,0.1333333333333333,0.5,2934.6050278787884,0.0,0.3333333333333333,15.0,1728.58,1462.0,4.575,39.8,Monthly,Enterprise,24.0,0.5882121212121212,
11.0,224.2,0.0,0.1428571428571428,6.0,10603.468051948052,1.0,0.2857142857142857,7.0,1242.72,215.0,2.6069767441860465,74.6,Monthly,Enterprise,71.0,0.9277597402597404,0.0
44.0,105.0,1.368421052631579,0.1875,3.0,22604.442836124403,0.7368421052631579,0.1875,16.0,3727.7,276.0,1.6666666666666667,25.1,Monthly,Enterprise,63.0,0.8407363437001594,0.0
70.0,247.4,0.0833333333333333,0.4444444444444444,2.0,17902.99655353535,0.9722222222222222,0.4444444444444444,9.0,3655.23,1007.0,3.9269841269841272,65.7,Monthly,Enterprise,63.0,0.8477575757575757,
43.0,269.7,0.0,0.0,4.0,23646.477272727272,1.0,0.9333333333333333,1.0,4128.75,1128.0,12.259090909090908,56.5,Monthly,Enterprise,22.0,0.8693181818181819,
7.0,69.1,0.0,0.3636363636363636,4.5,30590.678181818177,1.0,0.2727272727272727,11.0,4314.07,1431.0,0.6979797979797979,51.1,Monthly,Enterprise,71.0,0.8977272727272727,0.0
36.0,276.3,2.0,0.0,6.0,63650.048715000004,0.75,0.9333333333333333,2.0,16387.2925,1342.0,2.790909090909091,64.7,Annual,Enterprise,71.0,0.8367121212121211,0.0
78.0,279.5,4.25,0.0,1.5,63650.048715000004,0.5,0.25,4.0,16387.2925,1311.0,3.0380434782608696,23.1,Annual,Enterprise,71.0,0.7764507575757577,
53.0,275.5,1.7,0.0,4.0,27375.35653818182,0.75,0.0,2.0,3631.91,459.0,3.4012345679012346,54.4,Monthly,Enterprise,71.0,0.8772848484848486,
29.0,274.5,0.0,0.2857142857142857,0.0,11356.193766233768,1.0,0.2857142857142857,14.0,2350.61,215.0,4.815789473684211,43.2,Monthly,Enterprise,57.0,0.8506493506493507,
4.0,194.4,0.5,0.3571428571428571,9.5,14475.197824675324,0.9047619047619048,0.1428571428571428,14.0,1491.34,246.0,2.025,59.5,Monthly,Enterprise,71.0,0.9426872294372296,0.0
39.0,77.4,2.5,0.0,4.5,31711.482000000007,0.5,0.0,4.0,4804.77,215.0,4.300000000000001,75.9,Monthly,Enterprise,18.0,0.8308333333333333,
76.0,66.2,0.0,0.3333333333333333,4.0,63650.048715000004,1.0,0.1666666666666666,12.0,16387.2925,673.0,1.2980392156862746,31.9,Annual,Enterprise,51.0,0.9005681818181819,0.0
36.0,230.4,6.6,0.7857142857142857,1.5,23898.023842909097,0.0,0.3571428571428571,14.0,16387.2925,1250.0,3.2450704225352114,28.1,Annual,Enterprise,71.0,0.5423805194805195,0.0
32.0,277.8,5.75,0.4,7.0,39409.383888,0.0,0.2,5.0,14240.16,520.0,4.960714285714286,84.9,Annual,Enterprise,56.0,0.7130757575757576,
82.0,101.3,5.0,0.4666666666666667,4.0,63650.048715000004,0.5,0.2666666666666666,15.0,16387.2925,185.0,5.065,14.6,Annual,Enterprise,20.0,0.7726515151515152,
21.0,116.2,2.6666666666666665,0.0,7.0,25885.504823030315,0.5,0.2,10.0,3620.78,885.0,1.1857142857142855,21.8,Monthly,Enterprise,71.0,0.8462979797979797,0.0
70.0,204.0,1.2758620689655171,0.5,9.5,23739.002139498432,0.8620689655172413,0.0,2.0,2516.07,276.0,11.333333333333334,12.7,Monthly,Enterprise,18.0,0.9320796760710556,
31.0,262.4,0.0,0.4545454545454545,1.0,63650.048715000004,1.0,0.0909090909090909,11.0,16387.2925,1097.0,7.091891891891891,30.1,Annual,Enterprise,37.0,0.8636363636363636,1.0
82.0,223.9,10.0,0.2,5.0,3416.035,0.0,0.3,10.0,1952.02,520.0,4.390196078431373,63.9,Monthly,Enterprise,51.0,0.5995833333333334,0.0
23.0,242.8,4.5,0.3333333333333333,1.0,39301.258550909086,0.0,0.2222222222222222,9.0,16387.2925,793.0,3.2373333333333334,70.9,Annual,Enterprise,71.0,0.6210050505050505,1.0
45.0,250.7,0.0,0.3333333333333333,0.0,5175.517272727273,1.0,0.0,3.0,933.29,185.0,5.697727272727272,38.3,Monthly,Enterprise,44.0,0.865530303030303,
5.0,91.3,0.4583333333333333,0.3529411764705882,5.0,27268.946784313728,0.875,0.4117647058823529,17.0,4351.7,946.0,2.075,14.4,Monthly,Enterprise,44.0,0.863483660130719,0.0
9.0,208.0,6.0,0.6666666666666666,4.0,39019.17126545454,0.0,0.1666666666666666,12.0,16387.2925,1342.0,13.866666666666667,93.1,Annual,Enterprise,15.0,0.5837348484848485,0.0
38.0,184.4,7.0,0.3333333333333333,9.5,63650.048715000004,0.0,0.2666666666666666,15.0,16387.2925,854.0,2.752238805970149,64.4,Annual,Enterprise,67.0,0.6661515151515152,0.0
23.0,114.2,0.7291666666666666,0.5,8.0,11488.057583333337,0.8958333333333334,0.5,2.0,1540.22,1372.0,1.6084507042253522,53.3,Monthly,Enterprise,71.0,0.8919949494949495,0.0
59.0,124.0,0.0,0.1111111111111111,8.0,63650.048715000004,1.0,0.1111111111111111,9.0,16387.2925,185.0,1.2783505154639174,84.4,Annual,Enterprise,71.0,0.9633838383838385,0.0
37.0,208.7,0.0,0.3333333333333333,5.5,7778.667272727272,1.0,0.25,9.0,966.84,701.0,2.173958333333333,77.0,Monthly,Enterprise,71.0,0.9176136363636364,0.0
55.0,283.5,0.0,0.375,1.5,9391.076931818185,1.0,0.5,8.0,1981.81,854.0,4.973684210526316,28.7,Monthly,Enterprise,57.0,0.8487215909090909,
84.0,99.2,7.0,0.1666666666666666,4.0,19718.88999818181,0.0,0.0,6.0,14995.44,824.0,1.358904109589041,63.9,Annual,Enterprise,71.0,0.6127348484848485,0.0
59.0,174.1,0.0,0.0,7.0,34779.55909090909,1.0,0.9333333333333333,1.0,4723.15,32.0,2.2907894736842103,18.9,Monthly,Enterprise,71.0,0.9034090909090908,0.0
28.0,134.4,0.0,0.3846153846153846,8.5,63650.048715000004,1.0,0.2307692307692307,13.0,16387.2925,336.0,2.317241379310345,82.4,Annual,Enterprise,58.0,0.944493006993007,0.0
39.0,203.8,2.111111111111111,0.3333333333333333,6.0,7676.296009090909,0.7777777777777778,0.25,9.0,1054.89,1372.0,4.73953488372093,79.7,Monthly,Enterprise,43.0,0.8732213804713804,0.0
60.0,188.8,0.8421052631578947,0.3571428571428571,1.0,5451.355165960356,0.8421052631578947,0.0714285714285714,14.0,1025.79,520.0,2.736231884057972,33.9,Monthly,Enterprise,69.0,0.8371169970380496,
24.0,57.5,1.625,0.75,1.0,13390.590272727277,0.875,0.25,4.0,3532.29,673.0,1.0267857142857142,30.5,Monthly,Enterprise,56.0,0.8058939393939394,0.0
89.0,234.0,6.75,0.5,6.0,3763.6151931818185,0.0,0.25,4.0,2162.15,732.0,7.3125,33.6,Monthly,Enterprise,32.0,0.5996704545454545,1.0
1.0,131.5,4.142857142857143,0.25,0.0,4567.440763636363,0.5714285714285714,0.5,4.0,1402.62,916.0,4.696428571428571,65.5,Monthly,Enterprise,28.0,0.7427267316017315,
55.0,181.8,0.5151515151515151,0.375,4.0,11997.689058677688,0.9393939393939394,0.25,8.0,1812.04,673.0,3.1894736842105265,85.9,Monthly,Enterprise,57.0,0.8792607323232324,0.0
74.0,190.4,10.0,0.1875,9.0,48074.05700284093,0.0,0.375,16.0,16387.2925,1066.0,7.051851851851852,81.7,Annual,Enterprise,27.0,0.636813446969697,0.0
59.0,126.5,1.375,0.1818181818181818,8.0,38243.518727272734,0.875,0.2727272727272727,11.0,4315.76,215.0,2.691489361702128,73.8,Monthly,Enterprise,47.0,0.9201969696969696,0.0
68.0,116.9,0.0,0.625,5.5,16915.883522727272,1.0,0.0,8.0,2205.33,885.0,2.2921568627450983,20.9,Monthly,Enterprise,51.0,0.9098011363636364,0.0
75.0,214.8,2.375,0.3,4.5,29544.39786,0.75,0.3,10.0,4776.01,673.0,8.261538461538462,79.5,Monthly,Enterprise,26.0,0.8436666666666667,
82.0,106.7,6.6,0.6666666666666666,9.5,63059.128180363645,0.0,0.0,3.0,16387.2925,1403.0,7.621428571428572,59.4,Annual,Enterprise,14.0,0.6870515151515152,0.0
48.0,276.7,8.4,0.2222222222222222,8.5,63650.048715000004,0.0,0.0,9.0,16387.2925,763.0,4.392063492063492,25.2,Annual,Enterprise,63.0,0.7226656565656566,
53.0,255.6,0.0,0.5,7.0,36650.33659090909,1.0,0.375,8.0,4736.02,977.0,3.1555555555555554,80.6,Monthly,Enterprise,71.0,0.9112215909090908,
2.0,133.4,2.625,0.5,7.0,12903.431982954546,0.75,0.1428571428571428,14.0,1783.95,763.0,3.923529411764706,27.1,Monthly,Enterprise,34.0,0.8687305194805195,0.0
30.0,137.3,8.4,0.4545454545454545,4.5,63650.048715000004,0.0,0.0,11.0,16387.2925,797.0,6.865,68.7,Annual,Enterprise,20.0,0.6386909090909091,
4.0,172.5,9.0,0.5,1.0,63451.29168,0.0,0.0,2.0,16387.2925,1158.0,7.1875,71.7,Annual,Enterprise,24.0,0.6424772727272727,0.0
34.0,96.0,0.3555555555555555,0.3333333333333333,5.0,33674.78177939394,0.9555555555555556,0.1666666666666666,6.0,4441.66,701.0,1.959183673469388,16.6,Monthly,Enterprise,49.0,0.902094781144781,0.0
73.0,286.3,10.25,0.25,5.0,63650.048715000004,0.0,0.25,4.0,16387.2925,1038.0,3.6240506329113926,47.8,Annual,Enterprise,71.0,0.6845984848484847,0.0
69.0,174.7,1.4545454545454546,0.3076923076923077,3.0,9000.326977749522,0.8181818181818182,0.4615384615384615,13.0,1703.59,1342.0,2.0797619047619045,33.1,Monthly,Enterprise,71.0,0.8321351981351982,0.0
13.0,279.9,6.666666666666667,0.3333333333333333,10.0,63650.048715000004,0.0,0.0666666666666666,15.0,16387.2925,701.0,8.48181818181818,18.9,Annual,Enterprise,33.0,0.6772222222222222,
22.0,117.1,0.0,0.0,7.5,9342.45,1.0,0.0,3.0,878.35,1007.0,1.2728260869565218,77.3,Monthly,Enterprise,71.0,0.9715909090909092,1.0
8.0,193.9,0.0,0.3846153846153846,7.0,8801.483916083916,1.0,0.3076923076923077,13.0,1062.12,1158.0,2.08494623655914,42.1,Monthly,Enterprise,71.0,0.9226398601398602,0.0
59.0,213.0,7.6,0.25,0.0,23268.637739454545,0.0,0.375,8.0,16387.2925,1462.0,2.21875,83.5,Annual,Enterprise,71.0,0.5790344696969697,
37.0,292.1,0.0,0.0,3.0,9195.944727272728,1.0,0.6,5.0,1440.96,1066.0,3.1074468085106384,71.7,Monthly,Enterprise,71.0,0.8829545454545454,0.0
64.0,180.1,1.411764705882353,0.3333333333333333,8.5,41246.44263529413,0.8823529411764706,0.25,9.0,4572.18,246.0,4.5025,47.1,Monthly,Enterprise,40.0,0.9244104278074868,0.0
18.0,139.1,1.6206896551724137,0.5714285714285714,9.0,41376.88953479624,0.8275862068965517,0.1428571428571428,7.0,4920.93,1372.0,1.5988505747126436,51.8,Monthly,Enterprise,71.0,0.905188908792357,
26.0,248.9,1.5,0.1666666666666666,7.0,63650.048715000004,0.25,0.1666666666666666,6.0,16387.2925,612.0,7.111428571428571,30.9,Annual,Enterprise,35.0,0.7910757575757575,0.0
85.0,208.7,1.96,0.5,0.0,12526.409845818183,0.84,0.0,2.0,2737.48,1066.0,2.746052631578947,19.6,Monthly,Enterprise,71.0,0.8178869696969697,0.0
39.0,238.1,0.0,0.2,1.0,63650.048715000004,1.0,0.1,10.0,16387.2925,520.0,23.81,70.2,Annual,Enterprise,10.0,0.8789772727272727,
41.0,220.1,3.75,0.5555555555555556,8.5,63650.048715000004,0.5,0.1111111111111111,9.0,16387.2925,946.0,11.005,63.5,Annual,Enterprise,20.0,0.8312878787878788,0.0
15.0,57.1,2.6666666666666665,0.0,6.0,11612.782036363637,0.4444444444444444,0.0,4.0,1679.03,489.0,0.8397058823529412,19.9,Monthly,Enterprise,68.0,0.8363232323232324,
25.0,204.0,11.0,0.1875,6.0,63650.048715000004,0.0,0.25,16.0,16387.2925,1007.0,6.0,63.7,Annual,Enterprise,34.0,0.6378683712121211,
44.0,104.4,2.25,0.2,10.0,17370.25488,0.8333333333333334,0.2,10.0,1783.76,340.0,1.3050000000000002,17.7,Monthly,Enterprise,71.0,0.9356666666666666,
15.0,203.3,1.1111111111111112,1.0,1.0,8925.749277777779,0.8888888888888888,0.5,2.0,3676.51,1038.0,8.839130434782609,27.9,Monthly,Enterprise,23.0,0.7787920875420875,0.0
50.0,195.7,5.25,0.2,6.5,61762.67193599999,0.0,0.4,15.0,16387.2925,520.0,13.978571428571428,17.7,Annual,Enterprise,14.0,0.7087272727272728,
49.0,269.8,0.0,0.6666666666666666,10.0,63650.048715000004,1.0,0.3333333333333333,3.0,16387.2925,158.0,5.865217391304348,44.7,Annual,Enterprise,46.0,0.9375,
26.0,272.7,0.0,0.2142857142857142,8.0,21285.80688311688,1.0,0.4285714285714285,14.0,2370.22,276.0,4.958181818181818,94.9,Monthly,Enterprise,55.0,0.937094155844156,0.0
9.0,296.2,3.6666666666666665,0.1666666666666666,4.0,5155.75077020202,0.5833333333333334,0.1666666666666666,6.0,869.65,642.0,4.113888888888889,36.4,Monthly,Enterprise,71.0,0.8178737373737374,
79.0,200.4,0.0,0.5625,10.0,28199.345625,1.0,0.125,16.0,2837.67,732.0,5.01,30.9,Monthly,Enterprise,40.0,0.95703125,1.0
71.0,271.6,0.8148148148148148,0.25,4.0,26622.673692929297,0.925925925925926,0.25,12.0,3847.02,1128.0,3.1218390804597704,57.0,Monthly,Enterprise,71.0,0.8835805274971942,
34.0,262.6,9.5,1.0,3.0,19129.67738181818,0.0,0.9333333333333333,1.0,16387.2925,1097.0,4.527586206896552,55.1,Annual,Enterprise,58.0,0.5101212121212121,0.0
65.0,258.6,0.0,0.25,5.5,9065.215909090908,1.0,0.25,8.0,1126.75,123.0,5.621739130434783,14.7,Monthly,Enterprise,46.0,0.9176136363636364,
43.0,265.4,0.9117647058823528,0.2222222222222222,10.0,46458.06443921568,0.8823529411764706,0.2222222222222222,9.0,4657.74,1219.0,3.4467532467532465,86.6,Monthly,Enterprise,71.0,0.9462614379084968,
1.0,232.6,2.0,0.5384615384615384,1.5,63650.048715000004,0.3333333333333333,0.1538461538461538,13.0,16387.2925,367.0,6.121052631578947,31.0,Annual,Enterprise,38.0,0.7214731934731934,0.0
49.0,201.7,1.173913043478261,1.0,2.0,1506.948161264822,0.8695652173913043,0.9333333333333333,1.0,993.48,185.0,3.41864406779661,27.3,Monthly,Enterprise,59.0,0.7548735177865612,1.0
27.0,53.0,4.5,0.5882352941176471,10.0,10691.021647058824,0.5,0.1764705882352941,17.0,1529.86,1431.0,1.5588235294117647,39.6,Monthly,Enterprise,34.0,0.8402058823529412,0.0
44.0,189.2,0.0,0.4615384615384615,5.5,16193.015244755246,1.0,0.1538461538461538,13.0,2103.18,1462.0,2.0127659574468084,12.4,Monthly,Enterprise,71.0,0.910402097902098,
13.0,190.8,10.0,0.4166666666666667,2.0,60599.287661818176,0.0,0.1666666666666666,12.0,16387.2925,32.0,5.611764705882353,75.4,Annual,Enterprise,34.0,0.573965909090909,0.0
29.0,152.1,10.8,0.25,1.0,53652.28762472727,0.0,0.25,4.0,16387.2925,824.0,3.8025,49.9,Annual,Enterprise,40.0,0.5656772727272728,0.0
88.0,91.6,6.5,0.2857142857142857,6.0,63650.048715000004,0.0,0.1428571428571428,7.0,16387.2925,1189.0,3.3925925925925924,32.4,Annual,Enterprise,27.0,0.6504264069264069,
57.0,293.9,0.2058823529411764,0.2857142857142857,1.5,9128.833002902978,0.9705882352941176,0.1428571428571428,7.0,1526.51,1097.0,5.651923076923077,70.0,Monthly,Enterprise,52.0,0.870192004074357,0.0
58.0,295.2,0.0,0.4117647058823529,2.5,63650.048715000004,1.0,0.1176470588235294,17.0,16387.2925,32.0,19.68,30.1,Annual,Enterprise,15.0,0.8816844919786097,
45.0,67.6,7.5,0.3125,4.0,63650.048715000004,0.0,0.0625,16.0,16387.2925,246.0,0.7347826086956522,35.5,Annual,Enterprise,71.0,0.6283806818181819,0.0
3.0,55.8,10.4,0.2666666666666666,4.0,56090.95818938183,0.0,0.1333333333333333,15.0,16387.2925,1403.0,0.6488372093023256,61.4,Annual,Enterprise,71.0,0.6070848484848484,0.0
23.0,123.4,0.0,0.4285714285714285,9.0,21265.161428571428,1.0,0.0,7.0,2091.21,732.0,2.5183673469387755,33.9,Monthly,Enterprise,49.0,0.9618506493506492,0.0
33.0,73.2,8.0,0.5,1.5,40551.06129454546,0.0,0.1666666666666666,12.0,16387.2925,276.0,0.8511627906976744,65.9,Annual,Enterprise,71.0,0.6004090909090909,0.0
37.0,274.4,9.333333333333334,0.2666666666666666,6.5,63650.048715000004,0.0,0.0666666666666666,15.0,16387.2925,1403.0,5.965217391304347,55.3,Annual,Enterprise,46.0,0.7145050505050505,0.0
12.0,260.4,0.5909090909090909,0.5,6.5,13981.73085041322,0.9090909090909092,0.9333333333333333,2.0,2630.74,185.0,5.314285714285714,86.9,Monthly,Enterprise,49.0,0.846719696969697,0.0
15.0,219.7,0.2,0.5,9.0,29865.245563636367,0.96,0.5,4.0,3609.45,398.0,2.241836734693877,38.2,Monthly,Enterprise,71.0,0.9176030303030304,0.0
65.0,278.6,1.5666666666666669,0.4444444444444444,7.0,8716.42017979798,0.8333333333333334,0.1111111111111111,9.0,1105.95,276.0,18.57333333333333,35.7,Monthly,Enterprise,15.0,0.8936757575757577,1.0
70.0,214.3,0.4444444444444444,0.25,1.0,14864.41923712121,0.9444444444444444,0.5,4.0,3167.97,1219.0,2.279787234042553,72.2,Monthly,Enterprise,71.0,0.8385559764309763,
89.0,189.1,8.0,0.2,1.0,63650.048715000004,0.0,0.2,5.0,16387.2925,1158.0,1.91010101010101,64.6,Annual,Enterprise,71.0,0.6273939393939394,
66.0,178.9,8.4,0.4444444444444444,4.0,63650.048715000004,0.0,0.1111111111111111,9.0,16387.2925,276.0,2.710606060606061,16.7,Annual,Enterprise,66.0,0.6026959595959596,0.0
60.0,253.3,0.1842105263157894,0.3,5.0,20575.591145645933,0.9736842105263158,0.1,10.0,2585.98,1281.0,25.33,90.7,Monthly,Enterprise,10.0,0.912427432216906,0.0
1.0,189.3,0.6875,0.4117647058823529,10.0,45960.70202941177,0.9375,0.1764705882352941,17.0,4657.3,123.0,3.10327868852459,94.8,Monthly,Enterprise,61.0,0.9489019607843138,0.0
34.0,143.4,9.4,0.1538461538461538,5.5,25323.035342769224,0.0,0.3076923076923077,13.0,16387.2925,520.0,3.585,83.1,Annual,Enterprise,40.0,0.5989508158508158,
47.0,282.9,5.333333333333333,0.1428571428571428,8.0,63650.048715000004,0.0,0.3571428571428571,14.0,16387.2925,489.0,20.207142857142856,86.0,Annual,Enterprise,14.0,0.691800505050505,1.0
2.0,192.8,1.6666666666666667,0.3333333333333333,6.0,38369.714133333335,0.0,0.3333333333333333,15.0,14340.840000000002,93.0,3.1606557377049183,56.9,Annual,Enterprise,61.0,0.7084343434343434,
60.0,61.1,0.0,0.7777777777777778,6.0,29618.19212121212,1.0,0.4444444444444444,9.0,4814.78,215.0,0.7833333333333333,19.8,Monthly,Enterprise,71.0,0.8781565656565656,
36.0,104.3,3.25,0.3125,4.0,63650.048715000004,0.75,0.125,16.0,16387.2925,551.0,3.067647058823529,66.8,Annual,Enterprise,34.0,0.8458077651515152,0.0
90.0,264.4,1.5,0.6666666666666666,4.0,50972.0965090909,0.0,0.5,6.0,16387.2925,946.0,2.7257731958762883,91.5,Annual,Enterprise,71.0,0.5949015151515151,
1.0,75.1,0.0,1.0,2.0,10246.845,1.0,0.5,2.0,3267.11,1281.0,1.5019999999999998,22.6,Monthly,Enterprise,50.0,0.8153409090909091,0.0
53.0,294.2,6.0,0.0,9.0,63650.048715000004,0.0,0.0,1.0,16387.2925,1342.0,13.372727272727271,21.3,Annual,Enterprise,22.0,0.7726363636363637,0.0
86.0,69.9,2.5,0.4444444444444444,5.0,63650.048715000004,0.75,0.3333333333333333,9.0,16387.2925,946.0,1.3705882352941177,14.8,Annual,Enterprise,51.0,0.8322222222222222,1.0
5.0,114.8,0.2608695652173913,0.3,6.0,27904.12446735178,0.9130434782608696,0.3,10.0,3644.92,1281.0,1.383132530120482,19.7,Monthly,Enterprise,71.0,0.8989584980237153,1.0
64.0,142.5,0.8823529411764706,0.3,6.5,7373.6161026737955,0.9411764705882352,0.6,10.0,1034.16,276.0,5.089285714285714,82.3,Monthly,Enterprise,28.0,0.8898596256684491,0.0
41.0,116.6,0.0,0.3333333333333333,2.5,12787.82909090909,1.0,0.0,12.0,1850.87,520.0,3.761290322580645,36.0,Monthly,Enterprise,31.0,0.8939393939393939,1.0
67.0,69.5,0.0357142857142857,0.0,2.5,27091.17593896104,0.9642857142857144,0.5,2.0,4304.89,1431.0,0.8475609756097561,26.6,Monthly,Enterprise,71.0,0.876284632034632,0.0
56.0,85.7,0.7105263157894737,0.0,7.5,28672.432995215317,0.9210526315789472,0.9333333333333333,1.0,3928.4,581.0,0.9315217391304348,70.7,Monthly,Enterprise,71.0,0.8914066985645933,0.0
34.0,278.8,9.0,0.3529411764705882,1.0,26084.79019251337,0.0,0.3529411764705882,17.0,16387.2925,642.0,7.7444444444444445,47.7,Annual,Enterprise,36.0,0.5996096256684492,0.0
88.0,209.7,0.3333333333333333,0.3,3.0,18918.25012363636,0.8333333333333334,0.1,10.0,2963.16,1431.0,5.667567567567567,21.8,Monthly,Enterprise,37.0,0.8612323232323233,0.0
77.0,62.1,1.3421052631578947,0.3,8.0,35743.4915555024,0.868421052631579,0.2,10.0,4105.67,520.0,1.035,64.9,Monthly,Enterprise,60.0,0.916127990430622,0.0
57.0,288.8,0.0,0.3333333333333333,2.0,21383.63090909091,1.0,0.3333333333333333,3.0,3793.87,123.0,8.022222222222222,94.5,Monthly,Enterprise,36.0,0.8674242424242424,0.0
68.0,93.9,0.0,0.0,9.0,63650.048715000004,1.0,0.0,1.0,9936.84,1101.0,7.825,27.9,Annual,Enterprise,12.0,0.9886363636363636,
4.0,197.6,0.8205128205128205,0.2307692307692307,5.0,17193.73675560337,0.8974358974358975,0.3076923076923077,13.0,2380.49,1128.0,6.175,85.7,Monthly,Enterprise,32.0,0.8868271173271174,0.0
39.0,123.5,0.3333333333333333,0.3636363636363636,5.5,11602.212765151517,0.9166666666666666,0.5454545454545454,11.0,1779.7699999999998,1219.0,1.871212121212121,44.9,Monthly,Enterprise,66.0,0.874489898989899,0.0
1.0,246.7,0.55,0.0,6.5,23113.996349090903,0.95,0.25,4.0,2547.52,1219.0,7.048571428571428,62.5,Monthly,Enterprise,35.0,0.933135606060606,1.0
72.0,204.8,11.5,0.1428571428571428,5.0,55174.61752363636,0.0,0.0,7.0,16387.2925,854.0,6.4,34.3,Annual,Enterprise,32.0,0.70358658008658,
45.0,180.5,0.0,0.5384615384615384,7.5,63650.048715000004,1.0,0.1538461538461538,13.0,16387.2925,1372.0,6.9423076923076925,81.6,Annual,Enterprise,26.0,0.9283216783216784,0.0
15.0,275.7,2.333333333333333,0.5714285714285714,6.0,11283.704256277057,0.6666666666666666,0.1428571428571428,7.0,1797.71,701.0,3.5346153846153845,81.5,Monthly,Enterprise,71.0,0.8370137085137085,
67.0,195.5,0.5348837209302325,0.6,10.0,37291.28160744186,0.9069767441860463,0.2,5.0,4089.29,428.0,5.75,56.7,Monthly,Enterprise,34.0,0.929968992248062,0.0
16.0,224.6,9.5,0.0,8.5,63650.048715000004,0.0,0.0,4.0,16387.2925,459.0,2.8794871794871795,63.8,Annual,Enterprise,71.0,0.757621212121212,0.0
84.0,149.3,1.3,0.0,10.0,34948.1296,0.9,0.0,5.0,3093.85,1158.0,1.9389610389610392,72.6,Monthly,Enterprise,71.0,0.9765333333333334,0.0
13.0,298.8,0.4666666666666667,0.2857142857142857,8.5,29747.86025636363,0.9555555555555556,0.2142857142857142,14.0,3152.4099999999994,642.0,3.0804123711340208,50.4,Monthly,Enterprise,71.0,0.941571212121212,0.0
6.0,175.2,8.6,0.7142857142857143,3.0,55389.768192,0.0,0.1428571428571428,7.0,16387.2925,673.0,4.866666666666666,63.5,Annual,Enterprise,36.0,0.5719497835497835,
20.0,148.4,0.0,0.5,10.0,63650.048715000004,1.0,0.25,4.0,16387.2925,1219.0,4.24,17.6,Annual,Enterprise,35.0,0.953125,0.0
88.0,155.7,1.5,0.25,10.0,40396.4666375,0.75,0.1666666666666666,12.0,4344.29,854.0,11.12142857142857,25.3,Monthly,Enterprise,14.0,0.9199583333333332,
66.0,182.4,4.0,0.4,2.0,38711.296145454544,0.0,0.1,10.0,16387.2925,977.0,7.6,59.6,Annual,Enterprise,24.0,0.6071742424242424,
45.0,65.8,0.6296296296296297,0.5,0.5,14594.53136296296,0.925925925925926,0.5,8.0,3986.77,1097.0,1.4304347826086956,56.6,Monthly,Enterprise,46.0,0.8130516273849607,
87.0,197.5,0.46875,0.3,0.0,17241.954819034094,0.9375,0.4,10.0,4016.63,185.0,14.107142857142858,25.7,Monthly,Enterprise,14.0,0.8288636363636365,0.0
31.0,54.0,0.3695652173913043,1.0,2.5,14788.386436363638,0.9347826086956522,0.3333333333333333,3.0,3920.58,1404.0,4.5,85.1,Monthly,Enterprise,12.0,0.8174104084321475,
87.0,183.9,7.4,0.4285714285714285,10.0,63650.048715000004,0.0,0.1428571428571428,14.0,16387.2925,701.0,2.419736842105263,45.5,Annual,Enterprise,71.0,0.6965523809523809,0.0
8.0,188.4,4.666666666666667,0.1538461538461538,3.0,9678.113271794871,0.0,0.1538461538461538,13.0,3614.38,551.0,2.325925925925926,50.8,Monthly,Enterprise,71.0,0.6487793317793318,
22.0,63.6,0.0,0.6,10.0,63650.048715000004,1.0,0.2,5.0,16387.2925,32.0,0.825974025974026,67.6,Annual,Enterprise,71.0,0.95,1.0
61.0,98.1,4.5,0.0,1.5,48348.32338636363,0.25,0.5,2.0,16387.2925,977.0,1.8166666666666669,53.1,Annual,Enterprise,54.0,0.7101590909090909,0.0
43.0,274.9,0.5238095238095238,0.5833333333333334,7.0,17653.00387878788,0.9523809523809524,0.25,12.0,2307.9,673.0,3.9271428571428566,85.8,Monthly,Enterprise,70.0,0.9029051226551226,
69.0,182.6,0.0,0.5,9.0,63650.048715000004,1.0,0.125,8.0,16387.2925,551.0,2.0065934065934066,21.3,Annual,Enterprise,71.0,0.9495738636363636,0.0
15.0,88.1,0.0,0.5333333333333333,1.0,47576.49425454545,1.0,0.2,15.0,13896.48,1128.0,1.3984126984126983,51.1,Annual,Enterprise,63.0,0.8518939393939394,0.0
38.0,294.1,2.083333333333333,0.4545454545454545,9.0,34394.09606060606,0.75,0.2727272727272727,11.0,4307.42,489.0,19.60666666666667,83.5,Monthly,Enterprise,15.0,0.8876262626262625,0.0
64.0,95.2,2.533333333333333,0.0,0.0,15395.583039999994,0.6666666666666666,0.0,1.0,2880.9099999999994,701.0,2.0255319148936173,43.5,Monthly,Enterprise,47.0,0.8129414141414141,0.0
61.0,58.7,3.0,0.25,3.0,37781.53897636364,0.3333333333333333,0.0,4.0,11230.68,1038.0,1.1979591836734695,42.7,Annual,Enterprise,49.0,0.7634962121212121,0.0
60.0,216.3,0.0,0.0,5.0,15750.190909090908,1.0,0.0,1.0,1698.55,1250.0,2.4033333333333333,53.1,Monthly,Enterprise,71.0,0.943181818181818,0.0
30.0,185.3,8.4,0.4,2.0,41777.511918545446,0.0,0.1333333333333333,15.0,16387.2925,1311.0,1.871717171717172,41.0,Annual,Enterprise,71.0,0.5573575757575757,0.0
36.0,231.5,0.4545454545454545,0.4285714285714285,4.5,16922.01981818182,0.8787878787878788,0.5714285714285714,14.0,3012.01,1066.0,6.614285714285714,32.2,Monthly,Enterprise,35.0,0.8495454545454546,
9.0,80.8,0.0,0.4615384615384615,9.0,63650.048715000004,1.0,0.2307692307692307,13.0,16387.2925,763.0,5.05,16.5,Annual,Enterprise,16.0,0.9453671328671328,0.0
46.0,279.3,6.333333333333333,0.3333333333333333,3.0,43941.4331490909,0.0,0.25,9.0,16387.2925,1462.0,2.9093750000000003,60.1,Annual,Enterprise,71.0,0.5923156565656565,0.0
29.0,189.8,0.0,0.25,0.5,26873.526136363635,1.0,0.125,8.0,4720.3,885.0,2.3725,37.7,Monthly,Enterprise,71.0,0.8686079545454546,0.0
48.0,75.8,4.0,0.0,6.5,63650.048715000004,0.0,0.9333333333333333,1.0,16387.2925,1128.0,3.158333333333333,73.4,Annual,Enterprise,24.0,0.6150606060606061,0.0
25.0,152.0,6.0,0.3333333333333333,0.5,63650.048715000004,0.0,0.0833333333333333,12.0,16387.2925,398.0,1.5833333333333333,83.2,Annual,Enterprise,71.0,0.6500037878787879,0.0
82.0,243.7,0.0,0.1111111111111111,5.0,38156.961818181815,1.0,0.2222222222222222,9.0,4612.38,763.0,3.868253968253968,72.0,Monthly,Enterprise,63.0,0.9223484848484848,1.0
22.0,276.6,7.0,0.5454545454545454,7.5,44355.16695272726,0.0,0.0909090909090909,11.0,16387.2925,1281.0,4.852631578947369,23.4,Annual,Enterprise,57.0,0.6171515151515151,0.0
54.0,153.8,1.375,0.3333333333333333,9.0,11909.605751136363,0.8125,0.6666666666666666,3.0,1570.27,977.0,4.047368421052632,39.8,Monthly,Enterprise,38.0,0.8849696969696971,0.0
88.0,192.2,3.083333333333333,0.6666666666666666,7.0,18671.0254949495,0.5833333333333334,0.0,6.0,2895.0500000000006,1158.0,2.288095238095238,24.9,Monthly,Enterprise,71.0,0.8326868686868687,0.0
34.0,211.6,0.0,0.4,1.0,63650.048715000004,1.0,0.0,10.0,16387.2925,1158.0,3.0666666666666664,91.8,Annual,Enterprise,69.0,0.8727272727272727,
45.0,266.0,2.333333333333333,0.5,8.5,25670.46938484849,0.7333333333333333,0.9333333333333333,2.0,4513.91,489.0,13.3,35.8,Monthly,Enterprise,20.0,0.8296489898989898,0.0
7.0,100.6,3.333333333333333,0.6666666666666666,2.0,40813.72824242424,0.3333333333333333,0.0,3.0,16051.799999999996,93.0,3.869230769230769,64.7,Annual,Enterprise,26.0,0.7252020202020202,0.0
16.0,282.2,0.0,0.375,2.5,63650.048715000004,1.0,0.5,16.0,16387.2925,581.0,4.409375,80.9,Annual,Enterprise,64.0,0.8600852272727273,
12.0,174.4,4.5,0.0,8.0,63650.048715000004,0.5,0.9333333333333333,1.0,16387.2925,854.0,2.6424242424242426,54.1,Annual,Enterprise,66.0,0.8027727272727273,0.0
71.0,250.4,0.0,0.3846153846153846,8.0,30030.86181818182,1.0,0.0769230769230769,13.0,3153.02,581.0,3.383783783783784,74.7,Monthly,Enterprise,71.0,0.9484265734265734,
23.0,69.3,3.0,0.4444444444444444,0.0,63650.048715000004,0.5,0.3333333333333333,9.0,16387.2925,1158.0,0.9625,21.0,Annual,Enterprise,71.0,0.7297525252525252,
81.0,104.6,2.888888888888889,0.3333333333333333,10.0,34549.86340740741,0.7777777777777778,0.3333333333333333,3.0,3972.94,215.0,2.011538461538461,31.3,Monthly,Enterprise,52.0,0.9061851851851852,0.0
32.0,175.8,2.0,0.6,6.0,63650.048715000004,0.5,0.2,5.0,16387.2925,612.0,2.3440000000000003,15.1,Annual,Enterprise,71.0,0.7992121212121213,
63.0,164.7,4.75,0.4666666666666667,0.5,33885.74597672727,0.5,0.2666666666666666,15.0,14592.24,1342.0,8.668421052631578,21.5,Annual,Enterprise,19.0,0.7335454545454545,0.0
38.0,149.6,0.0416666666666666,0.3,1.0,4929.056175757576,0.9583333333333334,0.3,10.0,951.7000000000002,398.0,2.0493150684931507,85.6,Monthly,Enterprise,71.0,0.8517828282828283,0.0
2.0,297.0,0.2127659574468085,0.5,2.0,14754.041678916828,0.9787234042553192,0.5,4.0,3221.0800000000004,581.0,3.0,30.7,Monthly,Enterprise,71.0,0.8417682140554481,
14.0,265.2,0.3658536585365853,0.5,0.0,9267.09577383592,0.975609756097561,0.25,4.0,2189.46,428.0,6.314285714285714,27.2,Monthly,Enterprise,42.0,0.833634977827051,0.0
47.0,60.2,0.8055555555555556,0.375,9.0,40703.4525179293,0.8611111111111112,0.25,8.0,4592.59,673.0,0.6543478260869565,86.3,Monthly,Enterprise,71.0,0.9196479377104376,0.0
46.0,211.4,8.25,0.2727272727272727,3.0,63650.048715000004,0.0,0.2727272727272727,11.0,16387.2925,276.0,11.744444444444444,85.9,Annual,Enterprise,18.0,0.6643636363636364,
23.0,146.3,11.25,0.4166666666666667,2.0,10171.368327272728,0.0,0.4166666666666667,12.0,14144.76,428.0,1.6625,91.7,Annual,Enterprise,71.0,0.5370075757575757,0.0
60.0,291.7,0.625,0.5,3.0,5587.850863636364,0.9583333333333334,0.0,2.0,857.7199999999999,1342.0,8.102777777777778,71.8,Monthly,Enterprise,36.0,0.8792045454545454,0.0
16.0,246.4,0.15,0.75,2.5,15615.328229999996,0.975,0.25,4.0,3224.43,1097.0,3.0419753086419754,38.4,Monthly,Enterprise,71.0,0.8468727272727272,
6.0,277.1,0.7631578947368421,0.1428571428571428,0.5,17244.546818181818,0.9210526315789472,0.2142857142857142,14.0,3140.7,459.0,4.3296875,56.1,Monthly,Enterprise,64.0,0.8518994645705172,
60.0,275.1,0.5789473684210527,0.4666666666666667,4.0,8532.772172248802,0.9473684210526316,0.2,15.0,1307.85,1250.0,4.437096774193549,68.0,Monthly,Enterprise,62.0,0.8780813397129187,1.0
51.0,268.2,10.0,0.5,10.0,63650.048715000004,0.0,0.5,4.0,16387.2925,885.0,4.396721311475409,28.3,Annual,Enterprise,61.0,0.6208333333333333,1.0
77.0,157.5,5.714285714285714,0.1666666666666666,6.0,11841.390110389606,0.2857142857142857,0.3333333333333333,6.0,2353.91,581.0,3.4239130434782608,92.3,Monthly,Enterprise,46.0,0.7652002164502165,0.0
41.0,238.1,8.0,0.3,7.0,63650.048715000004,0.0,0.2,10.0,16387.2925,93.0,3.0139240506329115,25.6,Annual,Enterprise,71.0,0.7133257575757574,
59.0,226.2,0.0,0.0,3.0,13519.523181818182,1.0,0.5,2.0,2023.33,551.0,3.0567567567567564,65.1,Monthly,Enterprise,71.0,0.8892045454545454,0.0
83.0,266.1,1.1111111111111112,0.1666666666666666,6.0,22167.719710858582,0.8611111111111112,0.3333333333333333,12.0,2886.83,1007.0,3.5013157894736846,67.0,Monthly,Enterprise,71.0,0.8925547138047139,1.0
13.0,231.8,0.0,0.2857142857142857,1.5,27465.66584415584,1.0,0.0,7.0,4221.27,763.0,4.931914893617021,71.8,Monthly,Enterprise,47.0,0.885551948051948,0.0
30.0,295.1,0.4893617021276595,0.25,10.0,19985.621927659573,0.9361702127659576,0.25,4.0,1972.79,763.0,8.679411764705883,80.6,Monthly,Enterprise,34.0,0.9546790780141844,1.0
48.0,262.6,2.111111111111111,0.25,3.0,6120.377419191919,0.7777777777777778,0.25,4.0,1047.05,62.0,4.235483870967743,12.8,Monthly,Enterprise,62.0,0.8391304713804715,0.0
51.0,162.2,0.9444444444444444,1.0,9.5,10486.59271111111,0.8333333333333334,0.0,2.0,1319.89,1372.0,2.2527777777777778,27.9,Monthly,Enterprise,71.0,0.8959663299663301,0.0
26.0,53.1,2.7,0.4166666666666667,5.5,17013.476363636364,0.6,0.4166666666666667,12.0,3088.0,793.0,0.7585714285714286,15.3,Monthly,Enterprise,70.0,0.809580303030303,
78.0,62.0,7.0,0.1,1.0,51534.159370909096,0.0,0.4,10.0,16387.2925,32.0,0.6666666666666666,66.7,Annual,Enterprise,71.0,0.5878106060606061,1.0
89.0,168.1,0.0,0.3333333333333333,3.0,26968.552727272727,1.0,0.3333333333333333,3.0,4362.56,1250.0,2.436231884057971,24.1,Monthly,Enterprise,69.0,0.8787878787878788,0.0
86.0,267.1,3.1538461538461537,0.3333333333333333,1.0,8866.141335664335,0.6923076923076923,0.25,9.0,1921.9,1189.0,5.136538461538462,55.0,Monthly,Enterprise,52.0,0.7965285547785548,1.0
7.0,223.5,0.131578947368421,0.6,8.0,36085.81998086125,0.9473684210526316,0.2,5.0,4359.4,793.0,13.96875,89.5,Monthly,Enterprise,16.0,0.9163955342902712,1.0
90.0,239.1,6.6,0.4285714285714285,6.0,63650.048715000004,0.0,0.5714285714285714,7.0,16387.2925,1097.0,5.3133333333333335,46.6,Annual,Enterprise,45.0,0.6024454545454545,1.0
90.0,67.5,2.0,0.4,7.0,6888.872229090909,0.8333333333333334,0.4,5.0,957.61,1158.0,2.177419354838709,58.1,Monthly,Enterprise,31.0,0.8772424242424243,0.0
6.0,225.9,0.0,0.25,5.5,63650.048715000004,1.0,0.0,8.0,16387.2925,1462.0,8.688461538461539,62.6,Annual,Enterprise,26.0,0.9332386363636364,0.0
27.0,258.1,0.0,0.3,0.0,16590.726000000002,1.0,0.3,10.0,3496.13,1219.0,2.867777777777778,64.4,Monthly,Enterprise,71.0,0.8488636363636364,1.0
37.0,174.7,7.4,0.3125,1.0,20582.102714727276,0.0,0.5,16.0,16387.2925,185.0,5.459375,18.8,Annual,Enterprise,32.0,0.5552126893939394,0.0
8.0,158.8,6.333333333333333,0.2352941176470588,1.0,63650.048715000004,0.3333333333333333,0.4705882352941176,17.0,16387.2925,1007.0,2.301449275362319,38.9,Annual,Enterprise,69.0,0.703387403446227,
90.0,197.9,3.25,0.7,9.0,47906.085413454544,0.0,0.6,10.0,16387.2925,62.0,1.979,56.6,Annual,Enterprise,71.0,0.638719696969697,0.0
65.0,200.8,0.4074074074074074,0.5454545454545454,5.0,30538.079418181816,0.9629629629629628,0.0909090909090909,11.0,4237.12,827.0,8.032,84.8,Monthly,Enterprise,25.0,0.8949152637485971,
22.0,78.1,1.1219512195121952,0.0,7.0,9902.540285587584,0.902439024390244,0.0,1.0,1012.47,793.0,6.508333333333333,78.2,Monthly,Enterprise,12.0,0.9434050258684404,0.0
12.0,72.3,0.1666666666666666,0.2727272727272727,7.5,17824.979399999997,0.9791666666666666,0.1818181818181818,11.0,1944.72,93.0,1.50625,23.8,Monthly,Enterprise,48.0,0.938570707070707,0.0
17.0,280.0,8.25,0.7142857142857143,3.5,52384.70585454546,0.25,0.1428571428571428,7.0,16387.2925,1250.0,4.057971014492754,46.2,Annual,Enterprise,69.0,0.700564935064935,0.0
71.0,270.0,9.5,0.2,1.5,3023.817541818182,0.0,0.2,10.0,1711.36,1007.0,2.8421052631578947,66.5,Monthly,Enterprise,71.0,0.5930757575757576,0.0
62.0,248.4,0.0909090909090909,1.0,3.5,16976.588165289257,0.9772727272727272,0.0,2.0,3150.08,1372.0,2.5346938775510206,16.4,Monthly,Enterprise,71.0,0.8588484848484849,0.0
30.0,168.4,6.0,0.2222222222222222,7.5,63650.048715000004,0.0,0.1111111111111111,9.0,16387.2925,977.0,5.613333333333333,74.6,Annual,Enterprise,30.0,0.7347575757575757,0.0
61.0,287.9,0.2894736842105263,0.1111111111111111,0.5,22192.240789686333,0.9736842105263158,0.1111111111111111,9.0,3662.87,1158.0,5.645098039215686,89.9,Monthly,Enterprise,51.0,0.8721214779372674,
7.0,57.0,4.0,0.25,8.0,30214.31061212121,0.5555555555555556,0.5,8.0,4645.54,276.0,4.384615384615385,74.5,Monthly,Enterprise,13.0,0.8308421717171717,
89.0,88.8,0.7222222222222222,0.25,7.0,30878.3081030303,0.9444444444444444,0.0,4.0,3320.14,885.0,0.9061224489795918,41.3,Monthly,Enterprise,71.0,0.937247053872054,0.0
91.0,70.7,2.5,0.25,1.0,10981.749363636363,0.8,0.25,4.0,2223.64,307.0,1.414,73.4,Monthly,Enterprise,50.0,0.8198106060606061,0.0
21.0,108.1,2.0,0.5714285714285714,8.0,4118.121506493507,0.0,0.2857142857142857,7.0,1014.9,1219.0,1.7721311475409836,29.1,Monthly,Enterprise,61.0,0.7183679653679653,0.0
63.0,294.3,1.4,0.0,8.0,24854.458181818183,0.8,0.0,1.0,2558.0,1038.0,3.382758620689655,53.2,Monthly,Enterprise,71.0,0.933539393939394,0.0
28.0,181.3,4.666666666666667,0.5,0.0,59577.80202181819,0.0,0.0,4.0,16387.2925,1007.0,1.8313131313131317,14.6,Annual,Enterprise,71.0,0.6026691919191919,
19.0,255.5,10.5,0.4375,9.5,23764.60399090909,0.0,0.1875,16.0,12306.6,581.0,12.775,29.6,Annual,Enterprise,20.0,0.6672556818181818,0.0
30.0,57.5,12.0,0.2727272727272727,2.5,25170.8688,0.0,0.2727272727272727,11.0,13648.799999999996,336.0,1.4743589743589745,42.6,Annual,Enterprise,39.0,0.6486818181818181,0.0
72.0,216.3,0.8541666666666666,0.2222222222222222,10.0,15001.112494907407,0.9166666666666666,0.5555555555555556,9.0,1628.99,367.0,2.8840000000000003,63.3,Monthly,Enterprise,71.0,0.9324444444444444,0.0
71.0,137.8,1.0571428571428572,0.3636363636363636,9.0,38597.2834535065,0.8857142857142857,0.1818181818181818,11.0,4200.86,520.0,2.460714285714286,44.5,Monthly,Enterprise,56.0,0.9288692640692642,1.0
49.0,177.9,7.714285714285714,1.0,6.0,13961.168766233764,0.2857142857142857,0.0,1.0,3462.19,763.0,2.3103896103896107,46.3,Monthly,Enterprise,71.0,0.7286168831168831,1.0
46.0,218.3,0.8846153846153846,0.3333333333333333,8.0,13339.342871794874,0.8846153846153846,0.3333333333333333,12.0,1598.9500000000005,246.0,9.491304347826087,38.5,Monthly,Enterprise,23.0,0.9101701631701632,
55.0,131.8,2.0,0.6,8.0,60394.13929309089,0.6666666666666666,0.2,5.0,12365.159999999998,93.0,2.689795918367347,82.3,Annual,Enterprise,49.0,0.8552727272727272,0.0
11.0,237.1,0.4318181818181818,0.5555555555555556,7.5,32560.55220624426,0.9545454545454546,0.2222222222222222,9.0,4024.58,367.0,5.645238095238095,68.3,Monthly,Enterprise,42.0,0.9127373737373738,0.0
34.0,107.1,0.0,0.4,0.5,49740.19069090908,1.0,0.0,5.0,12647.76,520.0,6.69375,84.6,Annual,Enterprise,16.0,0.8670454545454546,1.0
56.0,182.8,14.0,0.5,9.5,63650.048715000004,0.0,0.0,2.0,16387.2925,62.0,8.704761904761906,78.1,Annual,Enterprise,21.0,0.7257348484848485,0.0
8.0,248.2,0.6976744186046512,0.2307692307692307,8.0,37648.96192389006,0.8837209302325582,0.4615384615384615,13.0,4548.3,1431.0,4.206779661016949,40.0,Monthly,Enterprise,59.0,0.908887217433729,1.0
79.0,204.0,0.1842105263157894,0.3333333333333333,2.0,11165.0889738437,0.9473684210526316,0.3333333333333333,3.0,2037.01,123.0,7.555555555555555,74.3,Monthly,Enterprise,27.0,0.8564066985645933,0.0
2.0,62.6,2.3684210526315788,0.0909090909090909,4.5,34497.814736842105,0.7368421052631579,0.1818181818181818,11.0,4945.16,1462.0,2.0193548387096776,19.8,Monthly,Enterprise,31.0,0.8615071770334928,0.0
32.0,76.5,0.0,0.4117647058823529,7.0,61731.74598930481,1.0,0.2352941176470588,17.0,10470.6,793.0,1.3189655172413792,53.6,Annual,Enterprise,58.0,0.9254679144385028,
2.0,110.1,0.0,0.5714285714285714,9.5,63650.048715000004,1.0,0.2857142857142857,7.0,12853.2,1311.0,1.3107142857142855,56.3,Annual,Enterprise,71.0,0.9407467532467532,0.0
49.0,287.7,0.8571428571428571,0.25,6.0,7744.297708441558,0.8571428571428571,0.375,8.0,1056.46,732.0,13.077272727272726,43.0,Monthly,Enterprise,22.0,0.8846258116883117,0.0
42.0,229.0,5.6,0.25,2.5,24210.370525090908,0.0,0.75,4.0,16387.2925,1403.0,3.013157894736842,66.4,Annual,Enterprise,71.0,0.613339393939394,0.0
1.0,158.1,3.6666666666666665,0.2,5.0,63650.048715000004,0.3333333333333333,0.2,5.0,16387.2925,1158.0,4.272972972972973,68.1,Annual,Enterprise,37.0,0.7693888888888888,
63.0,244.0,0.0,0.3333333333333333,9.0,21425.267727272727,1.0,0.25,9.0,2152.31,62.0,5.191489361702128,24.0,Monthly,Enterprise,47.0,0.9573863636363636,0.0
6.0,260.4,2.4,0.3333333333333333,10.0,17305.8776,0.7333333333333333,0.3333333333333333,6.0,2034.39,1066.0,3.1756097560975607,25.5,Monthly,Enterprise,71.0,0.8986000000000001,
5.0,62.4,0.5789473684210527,0.0,0.0,20360.56356746412,0.8421052631578947,0.0,2.0,3391.48,673.0,4.16,61.7,Monthly,Enterprise,15.0,0.8532408293460926,1.0
51.0,253.4,0.0,0.0,9.0,17190.304545454543,1.0,0.3333333333333333,6.0,1644.29,854.0,7.452941176470588,50.1,Monthly,Enterprise,34.0,0.9678030303030304,0.0
27.0,71.6,8.0,0.3333333333333333,2.0,2955.626795454546,0.0,0.25,9.0,1295.94,1038.0,0.7782608695652173,50.0,Monthly,Enterprise,71.0,0.6265075757575758,
53.0,131.2,0.0,0.3333333333333333,2.5,63650.048715000004,1.0,0.25,12.0,16387.2925,489.0,1.3525773195876287,71.6,Annual,Enterprise,71.0,0.8783143939393939,0.0
62.0,212.0,0.0,0.5,9.0,63650.048715000004,1.0,0.3333333333333333,6.0,16387.2925,428.0,2.141414141414141,67.8,Annual,Enterprise,71.0,0.9365530303030304,
86.0,196.0,5.0,0.6,2.0,63650.048715000004,0.5,0.0,5.0,16387.2925,398.0,2.2790697674418605,33.0,Annual,Enterprise,71.0,0.7582575757575758,0.0
23.0,76.0,10.75,0.0909090909090909,10.0,34544.67881454545,0.0,0.1818181818181818,11.0,12490.68,367.0,2.111111111111111,12.8,Annual,Enterprise,36.0,0.7242878787878788,0.0
54.0,149.2,0.0,0.2,3.0,63650.048715000004,1.0,0.3333333333333333,15.0,16387.2925,1462.0,2.4866666666666664,63.5,Annual,Enterprise,60.0,0.8871212121212121,
6.0,99.8,9.0,0.0,7.0,63650.048715000004,0.0,0.25,4.0,16387.2925,398.0,1.512121212121212,21.0,Annual,Enterprise,66.0,0.726284090909091,
85.0,199.9,4.3,0.2857142857142857,8.0,5275.9259232207805,0.5,0.3571428571428571,14.0,814.4440000000001,612.0,7.139285714285714,89.3,Monthly,Enterprise,28.0,0.8256274891774893,1.0
4.0,84.3,0.0851063829787234,0.3846153846153846,5.0,32565.372197708668,0.9787234042553192,0.1538461538461538,13.0,4459.87,1066.0,1.2397058823529412,45.8,Monthly,Enterprise,68.0,0.8993638843426077,1.0
88.0,218.5,7.0,0.3333333333333333,5.0,53171.57366181818,0.0,0.0,3.0,16387.2925,520.0,3.9727272727272727,83.7,Annual,Enterprise,55.0,0.6136818181818182,0.0
66.0,192.4,8.333333333333334,0.625,5.0,42390.621,0.0,0.25,8.0,16387.2925,701.0,2.0688172043010757,11.7,Annual,Enterprise,71.0,0.586272095959596,0.0
34.0,92.3,7.5,0.3333333333333333,2.0,63650.048715000004,0.5,0.0,3.0,16387.2925,854.0,1.741509433962264,94.8,Annual,Enterprise,53.0,0.7682575757575758,
84.0,217.5,9.0,0.4615384615384615,4.0,63650.048715000004,0.0,0.3076923076923077,13.0,16387.2925,1345.0,2.196969696969697,66.1,Annual,Enterprise,71.0,0.6597412587412588,
25.0,137.9,1.0,0.3333333333333333,1.5,13359.303885714282,0.8571428571428571,0.1666666666666666,12.0,2471.3299999999995,732.0,1.790909090909091,42.8,Monthly,Enterprise,71.0,0.8409209956709957,0.0
65.0,121.0,0.3076923076923077,0.5,6.0,16184.547115384614,0.9615384615384616,0.25,4.0,2185.0,1007.0,1.3595505617977528,34.8,Monthly,Enterprise,71.0,0.8991576340326339,0.0
20.0,165.0,0.5,0.5714285714285714,7.5,25251.882455658622,0.9285714285714286,0.1428571428571428,7.0,3093.89,854.0,3.36734693877551,28.4,Monthly,Enterprise,49.0,0.9113290043290044,0.0
39.0,113.7,5.5,0.3333333333333333,8.0,63650.048715000004,0.5,0.2,15.0,16387.2925,1066.0,3.4454545454545453,24.6,Annual,Enterprise,33.0,0.8292727272727273,0.0
44.0,116.8,1.9411764705882355,0.5,10.0,36205.3692,0.7058823529411765,0.5,10.0,4789.07,1431.0,1.46,32.9,Monthly,Enterprise,71.0,0.8735,0.0
68.0,235.9,0.0,0.5714285714285714,5.5,12272.542207792209,1.0,0.2857142857142857,14.0,1759.75,188.0,16.85,26.4,Monthly,Enterprise,14.0,0.8952922077922079,
77.0,289.5,0.7941176470588235,0.3333333333333333,6.0,11681.976205347592,0.8823529411764706,0.0,6.0,1415.52,732.0,24.125,11.2,Monthly,Enterprise,12.0,0.908065062388592,0.0
76.0,214.1,0.1176470588235294,0.0,5.0,15587.50654812834,0.9705882352941176,0.3333333333333333,9.0,1913.85,977.0,2.8546666666666667,84.4,Monthly,Enterprise,71.0,0.9161524064171124,
20.0,187.2,1.53125,0.0,4.0,23508.644381818187,0.875,0.0,1.0,2904.91,154.0,2.674285714285714,73.6,Monthly,Enterprise,70.0,0.9027348484848484,0.0
24.0,201.4,1.0,0.4,3.0,63650.048715000004,0.75,0.1,10.0,16387.2925,32.0,5.594444444444445,25.2,Annual,Enterprise,36.0,0.8365378787878788,0.0
36.0,65.6,0.0,0.25,2.5,63650.048715000004,1.0,0.0,4.0,16387.2925,1462.0,0.7208791208791209,22.6,Annual,Enterprise,71.0,0.8991477272727273,
72.0,96.7,1.8636363636363635,0.2142857142857142,10.0,25967.62678571428,0.8181818181818182,0.2142857142857142,14.0,2702.95,854.0,2.544736842105263,42.1,Monthly,Enterprise,38.0,0.9318809523809524,0.0
42.0,164.5,5.0,0.6666666666666666,0.0,38210.54923636362,0.0,0.3333333333333333,12.0,16387.2925,66.0,13.708333333333334,44.7,Annual,Enterprise,12.0,0.610530303030303,
42.0,252.8,8.0,0.1111111111111111,9.0,4525.885984848484,0.0,0.2222222222222222,9.0,1459.25,35.0,15.8,41.1,Monthly,Enterprise,16.0,0.686469696969697,
72.0,108.7,5.666666666666667,0.4,8.0,63650.048715000004,0.0,0.0,10.0,16387.2925,581.0,1.2940476190476191,23.1,Annual,Enterprise,71.0,0.6971616161616161,0.0
68.0,102.3,0.0,0.0588235294117647,7.0,42395.63727272727,1.0,0.1176470588235294,17.0,4311.03,1189.0,9.3,42.1,Monthly,Enterprise,11.0,0.954879679144385,0.0
22.0,171.5,0.0,0.6666666666666666,1.0,7102.043636363636,1.0,0.4444444444444444,9.0,1890.06,398.0,9.52777777777778,62.3,Monthly,Enterprise,18.0,0.8282828282828283,0.0
18.0,173.3,9.666666666666666,0.375,1.0,27516.64241454545,0.0,0.5,8.0,16387.2925,1281.0,4.030232558139535,61.8,Annual,Enterprise,43.0,0.617261994949495,0.0
18.0,251.2,3.2,0.3333333333333333,4.0,18281.363316363637,0.0,0.0,3.0,11316.12,398.0,3.640579710144928,90.3,Annual,Enterprise,69.0,0.6304515151515151,0.0
89.0,127.8,0.0,0.1666666666666666,6.0,46251.72727272727,1.0,0.0,6.0,4963.6,307.0,3.454054054054054,66.3,Monthly,Enterprise,37.0,0.9441287878787878,0.0
10.0,210.8,1.0952380952380951,0.3333333333333333,0.5,9024.258327272728,0.7619047619047619,0.6666666666666666,6.0,2705.31,32.0,5.697297297297298,41.1,Monthly,Enterprise,37.0,0.779005772005772,
62.0,252.5,1.85,0.3529411764705882,1.0,17867.78014919786,0.8,0.3529411764705882,17.0,4047.43,763.0,6.158536585365853,17.8,Monthly,Enterprise,41.0,0.8086762923351158,0.0
41.0,80.2,4.0,0.6,5.0,8685.881328571428,0.6428571428571429,0.4,5.0,1742.2899999999995,885.0,1.0282051282051283,50.8,Monthly,Enterprise,71.0,0.7985865800865801,1.0
67.0,220.0,0.0,0.5384615384615384,8.0,40428.29832167832,1.0,0.3076923076923077,13.0,4829.78,642.0,3.4375,87.1,Monthly,Enterprise,64.0,0.924388111888112,1.0
67.0,177.7,0.0,0.3333333333333333,6.0,63650.048715000004,1.0,0.3333333333333333,3.0,16387.2925,612.0,2.369333333333333,29.8,Annual,Enterprise,71.0,0.9128787878787878,
91.0,180.3,2.6666666666666665,0.2,4.0,18838.00190181818,0.6666666666666666,0.4,5.0,3334.41,732.0,12.02,28.9,Monthly,Enterprise,15.0,0.8205404040404041,
54.0,186.1,1.173913043478261,0.1666666666666666,9.5,16642.18948015123,0.8695652173913043,0.3333333333333333,6.0,1755.4613043478262,123.0,5.169444444444444,11.8,Monthly,Enterprise,36.0,0.933850790513834,
74.0,94.4,1.0,0.4375,2.0,24156.419662674823,0.8461538461538461,0.125,16.0,4431.07,1342.0,2.4842105263157896,22.7,Monthly,Enterprise,38.0,0.8404987616550116,1.0
70.0,259.9,0.0,0.3636363636363636,7.5,63650.048715000004,1.0,0.4545454545454545,11.0,16387.2925,946.0,4.641071428571428,51.7,Annual,Enterprise,56.0,0.9204545454545454,1.0
15.0,232.9,4.0,0.3076923076923077,10.0,56081.40048000001,0.0,0.1538461538461538,13.0,15944.76,367.0,5.680487804878049,76.7,Annual,Enterprise,41.0,0.7604871794871795,0.0
73.0,189.8,1.88,0.4,6.0,22375.16200494545,0.8,0.4,15.0,3398.73,766.0,3.3892857142857147,45.1,Monthly,Enterprise,56.0,0.8595321212121212,
4.0,218.1,6.0,0.375,1.0,47016.60573272729,0.5,0.5,8.0,16387.2925,642.0,2.760759493670886,25.6,Annual,Enterprise,71.0,0.7270397727272727,0.0
17.0,107.2,0.0,0.4444444444444444,0.5,6806.115454545454,1.0,0.2222222222222222,9.0,1412.59,642.0,6.305882352941176,64.8,Monthly,Enterprise,17.0,0.8503787878787878,0.0
81.0,102.2,12.0,0.5,0.0,46663.45121454545,0.0,0.5,4.0,16387.2925,1342.0,1.7322033898305085,58.2,Annual,Enterprise,59.0,0.5918636363636364,
34.0,115.3,0.8823529411764706,0.0,5.0,37266.013285427805,0.8529411764705882,0.25,4.0,4749.73,520.0,6.782352941176471,64.8,Monthly,Enterprise,17.0,0.8957921122994652,0.0
30.0,63.0,1.5714285714285714,0.5,5.0,5101.921174025973,0.8571428571428571,0.5,2.0,885.91,1372.0,1.96875,51.5,Monthly,Enterprise,32.0,0.8479199134199134,
55.0,245.4,2.333333333333333,0.4,1.0,13958.390768484844,0.6666666666666666,0.2,10.0,3226.04,246.0,4.908,53.4,Monthly,Enterprise,50.0,0.7873383838383838,0.0
18.0,100.3,4.0,0.2857142857142857,2.0,63650.048715000004,0.0,0.2857142857142857,7.0,16387.2925,1219.0,1.25375,24.6,Annual,Enterprise,71.0,0.6627099567099567,0.0
32.0,125.0,0.0,0.3,1.0,28182.504,1.0,0.0,10.0,4552.24,489.0,3.90625,93.7,Monthly,Enterprise,32.0,0.8789772727272727,
40.0,148.3,0.4864864864864865,0.5,5.0,27566.80076167076,0.918918918918919,0.0,6.0,3709.0,581.0,1.5946236559139786,48.1,Monthly,Enterprise,71.0,0.8944183046683047,0.0
85.0,136.6,0.0,0.3333333333333333,3.5,30550.40969696969,1.0,0.2222222222222222,9.0,4500.73,459.0,1.7291139240506328,39.0,Monthly,Enterprise,71.0,0.8914141414141414,0.0
1.0,110.5,0.0,0.4285714285714285,5.5,63650.048715000004,1.0,0.1428571428571428,7.0,16387.2925,946.0,2.0849056603773586,68.6,Annual,Enterprise,53.0,0.9131493506493508,0.0
11.0,103.3,0.0,0.6666666666666666,1.5,63650.048715000004,1.0,0.0,3.0,16387.2925,824.0,1.2011627906976745,50.9,Annual,Enterprise,71.0,0.8617424242424242,0.0
63.0,95.2,5.5,0.4,3.0,58467.90345454545,0.25,0.1333333333333333,15.0,16387.2925,1223.0,3.525925925925926,72.5,Annual,Enterprise,27.0,0.7224545454545455,
40.0,120.1,0.2608695652173913,0.3333333333333333,7.0,18061.83663715415,0.9565217391304348,0.2,15.0,2110.55,732.0,2.354901960784314,89.2,Monthly,Enterprise,51.0,0.9231844532279314,0.0
16.0,103.0,0.4,0.3333333333333333,0.0,8083.519525656568,0.9555555555555556,0.0,3.0,1494.89,1219.0,1.4109589041095891,18.9,Monthly,Enterprise,71.0,0.8555747474747475,0.0
58.0,261.4,0.9705882352941176,0.3529411764705882,9.5,22979.9695828877,0.8529411764705882,0.2941176470588235,17.0,2552.42,398.0,2.810752688172043,78.9,Monthly,Enterprise,71.0,0.9218770053475936,0.0
82.0,59.3,7.333333333333333,0.3333333333333333,10.0,36139.37724444445,0.0,0.4444444444444444,9.0,11839.200000000004,1097.0,1.3790697674418604,75.2,Annual,Enterprise,43.0,0.7318333333333333,
16.0,223.5,0.5945945945945946,0.1111111111111111,1.5,7763.714274856675,0.945945945945946,0.0,9.0,1139.64,32.0,5.079545454545454,62.7,Monthly,Enterprise,44.0,0.88406825006825,
23.0,295.9,0.0,0.2,1.0,8025.75,1.0,0.3,10.0,1435.5,276.0,4.109722222222222,31.9,Monthly,Enterprise,71.0,0.8664772727272727,
68.0,278.9,10.6,0.3076923076923077,3.0,39566.21111496502,0.0,0.4615384615384615,13.0,16387.2925,977.0,3.281176470588235,47.3,Annual,Enterprise,71.0,0.5961109557109557,0.0
30.0,51.4,4.5,0.375,0.0,63650.048715000004,0.5,0.375,8.0,16387.2925,428.0,1.2238095238095237,79.1,Annual,Enterprise,42.0,0.7274886363636364,0.0
41.0,136.6,9.0,0.3333333333333333,6.0,54275.553818181805,0.0,0.3333333333333333,15.0,16387.2925,1007.0,1.393877551020408,33.7,Annual,Enterprise,71.0,0.6488787878787878,0.0
83.0,198.0,7.5,0.375,6.0,63650.048715000004,0.0,0.375,16.0,16387.2925,123.0,4.212765957446808,45.0,Annual,Enterprise,47.0,0.6876704545454546,0.0
30.0,270.9,4.666666666666667,0.4,4.0,11993.679359999998,0.3333333333333333,0.0,5.0,2507.04,246.0,5.889130434782608,92.4,Monthly,Enterprise,46.0,0.761040404040404,0.0
31.0,264.8,10.75,0.2727272727272727,9.0,63650.048715000004,0.0,0.4545454545454545,11.0,16387.2925,946.0,4.488135593220339,58.8,Annual,Enterprise,59.0,0.7145151515151515,0.0
27.0,207.9,3.5,0.0,2.0,63650.048715000004,0.5,0.0,1.0,16387.2925,1158.0,2.6316455696202534,47.7,Annual,Enterprise,71.0,0.7997575757575758,1.0
27.0,143.5,3.0,0.2352941176470588,1.0,17500.466802139035,0.6666666666666666,0.4705882352941176,17.0,4326.53,1372.0,1.4642857142857142,94.6,Monthly,Enterprise,71.0,0.7789429590017826,0.0
84.0,181.6,6.75,0.2,9.5,17172.28968,0.25,0.4,5.0,2982.43,307.0,3.4923076923076923,93.4,Monthly,Enterprise,52.0,0.7888181818181819,0.0
41.0,207.2,0.0769230769230769,0.5,2.5,19137.9105018981,0.9615384615384616,0.2142857142857142,14.0,3385.81,489.0,2.0929292929292926,76.7,Monthly,Enterprise,71.0,0.8622324342324342,0.0
77.0,163.9,9.6,0.2857142857142857,6.0,63650.048715000004,0.0,0.1428571428571428,7.0,16387.2925,32.0,1.639,48.9,Annual,Enterprise,71.0,0.6541597402597402,0.0
58.0,72.6,0.0,0.5,3.0,14148.714886363636,1.0,0.375,8.0,2546.19,1038.0,5.185714285714285,52.2,Monthly,Enterprise,14.0,0.8657670454545454,0.0
50.0,113.1,2.909090909090909,0.25,4.5,13964.934900000002,0.6363636363636364,0.125,8.0,2220.02,1431.0,3.2314285714285718,46.7,Monthly,Enterprise,35.0,0.8335776515151515,0.0
9.0,179.6,0.1794871794871795,0.1428571428571428,8.5,16358.602888911086,0.9487179487179488,0.2142857142857142,14.0,1662.62,1342.0,10.56470588235294,52.8,Monthly,Enterprise,17.0,0.949898074148074,
18.0,102.4,0.0,0.5714285714285714,9.0,63650.048715000004,1.0,0.0,7.0,16387.2925,276.0,6.4,52.2,Annual,Enterprise,16.0,0.952922077922078,0.0
62.0,195.8,5.5,0.4545454545454545,2.0,20753.10284727272,0.0,0.3636363636363636,11.0,12348.36,732.0,12.2375,47.1,Annual,Enterprise,16.0,0.6432878787878787,0.0
80.0,142.7,1.827586206896552,0.2307692307692307,5.0,12451.76798919701,0.8275862068965517,0.3846153846153846,13.0,1859.62,459.0,2.5482142857142853,71.3,Monthly,Enterprise,56.0,0.8653639578811992,0.0
53.0,202.2,0.0,0.3,6.0,63650.048715000004,1.0,0.4,10.0,16387.2925,824.0,2.10625,27.2,Annual,Enterprise,71.0,0.9107954545454544,0.0
75.0,113.9,0.0,0.3333333333333333,6.5,30193.25,1.0,0.3333333333333333,3.0,3731.75,824.0,1.355952380952381,83.7,Monthly,Enterprise,71.0,0.918560606060606,0.0
7.0,78.9,11.0,0.4285714285714285,0.0,29155.54129090909,0.0,0.5714285714285714,7.0,16387.2925,854.0,1.3842105263157896,59.0,Annual,Enterprise,57.0,0.534530303030303,
26.0,81.4,3.083333333333333,0.25,2.5,21153.586640277776,0.6666666666666666,0.3333333333333333,12.0,4225.67,185.0,0.8306122448979593,77.9,Monthly,Enterprise,71.0,0.803425505050505,
15.0,165.8,8.2,0.1818181818181818,9.5,63650.048715000004,0.0,0.3636363636363636,11.0,16387.2925,1128.0,2.210666666666667,50.3,Annual,Enterprise,71.0,0.690360606060606,
78.0,100.4,0.0,0.1538461538461538,0.5,63650.048715000004,1.0,0.1538461538461538,13.0,16387.2925,1281.0,2.51,61.0,Annual,Enterprise,40.0,0.8728146853146853,
61.0,155.9,0.0,0.2,5.0,37040.100000000006,1.0,0.3,10.0,4938.68,793.0,3.8975,19.4,Monthly,Enterprise,40.0,0.90625,
40.0,280.5,11.5,0.3333333333333333,8.0,36308.71687757576,0.0,0.5555555555555556,9.0,14865.36,520.0,3.74,91.4,Annual,Enterprise,71.0,0.691050505050505,1.0
74.0,267.8,1.0,0.0,7.0,34385.42733818182,0.8125,0.4,5.0,4171.24,673.0,16.7375,24.3,Monthly,Enterprise,16.0,0.9007424242424242,
84.0,238.4,0.75,0.5714285714285714,4.5,15479.5122,0.95,0.4285714285714285,7.0,2659.71,793.0,10.365217391304348,54.9,Monthly,Enterprise,23.0,0.863,1.0
73.0,290.0,9.0,0.5,1.5,22633.995681818174,0.0,0.25,16.0,16387.2925,673.0,3.258426966292135,84.6,Annual,Enterprise,71.0,0.5605340909090909,0.0
69.0,214.4,0.0,0.1428571428571428,8.5,63650.048715000004,1.0,0.2857142857142857,7.0,16387.2925,1281.0,9.321739130434782,20.0,Annual,Enterprise,23.0,0.9561688311688312,
26.0,120.1,12.75,0.3333333333333333,5.0,52008.93544,0.0,0.2222222222222222,9.0,16387.2925,1372.0,1.7661764705882352,62.7,Annual,Enterprise,68.0,0.6687777777777778,
21.0,256.8,6.0,0.3333333333333333,10.0,63650.048715000004,0.3333333333333333,0.1666666666666666,6.0,16387.2925,1372.0,3.21,62.4,Annual,Enterprise,71.0,0.8194166666666667,0.0
28.0,58.4,5.75,0.25,10.0,63650.048715000004,0.5,0.25,4.0,16387.2925,62.0,1.1918367346938776,11.0,Annual,Enterprise,49.0,0.8534166666666667,0.0
27.0,164.7,8.0,0.4666666666666667,4.0,63650.048715000004,0.0,0.1333333333333333,15.0,16387.2925,673.0,7.160869565217391,77.6,Annual,Enterprise,23.0,0.6429848484848485,
39.0,226.9,12.8,0.25,4.0,9117.04408363636,0.0,0.5,4.0,11512.08,367.0,2.946753246753247,21.3,Annual,Enterprise,71.0,0.5548098484848485,
57.0,233.3,1.2105263157894737,0.4117647058823529,10.0,45095.01479628484,0.8947368421052632,0.1764705882352941,17.0,4690.56,459.0,4.092982456140351,81.4,Monthly,Enterprise,57.0,0.9389545923632612,0.0
77.0,138.7,1.7826086956521738,0.5555555555555556,1.0,18651.293945718047,0.782608695652174,0.3333333333333333,9.0,4793.73,276.0,5.334615384615384,79.3,Monthly,Enterprise,26.0,0.7939398331137462,
67.0,297.8,0.0,0.8,1.5,63650.048715000004,1.0,0.4,5.0,16387.2925,215.0,3.308888888888889,57.2,Annual,Enterprise,71.0,0.8284090909090909,0.0
10.0,93.4,1.4814814814814814,0.5,7.5,22687.99659259259,0.8518518518518519,0.0,2.0,2710.84,673.0,2.172093023255814,35.7,Monthly,Enterprise,43.0,0.9067606621773288,0.0
50.0,246.1,0.0,0.1666666666666666,0.0,63650.048715000004,1.0,0.3333333333333333,6.0,16387.2925,916.0,4.394642857142857,91.5,Annual,Enterprise,56.0,0.8551136363636364,0.0
46.0,111.8,3.0,0.0,3.0,19000.187698989903,0.6666666666666666,0.3333333333333333,3.0,3252.781666666667,581.0,3.1942857142857144,69.8,Monthly,Enterprise,35.0,0.8249545454545455,0.0
85.0,145.3,5.0,0.1,0.0,63650.048715000004,0.5,0.4,10.0,16387.2925,398.0,2.641818181818182,38.6,Annual,Enterprise,55.0,0.7417803030303031,1.0
27.0,150.7,0.0,0.4,3.5,63650.048715000004,1.0,0.3333333333333333,15.0,16387.2925,1281.0,2.691071428571429,23.2,Annual,Enterprise,56.0,0.8803030303030304,0.0
11.0,235.1,1.0384615384615383,0.5,3.0,8742.760546153848,0.8076923076923077,0.0,16.0,1458.81,1158.0,6.354054054054054,42.1,Monthly,Enterprise,37.0,0.8479737762237762,0.0
8.0,83.5,0.0,0.6,3.0,23183.009454545456,1.0,0.2,5.0,4009.64,701.0,0.8520408163265306,38.9,Monthly,Enterprise,71.0,0.8704545454545455,
8.0,157.7,9.25,0.5,9.0,63650.048715000004,0.0,0.3333333333333333,6.0,16387.2925,551.0,1.677659574468085,51.1,Annual,Enterprise,71.0,0.7118863636363636,0.0
29.0,220.4,9.5,0.3571428571428571,0.0,26437.41858386364,0.0,0.1428571428571428,14.0,16387.2925,246.0,2.32,87.1,Annual,Enterprise,71.0,0.599780303030303,
15.0,180.8,1.761904761904762,0.1818181818181818,0.0,13693.09948051948,0.8095238095238095,0.1818181818181818,11.0,2811.15,1462.0,2.008888888888889,74.9,Monthly,Enterprise,71.0,0.8208427128427128,0.0
68.0,257.7,3.0,0.5,3.5,18309.17088,0.0,0.9333333333333333,2.0,16387.2925,367.0,11.204347826086956,31.1,Annual,Enterprise,23.0,0.5643863636363636,0.0
44.0,72.3,0.0,0.1666666666666666,0.5,21898.09227272727,1.0,0.3333333333333333,6.0,4117.59,642.0,1.1296875,27.9,Monthly,Enterprise,64.0,0.8607954545454546,0.0
40.0,134.2,4.75,0.2727272727272727,3.5,42978.80694545455,0.0,0.1818181818181818,11.0,16387.2925,673.0,2.532075471698113,46.4,Annual,Enterprise,53.0,0.685060606060606,0.0
29.0,295.5,1.8,0.2307692307692307,8.0,10323.116191888112,0.6,0.4615384615384615,13.0,1483.26,1372.0,6.030612244897959,40.5,Monthly,Enterprise,49.0,0.8492034965034965,0.0
6.0,175.0,2.4615384615384617,0.0,6.0,21870.87014265734,0.7692307692307693,0.0,2.0,2565.74,154.0,9.210526315789474,74.1,Monthly,Enterprise,19.0,0.9018275058275058,0.0
41.0,71.4,8.2,0.2,6.5,1883.93436,0.0,0.3,10.0,1067.99,185.0,1.0656716417910448,20.3,Monthly,Enterprise,67.0,0.611110606060606,0.0
8.0,73.1,11.333333333333334,0.1818181818181818,6.5,63650.048715000004,0.0,0.2727272727272727,11.0,16387.2925,642.0,2.6107142857142853,76.3,Annual,Enterprise,28.0,0.7015959595959596,0.0
52.0,116.2,0.0,0.4545454545454545,0.0,14133.294545454548,1.0,0.2727272727272727,11.0,3238.880000000001,246.0,4.841666666666667,14.1,Monthly,Enterprise,24.0,0.8409090909090909,1.0
90.0,157.2,11.0,0.4166666666666667,2.5,41627.26170909091,0.0,0.25,12.0,16387.2925,854.0,2.807142857142857,21.6,Annual,Enterprise,56.0,0.5717727272727273,0.0
33.0,179.8,0.3095238095238095,0.3333333333333333,9.0,31427.53223676768,0.9285714285714286,0.5333333333333333,15.0,3688.66,246.0,4.9944444444444445,68.8,Monthly,Enterprise,36.0,0.919358585858586,0.0
4.0,142.5,7.5,0.4285714285714285,2.0,2637.138564935065,0.0,0.2857142857142857,14.0,1066.77,62.0,5.277777777777778,64.1,Monthly,Enterprise,27.0,0.644448051948052,0.0
53.0,79.2,1.1666666666666667,0.375,7.0,34118.06745454546,0.75,0.125,8.0,4438.56,1281.0,7.2,44.2,Monthly,Enterprise,11.0,0.8815479797979798,
16.0,226.0,0.6216216216216216,0.3333333333333333,7.0,30485.60376478296,0.8918918918918919,0.3333333333333333,9.0,3870.26,673.0,2.973684210526316,38.3,Monthly,Enterprise,71.0,0.9009631449631448,0.0
36.0,171.4,9.333333333333334,0.4,0.0,11047.569150545454,0.0,0.2,10.0,13986.840000000002,1128.0,2.7206349206349207,90.8,Annual,Enterprise,63.0,0.5439747474747475,1.0
73.0,55.6,6.666666666666667,0.25,7.0,63650.048715000004,0.3333333333333333,0.0,4.0,16387.2925,1158.0,0.8176470588235294,78.2,Annual,Enterprise,68.0,0.7991729797979799,0.0
65.0,53.3,5.2,0.0,2.5,10529.656772727274,0.0,0.25,4.0,4259.1,96.0,1.665625,95.0,Monthly,Enterprise,32.0,0.6372810606060606,
73.0,259.6,0.84,0.75,0.5,9406.123470545455,0.8,0.0,4.0,2302.16,1372.0,6.037209302325582,11.0,Monthly,Enterprise,43.0,0.8029304545454545,0.0
26.0,185.4,0.0,0.5625,5.0,63650.048715000004,1.0,0.25,16.0,16387.2925,1281.0,2.0831460674157305,12.0,Annual,Enterprise,71.0,0.88671875,
85.0,251.2,4.222222222222222,0.5,4.0,18045.44108363636,0.4444444444444444,0.1,10.0,3753.18,276.0,4.257627118644067,19.2,Monthly,Enterprise,59.0,0.7719478114478113,0.0
50.0,222.6,8.75,0.3333333333333333,0.0,40249.95975,0.0,0.1666666666666666,6.0,16387.2925,1128.0,4.364705882352941,60.9,Annual,Enterprise,51.0,0.571780303030303,0.0
12.0,133.7,1.0588235294117647,0.3333333333333333,6.5,12123.510421390372,0.8823529411764706,0.1333333333333333,15.0,1493.35,612.0,2.7854166666666664,44.6,Monthly,Enterprise,48.0,0.9047076648841356,
12.0,154.3,1.2173913043478262,0.3333333333333333,7.0,11320.48012121212,0.8695652173913043,0.3333333333333333,12.0,1460.65,763.0,4.060526315789474,41.0,Monthly,Enterprise,38.0,0.8949090909090909,0.0
32.0,136.6,0.5111111111111111,0.5,10.0,27894.924471428567,0.9111111111111112,0.2857142857142857,14.0,3038.19,1376.0,2.3551724137931034,82.8,Monthly,Enterprise,58.0,0.9317521164021164,
49.0,174.7,9.0,0.0,0.0,32047.79454545454,0.0,0.6666666666666666,3.0,16387.2925,793.0,7.279166666666666,35.5,Annual,Enterprise,24.0,0.5606969696969697,0.0
19.0,54.1,0.0,0.1428571428571428,0.5,9852.1762987013,1.0,0.2142857142857142,14.0,1714.39,154.0,0.5817204301075269,43.5,Monthly,Enterprise,71.0,0.869724025974026,0.0
78.0,244.7,1.3870967741935485,0.0,5.5,20211.82102052786,0.8387096774193549,0.0,2.0,2326.57,93.0,18.82307692307692,31.2,Monthly,Enterprise,13.0,0.9129066471163244,0.0
13.0,50.5,0.4054054054054054,0.1666666666666666,2.5,11690.563765356266,0.945945945945946,0.3333333333333333,12.0,1879.9500000000005,428.0,1.1744186046511629,79.1,Monthly,Enterprise,43.0,0.8716308353808354,0.0
67.0,227.7,2.3125,0.75,4.0,17905.220359090912,0.8125,0.25,4.0,3509.42,185.0,4.95,37.4,Monthly,Enterprise,46.0,0.8256515151515151,0.0
74.0,114.7,0.0,0.4444444444444444,2.5,32100.612727272728,1.0,0.0,9.0,4881.66,276.0,1.3819277108433736,42.0,Monthly,Enterprise,71.0,0.8869949494949495,
70.0,142.9,4.5,0.4,3.0,63650.048715000004,0.5,0.0666666666666666,15.0,16387.2925,1250.0,2.6462962962962964,72.3,Annual,Enterprise,54.0,0.7792878787878788,0.0
56.0,196.3,1.0,0.2307692307692307,0.5,53732.06209342656,0.6666666666666666,0.3076923076923077,13.0,16387.2925,1342.0,2.110752688172043,66.2,Annual,Enterprise,71.0,0.7890582750582751,0.0
3.0,59.8,8.2,0.5,6.0,7135.193512727271,0.0,0.0,2.0,2226.08,32.0,1.3288888888888888,80.4,Monthly,Enterprise,45.0,0.6774287878787879,0.0
62.0,111.7,0.325,0.25,3.0,15088.63192909091,0.975,0.5,4.0,2581.54,1342.0,2.234,21.9,Monthly,Enterprise,50.0,0.8677128787878787,0.0
26.0,277.6,2.5,0.2142857142857142,2.0,11407.000460111318,0.7857142857142857,0.3571428571428571,14.0,2198.36,612.0,6.034782608695653,60.7,Monthly,Enterprise,46.0,0.8238528138528138,1.0
8.0,236.5,0.625,0.4,6.5,23805.37575,0.9583333333333334,0.0,5.0,2746.15,62.0,11.261904761904765,80.6,Monthly,Enterprise,21.0,0.9252272727272728,
30.0,102.2,8.666666666666666,0.5833333333333334,6.5,21314.21771818182,0.0,0.1666666666666666,12.0,16032.12,367.0,2.129166666666667,32.3,Annual,Enterprise,48.0,0.6102411616161616,
84.0,101.9,0.2631578947368421,0.2,6.0,17470.34281722488,0.9473684210526316,0.0,5.0,1949.94,977.0,1.0505154639175258,45.3,Monthly,Enterprise,71.0,0.930817384370016,0.0
35.0,165.3,9.0,0.125,4.0,49895.76426545454,0.0,0.25,16.0,16387.2925,367.0,1.7967391304347828,76.8,Annual,Enterprise,71.0,0.6043806818181818,0.0
75.0,182.5,7.2,0.3333333333333333,5.5,31795.496971636363,0.0,0.1111111111111111,9.0,16387.2925,1189.0,2.5704225352112675,37.8,Annual,Enterprise,71.0,0.6298858585858585,1.0
43.0,221.4,9.6,0.75,5.0,36079.092549818175,0.0,0.25,4.0,16387.2925,1038.0,2.3553191489361702,87.1,Annual,Enterprise,71.0,0.5830818181818181,0.0
63.0,208.0,10.75,0.5,5.0,60506.48645999999,0.0,0.25,4.0,16387.2925,763.0,4.622222222222222,14.2,Annual,Enterprise,45.0,0.6319583333333333,0.0
60.0,232.8,0.9130434782608696,0.25,10.0,16736.4945,0.8695652173913043,0.125,16.0,1657.15,367.0,6.651428571428572,63.7,Monthly,Enterprise,35.0,0.9480407608695652,0.0
70.0,126.9,1.2727272727272727,0.2307692307692307,10.0,39206.86351048952,0.7727272727272727,0.3076923076923077,13.0,4300.68,32.0,1.4755813953488373,17.5,Monthly,Enterprise,71.0,0.9174976689976688,0.0
26.0,58.3,7.5,0.1666666666666666,0.5,17269.51990909091,0.0,0.25,12.0,14768.88,215.0,0.6701149425287356,91.2,Annual,Enterprise,71.0,0.5860037878787878,
27.0,61.2,0.0,0.125,8.5,28255.61181818182,1.0,0.375,8.0,2918.42,123.0,2.110344827586207,22.3,Monthly,Enterprise,29.0,0.9517045454545454,0.0
27.0,252.0,0.0,0.6666666666666666,3.5,63650.048715000004,1.0,0.0,3.0,16387.2925,1066.0,2.625,50.8,Annual,Enterprise,71.0,0.884469696969697,0.0
45.0,286.0,5.25,0.4,2.5,63650.048715000004,0.0,0.2,5.0,16387.2925,1189.0,10.214285714285714,21.1,Annual,Enterprise,28.0,0.6332727272727272,0.0
22.0,296.5,0.1538461538461538,0.4285714285714285,9.0,23783.065776023977,0.9743589743589745,0.2857142857142857,14.0,2589.97,1431.0,18.53125,33.2,Monthly,Enterprise,16.0,0.9384550449550452,0.0
66.0,171.4,0.5714285714285714,0.1428571428571428,9.0,19019.079684601107,0.8571428571428571,0.4285714285714285,7.0,2111.49,185.0,2.0404761904761903,81.7,Monthly,Enterprise,71.0,0.9228268398268398,0.0
50.0,76.9,1.35,0.5555555555555556,1.0,13317.61338,0.8,0.3333333333333333,9.0,3378.3900000000003,763.0,0.8358695652173914,43.3,Monthly,Enterprise,71.0,0.7985717171717172,0.0
20.0,103.6,1.6153846153846154,0.5,0.0,5241.232573426573,0.8461538461538461,0.9333333333333333,2.0,2808.68,459.0,1.48,27.5,Monthly,Enterprise,70.0,0.7575367132867132,0.0
69.0,149.7,0.1212121212121212,0.4545454545454545,3.0,18302.679175757577,0.9696969696969696,0.2727272727272727,11.0,3099.92,885.0,12.475,27.4,Monthly,Enterprise,12.0,0.8686161616161616,0.0
30.0,63.5,6.0,0.3333333333333333,0.0,63650.048715000004,0.0,0.3333333333333333,3.0,16387.2925,916.0,1.1339285714285714,57.0,Annual,Enterprise,56.0,0.6286969696969698,
77.0,194.5,8.333333333333334,0.3333333333333333,1.0,14003.99965151515,0.0,0.25,12.0,10874.76,1007.0,7.78,25.9,Annual,Enterprise,25.0,0.5990467171717171,0.0
14.0,146.9,0.0,0.25,2.0,16268.788636363635,1.0,0.25,8.0,2651.21,977.0,3.9702702702702704,14.9,Monthly,Enterprise,37.0,0.8778409090909091,0.0
31.0,222.1,11.2,0.6,8.0,63650.048715000004,0.0,0.4,5.0,16387.2925,705.0,2.2896907216494844,84.7,Annual,Enterprise,71.0,0.6129060606060606,
29.0,104.6,0.0,0.5714285714285714,1.0,23164.107272727277,1.0,0.1428571428571428,7.0,4681.46,1219.0,5.811111111111111,36.4,Monthly,Enterprise,18.0,0.8530844155844156,
33.0,173.2,8.0,0.2,4.5,63650.048715000004,0.0,0.4,10.0,16387.2925,62.0,2.749206349206349,35.3,Annual,Enterprise,63.0,0.6066666666666667,0.0
24.0,177.6,0.25,0.2142857142857142,5.0,63650.048715000004,0.75,0.2142857142857142,14.0,16387.2925,1007.0,1.793939393939394,10.1,Annual,Enterprise,71.0,0.8657294372294373,0.0
41.0,263.8,5.6,0.4545454545454545,7.0,39124.66332218182,0.0,0.3636363636363636,11.0,16387.2925,246.0,2.7195876288659795,12.7,Annual,Enterprise,71.0,0.6038393939393939,
79.0,142.2,2.2857142857142856,0.5,9.0,6957.604876623376,0.5714285714285714,0.0,4.0,907.15,307.0,2.091176470588235,80.3,Monthly,Enterprise,68.0,0.8655768398268399,1.0
78.0,222.0,14.5,0.5555555555555556,6.0,63650.048715000004,0.0,0.2222222222222222,9.0,16387.2925,854.0,3.1714285714285717,73.6,Annual,Enterprise,70.0,0.6672676767676767,1.0
12.0,245.0,7.4,0.0,6.0,49536.599249454535,0.0,0.0,2.0,16387.2925,885.0,2.752808988764045,33.9,Annual,Enterprise,71.0,0.7108121212121212,0.0
48.0,211.6,7.75,0.3636363636363636,8.0,53824.68882,0.0,0.2727272727272727,11.0,16387.2925,946.0,4.232,88.5,Annual,Enterprise,50.0,0.7168333333333333,0.0
63.0,165.3,0.0,0.5,8.0,63650.048715000004,1.0,0.4,10.0,16387.2925,701.0,3.306,63.8,Annual,Enterprise,50.0,0.9210227272727272,0.0
61.0,147.9,5.5,0.375,0.0,63650.048715000004,0.5,0.25,8.0,16387.2925,793.0,5.916,82.4,Annual,Enterprise,25.0,0.7326344696969697,
90.0,126.5,0.0,0.4545454545454545,7.5,20175.842727272728,1.0,0.2727272727272727,11.0,2386.39,154.0,3.8333333333333335,51.2,Monthly,Enterprise,33.0,0.9261363636363636,1.0
30.0,119.8,1.28125,0.5,3.0,14059.056620596592,0.875,0.375,8.0,2723.54,1189.0,1.3021739130434782,75.8,Monthly,Enterprise,71.0,0.8373503787878788,0.0
56.0,177.9,5.5,0.4285714285714285,8.0,63650.048715000004,0.5,0.1428571428571428,14.0,16387.2925,185.0,2.22375,20.1,Annual,Enterprise,71.0,0.8268917748917749,0.0
79.0,143.3,5.666666666666667,0.1666666666666666,2.0,32994.33471515152,0.0,0.1666666666666666,6.0,16387.2925,188.0,2.7037735849056608,92.5,Annual,Enterprise,53.0,0.5931464646464647,
1.0,152.6,0.4634146341463415,0.2,7.0,23524.181687627493,0.951219512195122,0.2,10.0,2639.66,246.0,4.488235294117647,11.8,Monthly,Enterprise,34.0,0.9299172209903918,0.0
89.0,124.5,10.25,0.4666666666666667,5.0,42536.84575636363,0.0,0.5333333333333333,15.0,16387.2925,1038.0,2.146551724137931,33.8,Annual,Enterprise,58.0,0.6233484848484849,0.0
40.0,63.0,8.0,0.3333333333333333,5.5,56088.36375757575,0.0,0.4444444444444444,9.0,16387.2925,793.0,2.863636363636364,61.1,Annual,Enterprise,22.0,0.6789191919191919,
76.0,271.9,1.75,0.5,6.0,63650.048715000004,0.5,0.0,2.0,16387.2925,1189.0,10.07037037037037,74.2,Annual,Enterprise,27.0,0.8186287878787879,
78.0,282.8,4.0,0.3076923076923077,9.5,63650.048715000004,0.3333333333333333,0.4615384615384615,13.0,16387.2925,1219.0,3.8739726027397263,46.2,Annual,Enterprise,71.0,0.8022412587412587,0.0
46.0,176.9,2.0,0.6923076923076923,0.0,8177.282707692308,0.75,0.3846153846153846,13.0,2863.04,32.0,3.4686274509803923,68.6,Monthly,Enterprise,51.0,0.7637226107226107,
83.0,280.9,3.0,0.3571428571428571,9.5,60763.70434909092,0.0,0.2142857142857142,14.0,16387.2925,154.0,6.532558139534883,41.2,Annual,Enterprise,43.0,0.670603896103896,
87.0,94.0,0.3846153846153846,0.25,6.0,35616.483256993,0.9487179487179488,0.5,4.0,4842.67,1431.0,1.649122807017544,39.7,Monthly,Enterprise,57.0,0.8963884032634033,
76.0,211.7,7.25,0.2,3.0,36494.45403927272,0.0,0.2,5.0,16387.2925,1038.0,9.204347826086956,75.8,Annual,Enterprise,23.0,0.586121212121212,
52.0,96.3,0.7441860465116279,0.3333333333333333,5.5,27652.22158604652,0.9302325581395348,0.0666666666666666,15.0,3450.9500000000003,1342.0,4.585714285714285,86.4,Monthly,Enterprise,21.0,0.9079256518675124,0.0
61.0,102.3,2.75,0.2222222222222222,5.0,63650.048715000004,0.25,0.1111111111111111,9.0,16387.2925,215.0,1.2629629629629628,39.3,Annual,Enterprise,71.0,0.7593333333333333,0.0
55.0,267.1,0.4,0.3846153846153846,3.0,18584.388386013987,0.9333333333333332,0.3846153846153846,13.0,3281.92,462.0,3.986567164179105,33.6,Monthly,Enterprise,67.0,0.8579776223776224,
43.0,258.3,2.111111111111111,0.6666666666666666,0.0,9595.455015151514,0.7222222222222222,0.3333333333333333,12.0,3195.15,32.0,3.22875,47.6,Monthly,Enterprise,71.0,0.7626784511784511,0.0
45.0,114.0,0.0,0.3076923076923077,1.0,63650.048715000004,1.0,0.0769230769230769,13.0,16387.2925,32.0,4.56,83.4,Annual,Enterprise,25.0,0.8736888111888111,0.0
10.0,152.0,1.1538461538461535,0.6363636363636364,7.0,19170.622888111888,0.8461538461538461,0.3636363636363636,11.0,2844.07,763.0,1.6344086021505375,30.3,Monthly,Enterprise,71.0,0.8695629370629371,0.0
45.0,248.5,0.7105263157894737,0.0,10.0,12788.23376842105,0.9210526315789472,0.0,3.0,1114.98,1038.0,5.177083333333333,73.4,Monthly,Enterprise,48.0,0.9823157894736844,1.0
70.0,287.3,11.5,1.0,7.0,63650.048715000004,0.0,0.0,2.0,16387.2925,763.0,2.961855670103093,14.2,Annual,Enterprise,71.0,0.6127424242424242,0.0
4.0,183.2,1.5,0.4166666666666667,1.0,63650.048715000004,0.75,0.25,12.0,16387.2925,793.0,3.105084745762712,47.6,Annual,Enterprise,59.0,0.802060606060606,0.0
14.0,141.4,9.5,0.3333333333333333,9.0,59455.414836363634,0.0,0.0,6.0,16387.2925,123.0,2.8857142857142857,14.1,Annual,Enterprise,49.0,0.6524696969696969,0.0
60.0,250.0,0.0,0.2666666666666666,1.0,63650.048715000004,1.0,0.0666666666666666,15.0,16387.2925,551.0,4.62962962962963,58.2,Annual,Enterprise,54.0,0.8768939393939394,0.0
48.0,206.0,0.7692307692307693,0.5,1.5,24885.53907167832,0.8846153846153846,0.0,2.0,4528.53,642.0,2.641025641025641,16.9,Monthly,Enterprise,71.0,0.8470308857808858,0.0
70.0,146.9,2.6666666666666665,0.2,4.5,32416.979,0.0,0.3,10.0,12804.6,946.0,8.161111111111111,87.6,Annual,Enterprise,18.0,0.6991388888888889,0.0
61.0,90.1,8.25,0.5,6.0,46373.921999999984,0.0,0.5,4.0,16387.2925,398.0,1.2871428571428571,21.1,Annual,Enterprise,70.0,0.5800454545454545,0.0
83.0,89.7,4.0,0.25,10.0,63650.048715000004,0.0,0.25,4.0,16387.2925,1097.0,1.95,45.1,Annual,Enterprise,46.0,0.7580833333333333,0.0
20.0,139.3,0.0,0.25,8.5,21763.855909090908,1.0,0.25,4.0,2247.91,1097.0,2.9020833333333336,31.9,Monthly,Enterprise,48.0,0.9517045454545454,0.0
32.0,88.3,1.1176470588235294,0.0,2.0,25545.192669518718,0.8529411764705882,0.0,1.0,3639.97,459.0,0.9103092783505154,38.4,Monthly,Enterprise,71.0,0.876698752228164,0.0
20.0,210.3,9.333333333333334,0.25,5.0,33680.358981818186,0.0,0.1666666666666666,12.0,16387.2925,428.0,3.2353846153846155,56.2,Annual,Enterprise,65.0,0.6522512626262627,0.0
32.0,220.1,8.0,0.1,9.0,27445.27205127273,0.0,0.2,10.0,12521.64,854.0,2.3666666666666667,83.7,Annual,Enterprise,71.0,0.6885530303030303,0.0
80.0,119.5,0.8157894736842105,0.3333333333333333,5.0,9819.112710685808,0.9210526315789472,0.0,3.0,1242.74,1431.0,2.0964912280701755,45.2,Monthly,Enterprise,57.0,0.9043835725677832,0.0
80.0,253.6,5.666666666666667,0.5,5.0,23000.327432727277,0.0,0.0,2.0,16121.04,1372.0,8.453333333333333,87.1,Annual,Enterprise,30.0,0.616820707070707,0.0
25.0,260.0,7.0,0.0,4.0,34232.11985454545,0.0,0.0,1.0,12360.6,398.0,3.466666666666667,90.2,Annual,Enterprise,71.0,0.7131515151515151,0.0
7.0,114.3,0.0,0.0,4.5,22783.12,1.0,0.3333333333333333,3.0,2847.89,336.0,1.4653846153846153,42.6,Monthly,Enterprise,71.0,0.9166666666666666,0.0
19.0,277.1,3.2,0.0,6.5,8360.814763636363,0.6,0.5,4.0,1249.85,276.0,4.696610169491525,38.0,Monthly,Enterprise,59.0,0.8404439393939394,
80.0,232.9,1.3461538461538465,0.3333333333333333,4.0,9371.673679098678,0.8076923076923077,0.2222222222222222,9.0,1483.25,185.0,3.19041095890411,61.7,Monthly,Enterprise,71.0,0.8550446775446775,0.0
49.0,58.8,3.5,0.6666666666666666,10.0,33301.9593,0.6666666666666666,0.1666666666666666,6.0,4327.74,1372.0,5.345454545454545,19.5,Monthly,Enterprise,11.0,0.8719166666666667,
24.0,219.4,11.666666666666666,0.6666666666666666,5.0,18969.91693333333,0.0,0.4444444444444444,9.0,14841.72,1097.0,15.671428571428573,28.3,Annual,Enterprise,14.0,0.5969444444444445,0.0
77.0,299.4,0.0,0.3333333333333333,4.5,63650.048715000004,1.0,0.0,3.0,16387.2925,32.0,9.98,52.8,Annual,Enterprise,30.0,0.9166666666666669,0.0
75.0,104.9,0.0,0.3076923076923077,5.0,63650.048715000004,1.0,0.5384615384615384,13.0,16387.2925,520.0,1.0595959595959596,53.4,Annual,Enterprise,71.0,0.8902972027972028,
29.0,64.0,0.2702702702702703,0.1666666666666666,0.5,6543.33463063063,0.945945945945946,0.1666666666666666,12.0,1158.02,307.0,1.0666666666666669,92.5,Monthly,Enterprise,60.0,0.8596805896805897,0.0
73.0,172.9,15.0,0.3333333333333333,1.0,63650.048715000004,0.0,0.1666666666666666,12.0,16387.2925,1431.0,1.82,60.1,Annual,Enterprise,71.0,0.6264772727272727,
56.0,126.0,0.6382978723404256,0.1666666666666666,8.5,46769.85513346229,0.9148936170212766,0.1666666666666666,6.0,4819.04,1097.0,1.75,31.7,Monthly,Enterprise,71.0,0.943397807865893,0.0
14.0,141.2,5.5,0.3125,8.0,63650.048715000004,0.25,0.4375,16.0,16387.2925,1281.0,1.9342465753424656,36.6,Annual,Enterprise,71.0,0.7657310606060607,
13.0,159.8,0.0555555555555555,0.375,8.5,7932.603466666666,0.9444444444444444,0.25,16.0,877.03,854.0,2.3159420289855075,79.6,Monthly,Enterprise,69.0,0.932632786195286,0.0
25.0,70.5,1.7826086956521738,0.2857142857142857,7.0,37558.28696408809,0.8260869565217391,0.1428571428571428,14.0,4591.11,276.0,0.9791666666666666,75.7,Monthly,Enterprise,71.0,0.8995871447393187,0.0
22.0,278.7,0.0,0.4444444444444444,6.0,63650.048715000004,1.0,0.3333333333333333,9.0,16387.2925,885.0,4.723728813559322,37.8,Annual,Enterprise,59.0,0.9059343434343434,
38.0,102.6,8.2,0.4,0.5,29483.200112290902,0.0,0.3,10.0,16387.2925,1158.0,1.368,33.7,Annual,Enterprise,71.0,0.5784287878787878,0.0
84.0,144.6,3.25,0.4285714285714285,4.0,33095.34954,0.0,0.3571428571428571,14.0,16387.2925,367.0,1.606666666666667,23.3,Annual,Enterprise,71.0,0.6440443722943723,0.0
1.0,252.4,2.5,0.3333333333333333,7.5,18601.06721436588,0.7222222222222222,0.4444444444444444,9.0,2652.956666666667,673.0,6.0095238095238095,28.3,Monthly,Enterprise,42.0,0.8607575757575758,
79.0,276.6,4.75,0.5,5.5,63650.048715000004,0.0,0.0,2.0,16387.2925,428.0,6.01304347826087,86.2,Annual,Enterprise,46.0,0.7049469696969697,0.0
90.0,127.6,3.333333333333333,0.1666666666666666,4.0,63650.048715000004,0.3333333333333333,0.0,6.0,16387.2925,854.0,7.975,92.7,Annual,Enterprise,16.0,0.7791792929292929,0.0
88.0,187.6,7.0,0.1428571428571428,4.0,63650.048715000004,0.25,0.2857142857142857,7.0,16387.2925,93.0,2.4363636363636365,48.4,Annual,Enterprise,71.0,0.736365800865801,
89.0,188.0,0.52,0.5833333333333334,4.5,26534.62333333333,0.88,0.3333333333333333,12.0,4533.25,1219.0,2.088888888888889,48.4,Monthly,Enterprise,71.0,0.8548216666666666,0.0
36.0,152.6,15.0,0.1818181818181818,4.5,63650.048715000004,0.0,0.1818181818181818,11.0,16387.2925,1250.0,1.5571428571428572,30.5,Annual,Enterprise,71.0,0.6747727272727273,0.0
14.0,250.3,0.7222222222222222,0.4,5.0,29571.732247676773,0.8888888888888888,0.2,5.0,4211.54,977.0,3.850769230769231,72.2,Monthly,Enterprise,65.0,0.88153367003367,0.0
63.0,82.2,0.4583333333333333,0.0,3.0,15981.528441666673,0.9375,0.5,2.0,2476.76,154.0,2.283333333333333,14.6,Monthly,Enterprise,36.0,0.8754823232323232,
14.0,127.7,4.4,0.5555555555555556,7.0,25485.121437575755,0.0,0.2222222222222222,9.0,12928.92,336.0,1.877941176470588,74.3,Annual,Enterprise,68.0,0.6575646464646464,0.0
52.0,136.6,0.5,0.2,3.0,63650.048715000004,0.75,0.4,5.0,16387.2925,793.0,6.209090909090909,52.6,Annual,Enterprise,22.0,0.8316212121212121,1.0
61.0,286.6,0.625,0.1818181818181818,3.0,25079.821875,0.75,0.2727272727272727,11.0,4223.97,1007.0,28.660000000000004,23.9,Monthly,Enterprise,10.0,0.8403787878787878,0.0
79.0,100.5,0.1481481481481481,0.4166666666666667,5.5,15525.253698316496,0.925925925925926,0.3333333333333333,12.0,2212.19,1097.0,2.9558823529411766,84.5,Monthly,Enterprise,34.0,0.8867787598204265,0.0
71.0,79.4,5.2,0.3125,1.0,19697.187796363636,0.6,0.1875,16.0,4603.32,1158.0,1.0447368421052632,52.0,Monthly,Enterprise,71.0,0.772610606060606,1.0
14.0,77.2,9.0,0.4375,7.5,12407.717878977272,0.0,0.3125,16.0,4053.455,520.0,1.087323943661972,63.0,Monthly,Enterprise,71.0,0.6707159090909091,
31.0,167.5,9.0,0.5,1.5,31584.181745454545,0.0,0.0,2.0,16387.2925,154.0,2.7916666666666665,45.6,Annual,Enterprise,60.0,0.5681590909090909,
74.0,138.3,14.0,0.5,5.0,41620.7148,0.0,0.0,2.0,16387.2925,642.0,2.88125,83.1,Annual,Enterprise,48.0,0.6689166666666666,1.0
2.0,54.2,0.0,0.4,2.5,37483.85454545455,1.0,0.4,5.0,9720.0,398.0,2.580952380952381,68.7,Annual,Enterprise,21.0,0.8647727272727272,1.0
50.0,225.3,8.6,0.4615384615384615,4.0,14336.727212307696,0.2,0.4615384615384615,13.0,4434.18,673.0,5.928947368421053,34.4,Monthly,Enterprise,38.0,0.6911925407925408,0.0
24.0,165.0,1.088235294117647,0.4285714285714285,2.0,9783.864235294115,0.8823529411764706,0.4285714285714285,7.0,2068.36,367.0,3.5106382978723403,15.4,Monthly,Enterprise,47.0,0.8290881079704608,
22.0,188.3,7.5,0.5,5.5,63650.048715000004,0.0,0.0,4.0,16387.2925,642.0,6.7250000000000005,81.5,Annual,Enterprise,28.0,0.6676136363636364,0.0
86.0,234.7,0.1428571428571428,0.2727272727272727,5.0,17818.68994285714,0.8571428571428571,0.4545454545454545,11.0,2708.97,93.0,4.993617021276595,46.8,Monthly,Enterprise,47.0,0.8687748917748918,
7.0,216.0,0.2285714285714285,0.6666666666666666,7.0,12591.178226839827,0.9714285714285714,0.0,3.0,1529.65,276.0,3.857142857142857,59.3,Monthly,Enterprise,56.0,0.9179186147186148,
31.0,57.8,9.0,0.4166666666666667,2.0,63650.048715000004,0.0,0.1666666666666666,12.0,16387.2925,489.0,0.9475409836065574,37.2,Annual,Enterprise,61.0,0.6486325757575757,0.0
50.0,297.0,0.2142857142857142,0.3125,2.0,15669.600603896104,0.9285714285714286,0.1875,16.0,2652.07,1311.0,7.071428571428571,47.1,Monthly,Enterprise,42.0,0.8629837662337662,1.0
49.0,267.8,0.0909090909090909,0.5,1.0,5547.731326942148,0.9090909090909092,0.3,10.0,1239.76,732.0,3.618918918918919,60.2,Monthly,Enterprise,71.0,0.8293030303030302,
38.0,201.4,8.4,0.3,10.0,59995.8503424,0.0,0.3,10.0,16387.2925,1007.0,3.72962962962963,90.2,Annual,Enterprise,54.0,0.7161000000000001,
61.0,221.7,4.75,0.3076923076923077,8.0,63650.048715000004,0.25,0.2307692307692307,13.0,16387.2925,93.0,4.183018867924528,69.0,Annual,Enterprise,53.0,0.7809522144522144,
30.0,113.1,1.0740740740740742,0.7,0.5,19452.32397818182,0.925925925925926,0.1,10.0,4606.38,1097.0,2.3081632653061224,72.9,Monthly,Enterprise,49.0,0.8243664421997755,0.0
84.0,255.9,1.625,0.25,8.5,35820.2077409091,0.625,0.25,4.0,4615.06,1158.0,3.458108108108108,67.1,Monthly,Enterprise,71.0,0.8723712121212122,
79.0,64.8,6.0,0.0,8.0,29024.505949090915,0.0,0.9333333333333333,1.0,16387.2925,701.0,1.1172413793103448,80.0,Annual,Enterprise,58.0,0.6387727272727273,0.0
85.0,276.8,1.1923076923076923,0.3333333333333333,3.5,33153.22653837189,0.8461538461538461,0.0,3.0,4859.848076923077,459.0,4.613333333333333,45.2,Monthly,Enterprise,60.0,0.8713543123543124,0.0
4.0,277.8,0.0,0.4666666666666667,8.5,31787.194909090915,1.0,0.1333333333333333,15.0,3388.1700000000005,612.0,15.433333333333334,57.2,Monthly,Enterprise,18.0,0.9454545454545454,
53.0,92.1,0.0625,0.3333333333333333,10.0,24299.4331,0.9791666666666666,0.25,12.0,2396.64,1466.0,1.535,70.0,Monthly,Enterprise,60.0,0.9592083333333334,
16.0,96.8,0.0,0.5,3.5,6635.761363636364,1.0,0.25,4.0,1069.5,1462.0,8.066666666666666,42.1,Monthly,Enterprise,12.0,0.8792613636363636,
67.0,148.9,1.2,0.625,2.5,9282.997627272724,0.8666666666666667,0.25,8.0,1898.54,612.0,1.7726190476190478,10.6,Monthly,Enterprise,71.0,0.8302185606060606,1.0
51.0,63.1,7.75,0.5,8.0,63650.048715000004,0.0,0.3571428571428571,14.0,16387.2925,398.0,1.971875,68.8,Annual,Enterprise,32.0,0.6430346320346321,0.0
84.0,159.5,0.5789473684210527,0.2,10.0,26784.49287789474,0.868421052631579,0.2,15.0,2665.71,1219.0,2.3115942028985508,15.2,Monthly,Enterprise,69.0,0.947140350877193,0.0
36.0,119.3,0.4772727272727273,0.3333333333333333,7.0,30324.22811900826,0.9090909090909092,0.3333333333333333,12.0,3811.08,1462.0,1.4728395061728394,46.5,Monthly,Enterprise,71.0,0.9047878787878788,
1.0,163.4,9.4,0.4444444444444444,10.0,24534.010517333325,0.0,0.3333333333333333,9.0,16387.2925,1342.0,2.122077922077922,79.3,Annual,Enterprise,71.0,0.6303222222222221,0.0
34.0,141.7,4.5,0.3333333333333333,3.0,63650.048715000004,0.25,0.3333333333333333,3.0,16387.2925,1372.0,3.014893617021277,17.0,Annual,Enterprise,47.0,0.7167878787878788,0.0
64.0,231.6,1.5555555555555556,0.25,0.0,5685.041927272729,0.8518518518518519,0.25,4.0,1230.6900000000005,1342.0,5.263636363636364,20.1,Monthly,Enterprise,44.0,0.8213358585858586,0.0
14.0,58.4,2.2857142857142856,0.3333333333333333,5.0,5575.930085714286,0.7619047619047619,0.1111111111111111,9.0,840.11,1097.0,1.1450980392156862,64.9,Monthly,Enterprise,51.0,0.8560079365079365,0.0
35.0,87.8,0.4791666666666667,0.3333333333333333,9.0,16393.552802840906,0.9166666666666666,0.25,9.0,1724.1899999999998,1219.0,1.0578313253012048,41.4,Monthly,Enterprise,71.0,0.9394419191919192,0.0
91.0,122.9,1.1666666666666667,0.2666666666666666,7.0,24272.57461151516,0.75,0.3333333333333333,15.0,3268.34,701.0,1.4290697674418604,66.8,Monthly,Enterprise,71.0,0.8752979797979799,0.0
30.0,190.3,10.4,0.5714285714285714,5.5,39351.96095999999,0.0,0.1428571428571428,7.0,16387.2925,1128.0,11.194117647058825,32.3,Annual,Enterprise,17.0,0.5804874458874458,0.0
71.0,143.5,0.9285714285714286,0.1428571428571428,9.5,39309.82774548989,0.9285714285714286,0.2857142857142857,7.0,3929.408095238095,885.0,5.979166666666667,45.8,Monthly,Enterprise,24.0,0.9507705627705628,0.0
66.0,144.4,4.333333333333333,0.0,6.0,63650.048715000004,0.0,0.9333333333333333,1.0,16387.2925,885.0,1.5695652173913044,64.9,Annual,Enterprise,71.0,0.6804898989898991,0.0
29.0,257.6,12.0,0.7777777777777778,9.0,36475.4432,0.0,0.3333333333333333,9.0,16387.2925,428.0,2.740425531914894,81.3,Annual,Enterprise,71.0,0.6071919191919192,
42.0,118.1,1.4,0.2,8.0,7089.471917818184,0.75,0.2666666666666666,15.0,861.24,1158.0,4.724,88.9,Monthly,Enterprise,25.0,0.8943727272727273,0.0
45.0,102.0,0.6190476190476191,0.0,1.0,19198.523943434346,0.9285714285714286,0.6666666666666666,6.0,3927.62,459.0,8.5,77.7,Monthly,Enterprise,12.0,0.8401240981240982,0.0
48.0,260.0,0.7894736842105263,0.5454545454545454,10.0,19508.96084210526,0.9210526315789472,0.1818181818181818,11.0,2080.08,428.0,8.96551724137931,19.0,Monthly,Enterprise,29.0,0.9366507177033494,1.0
27.0,61.9,3.5,0.5,7.0,63650.048715000004,0.0,0.0,2.0,16387.2925,154.0,1.4068181818181815,43.1,Annual,Enterprise,44.0,0.6653257575757576,
79.0,232.4,0.5,0.0,1.0,63650.048715000004,0.75,0.0,2.0,16387.2925,763.0,12.911111111111111,41.5,Annual,Enterprise,18.0,0.8463939393939394,
21.0,74.3,0.0,0.1428571428571428,5.5,42769.343766233775,1.0,0.1428571428571428,7.0,4922.63,854.0,1.218032786885246,58.5,Monthly,Enterprise,61.0,0.9310064935064936,0.0
76.0,257.8,6.0,0.3333333333333333,9.0,63650.048715000004,0.0,0.1666666666666666,6.0,16387.2925,489.0,2.685416666666667,32.9,Annual,Enterprise,71.0,0.6693863636363636,0.0
11.0,125.7,1.137931034482759,0.1666666666666666,6.5,14667.667933542318,0.8275862068965517,0.5,6.0,2000.49,885.0,1.7957142857142858,26.5,Monthly,Enterprise,70.0,0.8810433646812957,0.0
64.0,51.3,1.1666666666666667,0.4705882352941176,7.5,36580.719697504464,0.75,0.1764705882352941,17.0,4851.13,371.0,1.1930232558139535,91.5,Monthly,Enterprise,43.0,0.8780386215092097,
71.0,223.7,9.5,0.0,8.5,24024.245945454542,0.25,0.0,1.0,3825.24,1066.0,3.5507936507936506,76.1,Monthly,Enterprise,63.0,0.8076212121212121,
20.0,83.5,8.75,0.6,10.0,47318.36928,0.0,0.2,10.0,16387.2925,1038.0,0.8882978723404256,24.2,Annual,Enterprise,71.0,0.6366666666666667,0.0
67.0,110.3,9.333333333333334,0.3333333333333333,8.0,63650.048715000004,0.0,0.25,12.0,16387.2925,428.0,1.1734042553191488,14.3,Annual,Enterprise,71.0,0.715925505050505,0.0
34.0,261.4,0.0,0.2857142857142857,9.5,63650.048715000004,1.0,0.1428571428571428,7.0,14487.0,276.0,5.026923076923077,63.2,Annual,Enterprise,52.0,0.9675324675324676,
58.0,266.9,0.0,0.25,8.0,63650.048715000004,1.0,0.125,8.0,16387.2925,307.0,7.85,83.5,Annual,Enterprise,34.0,0.9538352272727272,1.0
58.0,125.2,4.75,0.5,0.0,35846.34397527273,0.5,0.3,10.0,16387.2925,1431.0,2.2357142857142858,21.8,Annual,Enterprise,56.0,0.7236969696969697,0.0
41.0,61.1,4.333333333333333,0.3333333333333333,0.5,32302.927728484847,0.3333333333333333,0.3333333333333333,3.0,15017.28,520.0,1.3886363636363637,14.1,Annual,Enterprise,44.0,0.705489898989899,1.0
79.0,251.2,1.9523809523809523,0.0666666666666666,8.0,21254.59739705628,0.8095238095238095,0.2,15.0,2357.76,1372.0,7.388235294117647,76.8,Monthly,Enterprise,34.0,0.9173044733044732,1.0
19.0,76.6,4.666666666666667,0.3,1.0,59891.124384,0.3333333333333333,0.3,10.0,16387.2925,1066.0,0.8326086956521739,30.7,Annual,Enterprise,71.0,0.714449494949495,0.0
38.0,166.6,0.3947368421052631,0.5555555555555556,10.0,15472.009280701754,0.9736842105263158,0.2222222222222222,9.0,1626.23,459.0,3.6217391304347823,29.4,Monthly,Enterprise,46.0,0.9450730994152046,0.0
83.0,233.4,0.5106382978723404,0.4,0.0,11264.71937083172,0.9148936170212766,0.2,5.0,2488.14,428.0,3.764516129032258,36.4,Monthly,Enterprise,62.0,0.8304806576402322,1.0
89.0,224.1,0.2631578947368421,0.0,3.0,12321.702200956935,0.9473684210526316,0.0,1.0,1549.48,642.0,7.47,58.4,Monthly,Enterprise,30.0,0.9092264752791068,1.0
89.0,192.1,0.5,0.4545454545454545,0.0,20050.855087603308,0.9545454545454546,0.2727272727272727,11.0,4717.94,398.0,1.9404040404040404,93.0,Monthly,Enterprise,71.0,0.8304848484848485,0.0
58.0,158.9,7.0,0.0,4.0,57857.79999999999,0.0,0.3333333333333333,3.0,16387.2925,977.0,1.589,48.0,Annual,Enterprise,71.0,0.6923181818181818,0.0
55.0,283.8,1.5263157894736843,0.25,4.0,34718.60216842106,0.8421052631578947,0.0,4.0,4778.02,93.0,7.6702702702702705,66.6,Monthly,Enterprise,37.0,0.8805440590111644,1.0
4.0,129.5,0.5769230769230769,0.25,4.0,13733.436744755243,0.9615384615384616,0.375,8.0,2051.56,581.0,10.791666666666666,85.2,Monthly,Enterprise,12.0,0.8835249125874125,0.0
13.0,231.2,0.0,0.3636363636363636,6.0,9697.82727272727,1.0,0.1818181818181818,11.0,1185.2899999999995,854.0,3.91864406779661,75.3,Monthly,Enterprise,59.0,0.9204545454545454,
9.0,124.7,0.627906976744186,0.3333333333333333,8.0,14513.402778858348,0.9302325581395348,0.3333333333333333,12.0,1695.29,398.0,1.7082191780821918,38.0,Monthly,Enterprise,71.0,0.9199781536293165,0.0
52.0,118.9,11.0,0.25,6.5,44108.36334545454,0.0,0.375,8.0,16387.2925,581.0,6.994117647058824,82.9,Annual,Enterprise,17.0,0.6918314393939393,
1.0,273.7,3.5,0.5,2.5,53991.83205818181,0.0,0.5,2.0,16387.2925,701.0,11.404166666666669,94.4,Annual,Enterprise,24.0,0.582939393939394,0.0
21.0,105.6,0.75,0.5,3.0,63650.048715000004,0.75,0.0,6.0,16387.2925,154.0,3.7714285714285714,46.4,Annual,Enterprise,28.0,0.8372045454545456,
86.0,275.8,5.666666666666667,0.8,3.0,41329.52093963637,0.0,0.6,5.0,16387.2925,32.0,3.7780821917808223,67.9,Annual,Enterprise,71.0,0.5378434343434344,
77.0,131.3,5.5,0.5,1.0,51395.63644727273,0.5,0.4166666666666667,12.0,16387.2925,916.0,1.6620253164556964,26.1,Annual,Enterprise,71.0,0.7257689393939394,0.0
64.0,223.7,1.2,0.4285714285714285,6.5,16790.828383636363,0.8,0.0714285714285714,14.0,2191.13,1219.0,2.237,11.0,Monthly,Enterprise,71.0,0.8857772727272727,
66.0,285.2,9.0,0.3333333333333333,5.0,24086.51334981817,0.0,0.4,15.0,16387.2925,1128.0,4.321212121212121,32.4,Annual,Enterprise,66.0,0.5933484848484848,0.0
60.0,94.2,0.0,0.7142857142857143,6.0,10602.780974025976,1.0,0.2142857142857142,14.0,1507.69,246.0,4.957894736842105,78.3,Monthly,Enterprise,19.0,0.8965097402597403,
91.0,135.2,9.0,0.0,10.0,63650.048715000004,0.0,0.0,1.0,16387.2925,732.0,1.5191011235955054,60.3,Annual,Enterprise,71.0,0.776,0.0
2.0,117.1,5.25,0.5833333333333334,4.5,45700.44191999999,0.0,0.0833333333333333,12.0,16387.2925,854.0,2.296078431372549,93.5,Annual,Enterprise,51.0,0.6218333333333332,1.0
26.0,136.5,1.0,0.6666666666666666,3.0,63650.048715000004,0.0,0.3333333333333333,6.0,16387.2925,1066.0,1.9225352112676055,90.2,Annual,Enterprise,71.0,0.6552878787878788,
33.0,233.1,0.3636363636363636,0.1428571428571428,7.0,11105.585446044866,0.9696969696969696,0.1428571428571428,7.0,1189.11,398.0,2.4030927835051545,59.0,Monthly,Enterprise,71.0,0.9410216450216452,0.0
9.0,145.7,0.0,0.3636363636363636,5.0,7156.224545454545,1.0,0.0909090909090909,11.0,904.81,673.0,4.415151515151515,38.5,Monthly,Enterprise,33.0,0.9147727272727272,0.0
,,,,,,,,,,,,,,,,,0.0
,,,,,,,,,,,,,,,,,1.0
,,,,,,,,,,,,,,,,,0.0
,,,,,,,,,,,,,,,,,1.0
,,,,,,,,,,,,,,,,,0.0
,,,,,,,,,,,,,,,,,1.0
,,,,,,,,,,,,,,,,,0.0
,,,,,,,,,,,,,,,,,0.0
,,,,,,,,,,,,,,,,,0.0
,,,,,,,,,,,,,,,,,1.0
,,,,,,,,,,,,,,,,,1.0
,,,,,,,,,,,,,,,,,1.0
,,,,,,,,,,,,,,,,,0.0
,,,,,,,,,,,,,,,,,0.0
,,,,,,,,,,,,,,,,,0.0
,,,,,,,,,,,,,,,,,1.0
,,,,,,,,,,,,,,,,,0.0
,,,,,,,,,,,,,,,,,0.0
,,,,,,,,,,,,,,,,,0.0
,,,,,,,,,,,,,,,,,0.0
,,,,,,,,,,,,,,,,,0.0
,,,,,,,,,,,,,,,,,0.0
,,,,,,,,,,,,,,,,,0.0
,,,,,,,,,,,,,,,,,0.0
,,,,,,,,,,,,,,,,,0.0
,,,,,,,,,,,,,,,,,0.0
,,,,,,,,,,,,,,,,,0.0
,,,,,,,,,,,,,,,,,0.0
,,,,,,,,,,,,,,,,,0.0
,,,,,,,,,,,,,,,,,0.0
,,,,,,,,,,,,,,,,,0.0
,,,,,,,,,,,,,,,,,0.0
,,,,,,,,,,,,,,,,,0.0
,,,,,,,,,,,,,,,,,1.0
,,,,,,,,,,,,,,,,,1.0
,,,,,,,,,,,,,,,,,0.0
,,,,,,,,,,,,,,,,,0.0
,,,,,,,,,,,,,,,,,0.0
,,,,,,,,,,,,,,,,,0.0
,,,,,,,,,,,,,,,,,0.0
,,,,,,,,,,,,,,,,,0.0
,,,,,,,,,,,,,,,,,0.0
,,,,,,,,,,,,,,,,,1.0
,,,,,,,,,,,,,,,,,0.0
,,,,,,,,,,,,,,,,,0.0
,,,,,,,,,,,,,,,,,1.0
,,,,,,,,,,,,,,,,,0.0
,,,,,,,,,,,,,,,,,0.0
,,,,,,,,,,,,,,,,,0.0
,,,,,,,,,,,,,,,,,0.0
,,,,,,,,,,,,,,,,,0.0
,,,,,,,,,,,,,,,,,0.0
,,,,,,,,,,,,,,,,,1.0
,,,,,,,,,,,,,,,,,0.0
,,,,,,,,,,,,,,,,,0.0
,,,,,,,,,,,,,,,,,0.0
,,,,,,,,,,,,,,,,,0.0
,,,,,,,,,,,,,,,,,1.0
,,,,,,,,,,,,,,,,,0.0
,,,,,,,,,,,,,,,,,0.0
,,,,,,,,,,,,,,,,,0.0
,,,,,,,,,,,,,,,,,0.0
,,,,,,,,,,,,,,,,,0.0
,,,,,,,,,,,,,,,,,1.0
,,,,,,,,,,,,,,,,,0.0
,,,,,,,,,,,,,,,,,0.0
,,,,,,,,,,,,,,,,,0.0
,,,,,,,,,,,,,,,,,0.0
,,,,,,,,,,,,,,,,,0.0
,,,,,,,,,,,,,,,,,1.0
,,,,,,,,,,,,,,,,,0.0
,,,,,,,,,,,,,,,,,0.0
,,,,,,,,,,,,,,,,,0.0
,,,,,,,,,,,,,,,,,0.0
,,,,,,,,,,,,,,,,,0.0
,,,,,,,,,,,,,,,,,1.0
,,,,,,,,,,,,,,,,,0.0
,,,,,,,,,,,,,,,,,0.0
,,,,,,,,,,,,,,,,,0.0
,,,,,,,,,,,,,,,,,0.0
,,,,,,,,,,,,,,,,,0.0
,,,,,,,,,,,,,,,,,0.0
,,,,,,,,,,,,,,,,,0.0
,,,,,,,,,,,,,,,,,0.0
,,,,,,,,,,,,,,,,,0.0
,,,,,,,,,,,,,,,,,0.0
,,,,,,,,,,,,,,,,,0.0
,,,,,,,,,,,,,,,,,0.0
,,,,,,,,,,,,,,,,,0.0
,,,,,,,,,,,,,,,,,0.0
,,,,,,,,,,,,,,,,,0.0
,,,,,,,,,,,,,,,,,0.0
,,,,,,,,,,,,,,,,,1.0
,,,,,,,,,,,,,,,,,0.0
,,,,,,,,,,,,,,,,,0.0
,,,,,,,,,,,,,,,,,0.0
,,,,,,,,,,,,,,,,,1.0
,,,,,,,,,,,,,,,,,0.0
,,,,,,,,,,,,,,,,,0.0
,,,,,,,,,,,,,,,,,0.0
,,,,,,,,,,,,,,,,,0.0
,,,,,,,,,,,,,,,,,0.0
,,,,,,,,,,,,,,,,,0.0
,,,,,,,,,,,,,,,,,0.0
,,,,,,,,,,,,,,,,,0.0
,,,,,,,,,,,,,,,,,0.0
,,,,,,,,,,,,,,,,,0.0
,,,,,,,,,,,,,,,,,0.0
,,,,,,,,,,,,,,,,,0.0
,,,,,,,,,,,,,,,,,0.0
,,,,,,,,,,,,,,,,,1.0
,,,,,,,,,,,,,,,,,0.0
,,,,,,,,,,,,,,,,,1.0
,,,,,,,,,,,,,,,,,0.0
,,,,,,,,,,,,,,,,,0.0
,,,,,,,,,,,,,,,,,0.0
,,,,,,,,,,,,,,,,,0.0
,,,,,,,,,,,,,,,,,0.0
,,,,,,,,,,,,,,,,,0.0
,,,,,,,,,,,,,,,,,0.0
,,,,,,,,,,,,,,,,,0.0
,,,,,,,,,,,,,,,,,0.0
,,,,,,,,,,,,,,,,,1.0
,,,,,,,,,,,,,,,,,0.0
,,,,,,,,,,,,,,,,,0.0
,,,,,,,,,,,,,,,,,0.0
,,,,,,,,,,,,,,,,,0.0
,,,,,,,,,,,,,,,,,0.0
,,,,,,,,,,,,,,,,,0.0
,,,,,,,,,,,,,,,,,0.0
,,,,,,,,,,,,,,,,,0.0
,,,,,,,,,,,,,,,,,0.0
,,,,,,,,,,,,,,,,,0.0
,,,,,,,,,,,,,,,,,0.0
,,,,,,,,,,,,,,,,,0.0
,,,,,,,,,,,,,,,,,1.0
,,,,,,,,,,,,,,,,,0.0
,,,,,,,,,,,,,,,,,0.0
,,,,,,,,,,,,,,,,,0.0
,,,,,,,,,,,,,,,,,0.0
,,,,,,,,,,,,,,,,,0.0
,,,,,,,,,,,,,,,,,0.0
,,,,,,,,,,,,,,,,,0.0
,,,,,,,,,,,,,,,,,0.0
,,,,,,,,,,,,,,,,,0.0
,,,,,,,,,,,,,,,,,1.0
,,,,,,,,,,,,,,,,,0.0
,,,,,,,,,,,,,,,,,1.0
,,,,,,,,,,,,,,,,,0.0
,,,,,,,,,,,,,,,,,1.0
,,,,,,,,,,,,,,,,,0.0
,,,,,,,,,,,,,,,,,0.0
,,,,,,,,,,,,,,,,,0.0
,,,,,,,,,,,,,,,,,0.0
,,,,,,,,,,,,,,,,,1.0
,,,,,,,,,,,,,,,,,0.0
,,,,,,,,,,,,,,,,,0.0
,,,,,,,,,,,,,,,,,0.0
,,,,,,,,,,,,,,,,,0.0
,,,,,,,,,,,,,,,,,0.0
,,,,,,,,,,,,,,,,,0.0
,,,,,,,,,,,,,,,,,0.0
,,,,,,,,,,,,,,,,,0.0
,,,,,,,,,,,,,,,,,1.0
,,,,,,,,,,,,,,,,,0.0
,,,,,,,,,,,,,,,,,0.0
