days_since_last_login,avg_monthly_usage_hours,payment_delay_days_mean,critical_ticket_ratio,avg_nps_score,revenue_at_risk,payment_consistency_score,unresolved_ratio,total_tickets,mrr_current,tenure_days,usage_per_user,feature_adoption_pct_mean,total_users,churned
37,49.9,2.6,0.0,5.0,740.3851,0.7333333333333333,0.5,2.0,116.23,367,12.475,43.1,4,0
85,17.5,3.333333333333333,0.6,6.0,6599.0147490909085,0.3333333333333333,0.2,5.0,1971.96,732,3.5,50.5,5,0
69,5.8,1.3714285714285714,0.3333333333333333,9.5,1428.7684769573286,0.8571428571428571,0.9333333333333333,3.0,201.10257142857145,732,1.9333333333333331,54.4,3,0
34,50.9,0.1739130434782608,0.1818181818181818,9.5,804.8588940711462,0.9565217391304348,0.3636363636363636,11.0,81.63,1462,25.45,45.6,2,0
42,36.1,2.5294117647058822,0.75,8.0,1250.7334548128342,0.7647058823529411,0.0,4.0,166.89,701,18.05,19.1,2,0
40,35.1,0.6153846153846154,0.4285714285714285,9.0,1577.587769030969,0.9230769230769232,0.3571428571428571,14.0,181.12,1007,35.1,88.8,1,0
8,35.2,10.5,0.1875,5.0,102.1535965909091,0.0,0.25,16.0,62.6,885,11.733333333333334,33.1,3,0
33,8.2,7.0,1.0,0.0,2230.110196363636,0.0,0.0,1.0,1982.16,1431,2.733333333333333,88.9,3,0
79,8.1,1.1428571428571428,0.3076923076923077,10.0,970.4940142857145,0.7857142857142857,0.5384615384615384,13.0,115.87,1097,8.1,71.5,1,0
91,54.4,7.5,0.0,3.5,3273.741163636364,0.0,0.3333333333333333,3.0,1394.16,1128,13.6,25.0,4,1
80,18.3,8.5,0.375,1.0,862.3515934090907,0.0,0.5,8.0,748.92,428,9.15,59.2,2,0
14,45.0,6.25,0.2727272727272727,5.0,2525.475272727272,0.0,0.0909090909090909,11.0,1150.32,185,11.25,48.3,4,0
80,16.9,0.0,0.25,1.5,3925.094727272728,1.0,0.25,4.0,956.28,428,5.633333333333333,56.5,3,0
55,9.1,0.0,0.0,1.0,4144.437818181818,1.0,0.0,2.0,834.96,154,1.82,67.0,5,0
87,34.3,0.9,0.2307692307692307,4.0,1168.5731110489512,0.9,0.3076923076923077,13.0,174.06,489,17.15,71.3,2,1
26,42.2,0.5714285714285714,0.1538461538461538,0.5,854.7842461538462,0.9428571428571428,0.3076923076923077,13.0,162.58,642,21.1,22.0,2,1
72,38.2,0.0909090909090909,0.375,8.5,1160.461744214876,0.9090909090909092,0.25,8.0,130.71,1189,12.733333333333334,86.7,3,0
80,5.6,1.6,0.2857142857142857,5.0,855.568822857143,0.84,0.2857142857142857,7.0,124.48,93,5.6,93.8,1,0
8,5.0,0.9444444444444444,0.75,3.0,301.25212020202025,0.7777777777777778,0.25,4.0,65.87,215,1.25,21.2,4,0
49,37.0,0.4242424242424242,0.0,7.5,1488.7965480991736,0.9696969696969696,0.6,5.0,171.57,1431,37.0,38.8,1,0
31,22.1,2.6666666666666665,0.1666666666666666,2.0,357.504,0.7777777777777778,0.3333333333333333,12.0,66.88,554,5.525,86.8,4,0
39,8.0,2.0,0.0714285714285714,7.5,8928.059661818177,0.6666666666666666,0.4285714285714285,14.0,1702.4399999999998,581,4.0,39.8,2,0
41,30.7,11.0,0.5,0.5,2414.376261818182,0.0,0.0,2.0,1520.04,1038,30.7,38.4,1,0
54,15.4,1.0,0.5714285714285714,0.5,422.44365584415584,0.9,0.2857142857142857,7.0,105.45,1250,7.7,83.6,2,1
6,7.9,0.4090909090909091,0.0769230769230769,6.5,653.7406291163384,0.9545454545454546,0.3076923076923077,13.0,75.06,398,2.6333333333333333,70.1,3,0
9,37.7,4.333333333333333,0.4166666666666667,7.5,7417.2884639730655,0.6666666666666666,0.25,12.0,1525.176666666667,1431,37.7,57.3,1,0
36,16.0,0.4680851063829787,0.0,7.5,445.8542793036751,0.9148936170212766,0.9333333333333333,1.0,61.18,1342,3.2,78.3,5,0
62,38.7,0.9777777777777776,0.3,6.0,1024.0626555151514,0.8888888888888888,0.1,10.0,126.69,1250,7.74,89.5,5,0
66,24.4,1.0,0.2,5.5,249.0495054545455,0.0,0.0,5.0,81.09,1097,12.2,72.7,2,0
19,38.3,4.888888888888889,0.3333333333333333,3.0,464.850076318743,0.4444444444444444,0.2222222222222222,9.0,103.46,428,38.3,65.0,1,0
4,23.9,4.375,0.5,6.5,791.1733295454544,0.375,0.0,8.0,139.89,1097,4.779999999999999,84.2,5,0
40,51.7,0.1111111111111111,0.3333333333333333,8.0,1366.7210666666665,0.9629629629629628,0.3333333333333333,3.0,156.41999999999996,1342,17.233333333333334,75.6,3,0
73,11.8,0.0,0.2727272727272727,1.0,2850.9447272727275,1.0,0.1818181818181818,11.0,711.12,398,5.9,68.5,2,0
20,30.3,5.75,0.4444444444444444,4.5,4924.304,0.25,0.2222222222222222,9.0,1713.0,367,30.3,72.3,1,1
32,11.9,9.0,0.2,10.0,4123.387295999999,0.0,0.2,5.0,1435.32,520,2.38,41.9,5,0
36,10.5,2.0,0.0,2.5,1265.5197163636362,0.0,0.0,1.0,678.96,1250,2.1,39.2,5,0
55,52.2,0.0,0.4615384615384615,4.5,9449.069538461536,1.0,0.3846153846153846,13.0,2089.08,367,40.87675,48.8,1,0
5,4.4,7.0,0.2,10.0,1475.169696,0.0,0.4,10.0,681.12,367,1.4666666666666668,38.5,3,0
21,26.5,4.0,0.3529411764705882,8.5,1222.919830588235,0.0,0.2941176470588235,17.0,691.68,1158,26.5,47.8,1,0
65,2.6,0.0,0.2727272727272727,4.0,11873.96509090909,1.0,0.0909090909090909,11.0,2221.32,1311,1.3,54.4,2,0
33,58.8,0.5,0.1428571428571428,0.5,6879.325090909091,0.5,0.1428571428571428,14.0,2208.0,367,11.76,88.0,5,0
7,7.4,2.2,0.2352941176470588,1.5,582.929221818182,0.8,0.1764705882352941,17.0,107.44,732,1.85,25.4,4,0
7,38.6,0.75,0.25,9.0,14264.392189090911,0.75,0.25,8.0,2352.96,398,9.65,27.2,4,0
15,44.9,1.1666666666666667,0.4615384615384615,9.5,1694.7389696969694,0.7777777777777778,0.2307692307692307,13.0,199.31,1372,22.45,49.4,2,0
3,2.8,0.375,0.2857142857142857,7.0,1345.3945045454548,0.9166666666666666,0.4285714285714285,7.0,171.22,93,0.5599999999999999,33.2,5,0
85,8.1,0.4888888888888889,0.3333333333333333,7.0,785.3259272727273,0.9333333333333332,0.6666666666666666,3.0,110.7,824,1.62,55.1,5,0
66,23.7,7.0,0.0,0.5,2167.034138181817,0.0,0.25,4.0,1125.36,551,4.74,49.4,5,0
54,11.2,3.0,0.25,0.0,3954.715265454545,0.0,0.25,8.0,2332.79,1038,2.8,73.4,4,1
61,39.1,6.0,0.4,2.0,1074.65904,0.0,0.0,5.0,1084.2,1128,19.55,90.5,2,1
64,7.9,0.0,0.5,8.0,8862.870545454547,1.0,0.1666666666666666,6.0,1421.16,1403,2.6333333333333333,54.7,3,0
11,46.8,3.272727272727273,0.3,5.0,643.0835454545455,0.6363636363636364,0.2,10.0,107.67000000000002,367,9.36,80.0,5,0
52,32.7,0.0,0.375,7.0,4468.017272727273,1.0,0.125,8.0,720.12,367,32.7,81.5,1,0
1,58.8,8.2,0.5,7.0,3221.329215999999,0.0,0.1666666666666666,6.0,2073.72,1462,11.76,31.7,5,0
34,44.0,3.2142857142857144,0.4545454545454545,2.5,408.70987012987007,0.7142857142857143,0.3636363636363636,11.0,89.66,93,8.8,56.4,5,0
70,11.0,0.1521739130434782,0.4285714285714285,7.0,569.6937549407114,0.9782608695652174,0.4285714285714285,7.0,73.99,336,2.2,30.4,5,0
82,56.4,2.6,0.5,5.0,796.8720666666666,0.6,0.1666666666666666,6.0,145.45,62,14.1,85.5,4,0
9,22.0,8.5,0.0,7.0,694.8275727272727,0.0,0.9333333333333333,1.0,617.4,520,22.0,89.4,1,0
49,21.2,0.1590909090909091,0.4,2.0,331.6375907024793,0.9772727272727272,0.2,5.0,57.5375,916,4.24,81.8,5,0
45,44.7,1.7,0.0714285714285714,7.5,552.5103227272725,0.8,0.4285714285714285,14.0,68.05,854,11.175,65.2,4,0
48,45.8,4.5,0.1538461538461538,4.5,9152.363963076925,0.5,0.2307692307692307,13.0,2314.44,398,11.45,25.3,4,0
68,13.5,1.5789473684210529,1.0,8.0,827.3075598086125,0.7894736842105263,0.0,2.0,118.3,763,6.75,45.4,2,0
15,10.1,0.0,0.3333333333333333,6.0,609.7890909090909,1.0,0.2,15.0,74.2,763,2.525,27.0,4,0
27,36.9,2.333333333333333,1.0,5.0,6369.520640000001,0.6666666666666666,0.0,1.0,1854.48,793,18.45,69.4,2,0
40,50.7,4.25,0.75,10.0,410.80875,0.5,0.25,8.0,63.25,1158,16.900000000000002,35.6,3,0
20,26.7,4.8,0.0,6.5,6612.377367272728,0.0,0.0,4.0,2294.4,1189,26.7,64.4,1,0
14,13.9,5.0,0.3333333333333333,9.0,8187.080999999998,0.25,0.2222222222222222,9.0,2019.6,32,3.475,67.0,4,0
29,49.7,0.2666666666666666,0.3076923076923077,3.5,898.4701038694639,0.9666666666666668,0.2307692307692307,13.0,133.84,1311,16.566666666666666,88.9,3,0
31,9.6,8.0,0.3571428571428571,6.5,2698.23204,0.0,0.1428571428571428,14.0,1004.52,62,1.92,62.7,5,1
81,28.8,1.2045454545454546,0.0,4.5,631.3020848484848,0.8863636363636364,0.6666666666666666,3.0,96.44,246,14.4,42.8,2,1
41,16.6,0.8666666666666667,0.3636363636363636,6.0,998.0178545454544,0.9111111111111112,0.4545454545454545,11.0,142.7,215,4.15,39.3,4,0
1,3.7,8.25,0.6,7.0,2190.063616363636,0.0,0.1,10.0,850.8,763,1.2333333333333334,14.5,3,0
90,5.2,0.0,0.6363636363636364,3.0,8629.396363636362,1.0,0.2727272727272727,11.0,2260.08,246,1.7333333333333334,29.8,3,1
75,12.4,0.4827586206896552,0.3571428571428571,10.0,738.2255965517244,0.9655172413793104,0.2857142857142857,14.0,74.83000000000001,1372,4.133333333333334,37.7,3,0
61,3.0,12.75,0.4,7.0,1902.4501439999997,0.0,0.1333333333333333,15.0,912.12,489,3.0,64.6,1,0
10,58.3,0.0,0.5,3.0,1088.6181818181817,1.0,0.1666666666666666,12.0,176.1,1431,14.575,58.1,4,0
68,19.2,0.5172413793103449,0.5714285714285714,10.0,875.7081576354682,0.9310344827586208,0.2857142857142857,7.0,96.54,824,19.2,93.8,1,0
65,39.2,1.0454545454545454,0.0,9.0,1294.7304735537189,0.9090909090909092,0.5,4.0,137.26,1007,9.8,16.9,4,0
72,26.0,3.5,0.2307692307692307,6.0,1167.462565034965,0.5,0.3076923076923077,13.0,195.86,123,26.0,50.2,1,0
17,48.6,0.1627906976744186,0.1538461538461538,5.0,1122.4334769230768,0.9767441860465116,0.2307692307692307,13.0,140.03,612,40.87675,32.3,1,0
4,47.5,0.0,0.3333333333333333,-1.0,6040.062000000001,1.0,0.25,9.0,1917.48,246,23.75,29.7,2,0
51,7.8,0.6666666666666666,0.0,0.0,8960.268392727274,0.6666666666666666,0.0,1.0,2359.32,551,2.6,47.4,3,0
81,23.1,0.825,0.25,9.0,1293.9374163068182,0.9,0.375,8.0,143.01,1219,11.55,18.0,2,1
52,54.4,1.5416666666666667,0.5,7.5,1263.038084848485,0.8333333333333334,0.5,4.0,182.48,123,27.2,94.8,2,1
35,21.2,11.0,0.25,4.0,3517.2915463636364,0.0,0.0,8.0,1791.12,32,7.066666666666666,23.1,3,0
80,25.0,0.5,0.3333333333333333,10.0,621.9172842105263,0.9473684210526316,0.25,9.0,61.04,367,6.25,52.3,4,0
16,8.0,9.333333333333334,0.0,7.0,1875.4220727272725,0.0,0.1428571428571428,7.0,1134.12,1097,2.0,23.2,4,0
49,38.1,0.9565217391304348,0.2142857142857142,0.5,938.6725183512136,0.8695652173913043,0.2142857142857142,14.0,182.75,1219,12.7,20.5,3,0
52,58.5,1.7,0.3125,9.5,1047.7570861363638,0.8,0.3125,16.0,119.67,398,29.25,20.7,2,1
10,14.4,0.0,0.3571428571428571,5.0,8839.727999999997,1.0,0.2142857142857142,14.0,1733.28,123,3.6,76.0,4,0
38,55.1,0.8214285714285714,0.0,7.0,1875.2496623376624,0.8928571428571429,0.0,2.0,192.3,977,18.366666666666667,84.6,3,0
73,41.3,0.9310344827586208,0.4285714285714285,9.5,544.9732213166144,0.8275862068965517,0.2142857142857142,14.0,61.28,1128,10.325,13.8,4,0
41,45.3,0.0,0.3333333333333333,8.0,12845.780181818183,1.0,0.25,9.0,1950.36,428,15.1,56.1,3,0
72,20.2,0.0,0.5454545454545454,3.0,1242.3136363636363,1.0,0.0909090909090909,11.0,198.05,701,5.05,35.9,4,0
17,7.8,0.0,0.3076923076923077,0.5,7359.765734265733,1.0,0.4615384615384615,13.0,2331.0,793,3.9,38.7,2,0
43,8.7,6.0,0.3333333333333333,2.5,236.81061818181823,0.0,0.6666666666666666,3.0,141.88,307,2.9,43.4,3,0
26,34.7,0.0,0.4545454545454545,2.5,734.8418181818181,1.0,0.5454545454545454,11.0,149.69,977,6.94,48.9,5,1
64,59.2,0.0,1.0,8.0,2837.474181818181,1.0,0.9333333333333333,2.0,825.7199999999999,612,14.8,78.5,4,0
63,2.3,8.0,0.5714285714285714,4.0,1403.2950981818185,0.0,0.2857142857142857,14.0,1320.24,1462,0.4599999999999999,31.0,5,0
30,27.2,6.2,0.0909090909090909,2.0,2293.3683665454546,0.0,0.0909090909090909,11.0,2112.96,367,27.2,31.5,1,1
31,25.8,1.5714285714285714,0.1818181818181818,9.0,934.691703896104,0.7857142857142857,0.3636363636363636,11.0,107.89,520,5.16,39.6,5,0
85,53.4,0.0,0.5,7.5,5794.930909090908,1.0,0.1666666666666666,6.0,958.56,1372,26.7,55.1,2,0
50,45.2,6.6,0.1666666666666666,0.0,181.77859636363635,0.0,0.0,6.0,89.49,1281,15.066666666666668,55.6,3,0
7,5.3,7.666666666666667,0.2727272727272727,5.0,2197.0416872727264,0.0,0.1818181818181818,11.0,1594.4399999999998,123,2.65,16.4,2,0
26,20.1,9.666666666666666,0.1,9.0,4820.567400727273,0.0,0.0,10.0,1417.4399999999998,1342,20.1,12.8,1,0
84,29.3,8.666666666666666,0.25,1.0,3096.770701818182,0.0,0.25,4.0,1789.32,489,5.86,71.2,5,1
2,5.8,0.45,0.2857142857142857,6.0,1089.9667168831163,0.95,0.4285714285714285,7.0,146.1,885,5.8,82.3,1,0
58,43.3,0.0,0.375,4.5,1181.22375,1.0,0.5,16.0,185.29,1097,21.65,84.3,2,1
44,15.2,5.5,0.1666666666666666,7.0,2083.988887272728,0.0,0.1666666666666666,6.0,1014.72,1038,15.2,27.0,1,0
38,46.1,1.0769230769230769,0.2142857142857142,6.5,1316.877571228771,0.8461538461538461,0.2142857142857142,14.0,163.29,489,23.05,39.7,2,0
17,18.5,6.0,0.2,2.0,2502.008666181818,0.0,0.2,5.0,2135.88,1372,4.625,41.1,4,0
29,56.3,0.7575757575757576,0.125,5.5,645.1674380165289,0.8484848484848485,0.375,8.0,87.24,1066,14.075,24.0,4,1
4,6.9,6.8,0.1818181818181818,8.5,4470.053341090909,0.0,0.4545454545454545,11.0,2057.76,276,6.9,28.3,1,0
75,47.1,0.0,0.3076923076923077,8.5,1291.8025174825175,1.0,0.3846153846153846,13.0,141.88,276,15.7,55.0,3,0
74,45.5,8.666666666666666,0.125,5.5,1974.4373599999997,0.0,0.375,8.0,1024.44,1158,40.87675,56.1,1,0
36,34.0,1.2666666666666666,0.3333333333333333,5.0,1000.4768977777778,0.8,0.3333333333333333,9.0,160.31,1372,17.0,51.8,2,0
2,23.2,2.9166666666666665,0.2,5.0,835.0749333333333,0.5833333333333334,0.2,10.0,138.64,215,11.6,71.9,2,0
89,35.0,0.0,0.25,6.0,10153.709999999995,1.0,0.3333333333333333,12.0,1797.84,123,17.5,80.6,2,1
34,15.8,1.3,0.4,7.0,388.3647250909093,0.85,0.4,5.0,53.220000000000006,1372,5.266666666666667,92.6,3,0
53,35.9,0.0,0.1666666666666666,3.5,453.2972727272728,1.0,0.3333333333333333,6.0,65.18,1342,8.975,61.9,4,1
27,9.8,2.1666666666666665,0.2142857142857142,4.0,422.1132246753247,0.3333333333333333,0.2142857142857142,14.0,86.96999999999998,398,3.266666666666667,57.1,3,0
40,46.9,0.1,0.3571428571428571,9.5,1429.1149771428572,0.9666666666666668,0.2857142857142857,14.0,148.42,701,23.45,92.1,2,0
70,45.1,0.275,0.0714285714285714,2.0,686.010559090909,0.975,0.4285714285714285,14.0,113.42,1311,15.033333333333331,61.2,3,0
32,46.8,1.625,0.3636363636363636,4.0,1031.1633818181815,0.7916666666666666,0.3636363636363636,11.0,178.01,763,15.6,90.1,3,0
84,46.3,0.0,0.25,5.0,5039.28409090909,1.0,0.0,4.0,844.68,581,15.433333333333332,52.2,3,1
81,43.0,1.0,0.3333333333333333,1.0,585.6341333333332,0.8571428571428571,0.3333333333333333,9.0,124.78,1281,8.6,78.1,5,1
1,48.8,0.0,0.0,0.5,988.7045454545452,1.0,0.0,1.0,145.01,398,40.87675,60.4,1,0
50,30.4,5.0,0.5,2.5,5085.845727272726,0.3333333333333333,0.1428571428571428,14.0,1918.2,793,7.6,29.6,4,1
87,12.4,0.0,0.4,2.5,5088.972763636363,1.0,0.3,10.0,1251.48,276,4.133333333333334,74.7,3,1
52,12.4,0.8292682926829268,0.5,0.0,342.48311019955656,0.8780487804878049,0.3333333333333333,12.0,90.69,1158,6.2,55.7,2,1
1,4.0,8.0,0.2727272727272727,8.0,5520.110399999999,0.3333333333333333,0.3636363636363636,11.0,1428.5999999999997,1250,0.8,67.1,5,0
59,48.7,8.0,0.5454545454545454,4.5,1062.8351999999998,0.0,0.2727272727272727,11.0,869.8799999999999,1250,9.74,59.0,5,1
54,29.0,0.75,0.25,9.5,4697.794996363637,0.75,0.0,4.0,702.72,1311,14.5,50.4,2,0
23,50.0,1.3235294117647058,0.1818181818181818,0.0,359.6792727272727,0.8529411764705882,0.4545454545454545,11.0,84.54,185,10.0,51.6,5,0
35,11.2,0.7407407407407407,0.2307692307692307,7.5,731.37186013986,0.925925925925926,0.4615384615384615,13.0,89.19,185,5.6,65.8,2,0
38,21.6,0.0,0.125,9.0,1002.2236363636364,1.0,0.375,8.0,100.68,1403,7.2,46.5,3,0
51,39.3,0.3076923076923077,0.3333333333333333,3.0,710.8007503496503,0.9230769230769232,0.25,9.0,110.87,1097,39.3,27.1,1,1
38,7.2,0.0,0.1666666666666666,0.5,863.625,1.0,0.25,12.0,155.1,793,3.6,19.7,2,0
18,28.7,5.6,0.4615384615384615,4.5,1849.365193846153,0.0,0.2307692307692307,13.0,1713.8399999999997,793,7.175,51.4,4,0
24,57.2,1.4827586206896552,0.3333333333333333,1.5,550.7955460815047,0.8275862068965517,0.25,9.0,103.92,854,14.3,94.9,4,0
50,21.6,4.8,0.5,3.0,2150.8663221818183,0.0,0.375,8.0,1355.28,701,10.8,57.9,2,0
2,41.0,0.8125,0.4,2.0,1031.3742730303031,0.875,0.1333333333333333,15.0,183.31,1403,13.666666666666666,16.8,3,0
77,26.3,0.4411764705882353,0.25,2.5,633.4736430481283,0.9705882352941176,0.5,4.0,113.95,673,26.3,13.3,1,0
37,38.5,0.0,0.6,1.5,832.0543636363636,1.0,0.2,5.0,167.63,642,38.5,54.7,1,0
58,43.2,0.1363636363636363,0.3076923076923077,7.0,503.4345299427844,0.9545454545454546,0.2307692307692307,13.0,58.93999999999999,612,40.87675,47.7,1,1
1,12.0,6.0,0.375,5.0,2029.3850945454544,0.0,0.125,8.0,810.84,1250,2.4,84.1,5,0
22,27.0,0.0,0.5,0.0,1942.6450909090909,1.0,0.25,8.0,646.08,977,5.4,71.0,5,1
22,12.3,4.666666666666667,0.4,2.5,3690.223264,0.3333333333333333,0.4,5.0,1505.64,1431,2.46,18.3,5,0
23,26.3,0.0,0.5714285714285714,1.0,555.8057142857143,1.0,0.2857142857142857,14.0,122.98,1007,8.766666666666667,94.9,3,1
18,5.4,1.5,1.0,3.0,4716.214821818182,0.5,0.0,1.0,1757.04,93,1.08,19.0,5,0
69,53.3,6.0,0.2727272727272727,1.0,1440.9464236363638,0.0,0.3636363636363636,11.0,1690.44,1128,13.325,17.4,4,0
64,48.5,0.3157894736842105,0.25,6.0,1433.1403334928227,0.9473684210526316,0.25,8.0,177.33,701,16.166666666666668,91.1,3,0
85,9.2,8.6,0.2,0.0,1408.3004951272728,0.0,0.5333333333333333,15.0,2284.44,280,4.6,30.0,2,1
47,46.9,0.525,0.3636363636363636,6.5,514.0424290909092,0.9,0.4545454545454545,11.0,71.12,520,23.45,89.9,2,0
15,30.8,0.3809523809523809,0.125,0.5,768.8642763760047,0.9523809523809524,0.375,8.0,148.4852380952381,646,30.8,85.6,1,0
81,39.4,1.2962962962962965,0.4285714285714285,9.0,970.1838518518516,0.8888888888888888,0.3571428571428571,14.0,113.95999999999998,612,9.85,30.6,4,0
48,2.2,2.2916666666666665,0.3636363636363636,5.0,958.4446969696968,0.7916666666666666,0.3636363636363636,11.0,159.64,551,0.7333333333333334,81.3,3,0
67,49.2,3.0,0.3333333333333333,9.0,560.1477024793389,0.7272727272727273,0.25,9.0,66.7,612,12.3,44.3,4,0
59,20.8,0.25,0.4444444444444444,9.0,10490.546690909092,0.75,0.1111111111111111,9.0,1753.2,32,20.8,23.2,1,0
10,57.2,0.0,0.3333333333333333,9.5,9751.98,1.0,0.3333333333333333,9.0,1432.2,428,40.87675,39.8,1,0
47,3.6,7.2,0.4444444444444444,9.0,657.8668242424243,0.0,0.1111111111111111,9.0,148.7,885,0.72,74.8,5,0
33,46.5,0.9705882352941176,0.1666666666666666,5.0,978.4119786096256,0.9117647058823528,0.5,6.0,141.7,673,9.3,48.2,5,0
58,6.7,3.0,0.4,3.0,2720.708928,0.0,0.3333333333333333,15.0,1968.96,1219,1.675,68.5,4,0
39,57.4,0.25,0.3333333333333333,7.5,4397.182394181818,0.75,0.0666666666666666,15.0,762.24,336,28.7,20.8,2,0
34,23.3,1.0,0.5833333333333334,6.5,703.5428938689217,0.8837209302325582,0.3333333333333333,12.0,102.48,62,11.65,38.6,2,0
78,9.8,1.3571428571428572,0.5,3.0,590.73517987013,0.6428571428571429,0.375,16.0,130.86,1128,9.8,47.8,1,0
82,50.7,0.7894736842105263,0.25,10.0,1087.0151842105265,0.8947368421052632,0.5,4.0,118.34,1462,40.87675,64.3,1,1
77,28.6,0.2439024390243902,0.4,0.0,407.1763973392461,0.975609756097561,0.0,5.0,77.24,1219,5.720000000000001,29.6,5,0
39,15.9,7.5,0.3333333333333333,9.0,3588.7878409090918,0.0,0.1666666666666666,6.0,2289.0,977,15.9,78.6,1,0
21,30.5,0.0,0.1111111111111111,1.0,707.8151748251747,1.0,0.2222222222222222,9.0,116.20846153846152,612,30.5,70.2,1,1
58,54.9,2.875,0.0,3.0,778.3846402597404,0.75,0.2857142857142857,7.0,124.17,154,10.98,74.6,5,1
41,6.8,0.0,0.4285714285714285,9.0,711.6923376623378,1.0,0.2857142857142857,7.0,76.43,854,3.4,86.4,2,0
40,12.6,4.363636363636363,0.3571428571428571,8.5,1220.2032602125146,0.5454545454545454,0.4285714285714285,14.0,185.94,642,4.2,73.9,3,0
2,42.3,4.0,0.25,3.5,7066.637149090908,0.3333333333333333,0.25,4.0,2268.12,1372,8.459999999999999,86.9,5,0
7,19.8,0.0,0.3,3.0,777.9436363636364,1.0,0.3,10.0,121.9,612,3.96,63.5,5,0
51,27.4,6.2,0.25,0.0,1210.0906363636363,0.0,0.625,8.0,1302.0,1250,5.48,79.8,5,1
15,21.6,0.6875,0.0769230769230769,3.0,1076.77254020979,0.8125,0.1538461538461538,13.0,159.45,185,10.8,28.4,2,0
80,58.3,4.666666666666667,0.3571428571428571,5.0,5658.868799999998,0.3333333333333333,0.5714285714285714,14.0,1960.8,489,29.15,61.4,2,0
65,35.5,7.0,0.25,2.5,1296.1149027272727,0.0,0.3333333333333333,12.0,991.08,1066,17.75,88.7,2,0
49,55.3,0.5,0.5,1.5,735.7483636363637,0.8666666666666667,0.5,2.0,181.3,185,18.433333333333334,13.3,3,0
13,14.7,6.0,0.7142857142857143,3.5,2055.084741818182,0.3333333333333333,0.1428571428571428,7.0,796.32,185,7.35,10.6,2,0
58,27.5,9.4,0.25,10.0,2876.245764,0.0,0.4375,16.0,2095.32,581,5.5,68.1,5,0
73,53.1,4.666666666666667,0.1,8.0,5860.06512,0.3333333333333333,0.4,10.0,1399.92,1311,26.55,47.8,2,0
20,35.3,2.7,0.4444444444444444,8.0,963.0834745454548,0.6,0.3333333333333333,9.0,143.61,854,7.06,85.7,5,0
54,20.6,0.0,0.2307692307692307,3.0,3474.9566433566424,1.0,0.3076923076923077,13.0,756.0,1066,4.12,64.9,5,0
35,53.2,1.5,0.6666666666666666,9.5,487.471393939394,0.8333333333333334,0.5,12.0,65.35,246,40.87675,87.4,1,0
25,21.5,14.5,0.4545454545454545,2.0,1869.8329745454544,0.0,0.3636363636363636,11.0,2034.84,246,7.166666666666667,51.3,3,0
25,23.5,1.0666666666666669,0.2666666666666666,2.0,547.3821226666666,0.9111111111111112,0.2666666666666666,15.0,95.61,185,5.875,40.8,4,0
10,46.5,0.0,0.5,7.5,3497.920363636363,1.0,0.3333333333333333,12.0,614.16,1128,11.625,52.3,4,0
43,16.8,0.0,0.2307692307692307,1.0,460.9544055944056,1.0,0.2307692307692307,13.0,80.78,1250,8.4,41.7,2,0
34,11.3,1.0857142857142856,0.2307692307692307,1.0,713.4809056543457,0.8857142857142857,0.3076923076923077,13.0,139.27,1128,2.26,64.0,5,0
83,9.0,8.8,0.3333333333333333,4.0,3032.6227901454545,0.0,0.1666666666666666,6.0,1865.478,977,4.5,22.3,2,0
83,58.1,0.0,0.3846153846153846,6.0,9539.000055944054,1.0,0.1538461538461538,13.0,1661.28,459,40.87675,67.7,1,0
20,31.6,0.2,0.2222222222222222,6.0,1257.5192565656566,0.9333333333333332,0.2222222222222222,9.0,153.53,732,10.533333333333331,47.9,3,1
20,4.8,4.0,0.2,3.0,3679.4995592727264,0.0,0.4,5.0,1740.12,32,1.2,10.5,4,0
22,5.1,0.9166666666666666,0.7142857142857143,8.0,843.04,0.875,0.4285714285714285,7.0,121.0,793,1.02,89.8,5,0
74,35.4,8.0,0.0,5.0,5762.61504,0.3333333333333333,0.9333333333333333,1.0,2237.04,1219,11.8,11.7,3,0
76,5.6,0.0,0.5454545454545454,9.0,5943.167999999999,1.0,0.3636363636363636,11.0,972.84,763,1.12,54.4,5,0
10,32.6,0.0,0.1428571428571428,8.5,5537.96509090909,1.0,0.0,7.0,735.7199999999999,889,6.5200000000000005,51.6,5,0
50,41.5,0.4545454545454545,0.0,2.5,1105.8033140495868,0.8181818181818182,0.0,3.0,154.31,1250,10.375,50.3,4,0
87,12.5,0.0,0.4,5.0,7187.345454545453,1.0,0.2666666666666666,15.0,1411.8,1128,3.125,31.4,4,1
61,43.4,0.8709677419354839,0.0,4.0,1309.9788709677418,0.8709677419354839,0.3333333333333333,3.0,182.35,307,8.68,85.6,5,1
19,40.2,7.4,0.4444444444444444,0.0,119.02843838383838,0.0,0.1111111111111111,9.0,62.45,1462,40.2,27.9,1,0
52,6.4,0.0,1.0,8.0,683.527972027972,1.0,0.9333333333333333,1.0,139.23717948717947,793,2.1333333333333333,77.6,3,1
56,6.9,0.5882352941176471,0.5,3.0,604.8978181818181,0.9411764705882352,0.5,2.0,120.76,398,2.3000000000000003,75.0,3,1
77,52.3,0.2941176470588235,0.6666666666666666,6.0,894.4133290552584,0.9411764705882352,0.2666666666666666,15.0,131.57,93,40.87675,51.8,1,0
43,40.2,1.1025641025641026,0.25,0.0,354.6032391608392,0.8717948717948718,0.25,8.0,75.69,215,20.1,32.5,2,0
30,37.9,8.8,0.3636363636363636,4.0,3473.296206545455,0.0,0.1818181818181818,11.0,2177.64,1038,9.475,41.9,4,0
71,14.1,5.5,0.3333333333333333,4.0,2929.523252727273,0.25,0.25,9.0,984.24,307,3.525,27.2,4,0
46,33.5,0.0,0.3333333333333333,10.0,1620.06,1.0,0.2222222222222222,9.0,156.78,154,8.375,71.2,4,0
87,9.3,10.0,0.4444444444444444,5.0,2674.485333333333,0.0,0.3333333333333333,9.0,1599.36,1007,4.65,89.3,2,0
50,6.5,0.0,0.1111111111111111,9.0,4755.499636363636,1.0,0.4444444444444444,9.0,694.08,763,1.625,45.1,4,1
62,10.7,0.0,0.2307692307692307,0.5,997.7924475524476,1.0,0.3076923076923077,13.0,191.78,642,5.35,78.5,2,0
78,52.2,1.40625,0.2857142857142857,2.5,444.52378246753256,0.84375,0.1428571428571428,7.0,73.55,916,10.44,70.6,5,0
51,32.2,11.333333333333334,0.2857142857142857,2.0,115.32242943722946,0.0,0.1428571428571428,14.0,55.97,276,32.2,68.4,1,0
4,14.2,6.6,0.5,1.0,82.62386181818184,0.0,0.25,4.0,61.84000000000001,1311,7.1,86.7,2,0
43,52.7,1.3225806451612905,0.1666666666666666,8.5,1124.4379727272726,0.8709677419354839,0.3333333333333333,12.0,125.33,1097,40.87675,92.0,1,0
52,10.2,5.5,0.4166666666666667,9.0,3837.936581818181,0.0,0.25,12.0,1251.6,1281,2.55,38.8,4,1
9,27.4,0.0,0.2,4.0,863.9050909090909,1.0,0.2,5.0,114.77,793,27.4,50.6,1,0
22,50.3,3.0,0.25,3.0,7915.966036363638,0.5,0.25,4.0,2318.4,520,16.766666666666666,70.5,3,0
81,23.3,0.2,0.75,7.0,590.2559345454546,0.8666666666666667,0.5,4.0,95.76,1097,5.825,68.8,4,1
55,43.6,0.0,0.3333333333333333,2.0,793.56,1.0,0.6666666666666666,3.0,171.16,459,40.87675,82.0,1,0
37,4.1,5.666666666666667,0.6,6.0,4960.049410909091,0.3333333333333333,0.0,5.0,1405.2,367,0.82,14.1,5,0
60,56.0,0.0833333333333333,0.0,3.0,1162.8409386363635,0.9166666666666666,0.5,2.0,181.7025,732,40.87675,76.0,1,0
87,33.9,0.1702127659574468,0.2857142857142857,1.0,848.575594694667,0.9787234042553192,0.4285714285714285,7.0,173.54,642,8.475,11.2,4,1
50,2.8,11.0,0.5333333333333333,8.0,1024.4280683636366,0.0,0.2,15.0,681.24,520,0.7,73.8,4,1
67,25.3,1.0,1.0,0.0,608.8694857142857,0.8571428571428571,0.0,1.0,186.28,520,5.0600000000000005,18.2,5,0
22,7.1,9.75,0.3333333333333333,3.0,1215.5567645454546,0.0,0.25,9.0,911.88,1189,7.1,82.4,1,0
67,17.4,8.0,0.4285714285714285,4.0,2220.3133963636365,0.0,0.2857142857142857,14.0,1245.84,154,5.8,57.3,3,0
44,7.0,11.0,0.625,8.0,2672.3485472727275,0.0,0.125,8.0,1349.64,336,1.4,33.2,5,0
49,20.9,2.333333333333333,0.2222222222222222,0.5,533.5217552188553,0.75,0.2222222222222222,9.0,113.18,1097,20.9,13.0,1,0
33,46.0,0.16,0.2,10.0,1825.1541152,0.92,0.1,10.0,171.47,246,11.5,38.0,4,0
69,37.8,0.8484848484848485,0.2857142857142857,3.0,926.559684848485,0.9090909090909092,0.2857142857142857,7.0,150.98,367,12.6,94.6,3,0
65,8.7,0.4166666666666667,0.2727272727272727,7.5,705.915818181818,0.875,0.0,11.0,76.92,489,2.175,63.5,4,0
46,28.3,5.0,0.3333333333333333,6.5,2999.890472727272,0.0,0.25,9.0,1068.96,1097,9.433333333333334,10.6,3,0
33,16.2,8.8,0.3333333333333333,2.0,2385.9216461818187,0.0,0.0833333333333333,12.0,1660.92,62,8.1,33.4,2,0
1,40.8,0.0,0.3333333333333333,4.5,986.7,1.0,0.25,9.0,131.56,93,40.8,83.4,1,0
35,4.4,6.6,0.3,0.0,1661.9640087272724,0.0,0.2,10.0,1704.9599999999998,1158,1.4666666666666668,63.5,3,0
39,57.0,0.8695652173913043,0.4285714285714285,2.0,351.16412252964426,0.8695652173913043,0.2857142857142857,14.0,68.81,307,14.25,27.1,4,0
60,14.6,13.0,1.0,6.0,2913.5508945454544,0.0,0.3333333333333333,3.0,1730.76,946,3.65,63.3,4,1
10,39.0,2.6666666666666665,1.0,3.5,487.2870303030303,0.6666666666666666,0.0,1.0,109.54,1038,19.5,26.6,2,0
58,10.9,1.0,0.3333333333333333,5.5,1642.9327515151515,0.0,0.2222222222222222,9.0,603.84,246,2.725,39.7,4,1
18,5.0,1.088235294117647,0.3333333333333333,8.5,435.720491503268,0.8529411764705882,0.4444444444444444,9.0,53.57,1039,5.0,65.2,1,0
46,3.7,0.0,0.0,5.0,13099.731272727273,1.0,0.3333333333333333,3.0,2262.12,32,1.2333333333333334,60.7,3,0
54,38.4,0.0,0.1818181818181818,2.5,1208.3863636363635,1.0,0.1818181818181818,11.0,177.23,885,12.8,49.9,3,1
75,27.4,7.6,0.2,4.0,176.21268945454543,0.0,0.6,5.0,133.04,428,27.4,32.8,1,0
63,51.5,1.2105263157894737,0.5454545454545454,6.5,1067.4697607655503,0.8947368421052632,0.0909090909090909,11.0,138.9,701,25.75,56.8,2,0
5,4.0,5.25,0.0,6.5,2491.2716563636363,0.0,0.6666666666666666,6.0,945.96,701,0.8,41.6,5,0
45,57.7,2.333333333333333,0.5,9.0,6483.502327272727,0.0,0.5,6.0,2261.4,1158,40.87675,18.7,1,0
90,26.5,0.9302325581395348,0.25,1.0,931.8858756166314,0.9069767441860463,0.3333333333333333,12.0,184.19,1315,6.625,51.0,4,1
23,23.8,8.6,0.2142857142857142,4.0,1240.7379447272729,0.0,0.2142857142857142,14.0,622.44,1158,7.933333333333334,65.4,3,1
68,6.2,2.6666666666666665,0.4,6.5,1071.7861585454546,0.0,0.2,5.0,654.36,32,2.066666666666667,24.4,3,0
61,12.0,1.1176470588235294,0.6666666666666666,8.5,1309.1629340463458,0.9117647058823528,0.6666666666666666,3.0,192.2,885,6.0,64.4,2,0
82,29.3,7.5,0.6666666666666666,2.5,812.1501818181816,0.0,0.3333333333333333,3.0,787.8,62,9.766666666666667,60.0,3,0
38,16.2,0.0,0.4615384615384615,5.5,440.7079720279721,1.0,0.1538461538461538,13.0,57.24,854,8.1,15.2,2,0
3,26.9,3.25,0.4166666666666667,4.0,3651.2784,0.0,0.25,12.0,1922.4,673,8.966666666666667,29.0,3,0
53,53.0,0.3333333333333333,0.4,5.0,6218.273599999999,0.6666666666666666,0.1,10.0,1425.12,489,17.666666666666668,10.9,3,0
20,15.6,4.333333333333333,0.2,0.0,3995.942923636364,0.6666666666666666,0.6,5.0,1711.8,520,3.12,69.6,5,0
13,4.2,3.5,0.2941176470588235,3.0,2191.384130053476,0.25,0.2352941176470588,17.0,789.12,428,1.05,82.5,4,0
89,36.7,0.3333333333333333,0.6,1.5,696.4423792929293,0.9583333333333334,0.2666666666666666,15.0,149.65,1281,18.35,90.9,2,1
67,49.5,1.1176470588235294,0.3846153846153846,5.0,348.7112110242698,0.8823529411764706,0.3076923076923077,13.0,51.9,916,16.5,75.5,3,1
52,17.5,4.0,0.3333333333333333,4.0,1402.37552,0.0,0.9333333333333333,3.0,1063.92,1007,5.833333333333333,76.6,3,0
15,37.9,2.2,0.3333333333333333,0.0,540.9518787878787,0.6,0.3333333333333333,15.0,151.54,246,7.58,49.5,5,0
11,13.2,13.0,0.4444444444444444,9.0,4415.138288484848,0.0,0.1111111111111111,9.0,1559.04,1011,2.64,91.0,5,0
77,43.0,3.75,0.1,1.0,4503.407007272728,0.75,0.5,10.0,1430.52,520,8.6,85.2,5,0
30,40.5,0.0,0.1818181818181818,5.0,1078.404545454545,1.0,0.3636363636363636,11.0,146.45,398,10.125,40.7,4,1
77,33.5,9.75,0.4444444444444444,9.5,5030.011636363635,0.0,0.2222222222222222,9.0,2052.0,123,6.7,44.6,5,0
63,41.8,1.1153846153846154,0.3636363636363636,8.0,423.9051692307693,0.8461538461538461,0.2727272727272727,11.0,51.440000000000005,1007,40.87675,59.0,1,0
22,40.4,0.0,0.2857142857142857,1.5,853.0971428571428,1.0,0.1428571428571428,7.0,140.36,612,20.2,77.9,2,0
28,23.1,3.75,0.5833333333333334,7.5,7036.528418181818,0.25,0.0,12.0,1885.32,551,7.7,44.7,3,1
10,54.2,0.25,0.3,0.0,288.9867369886364,0.96875,0.0,10.0,52.09,701,18.066666666666663,51.0,3,0
16,41.4,2.6666666666666665,0.375,9.0,1631.4588606060606,0.7777777777777778,0.125,8.0,188.14,977,10.35,83.8,4,0
45,4.5,0.8,0.3125,3.0,1213.8727279545456,0.9,0.125,16.0,187.06,1007,1.5,87.7,3,0
41,21.8,9.0,0.4285714285714285,8.0,3070.908785454545,0.0,0.0,7.0,1248.96,32,7.266666666666667,15.5,3,0
5,15.3,1.0416666666666667,0.4444444444444444,6.0,534.9284511784512,0.8958333333333334,0.0,9.0,67.0,701,5.1000000000000005,56.8,3,0
29,50.2,2.2777777777777777,0.5,5.0,957.0073804713804,0.7777777777777778,0.1666666666666666,6.0,150.61,946,12.55,33.0,4,0
59,55.5,4.0,0.5,3.0,2758.1054072727275,0.0,0.0,2.0,1823.76,280,18.5,44.9,3,0
74,5.0,3.7142857142857135,0.4,3.0,275.4296588744588,0.4285714285714285,0.0666666666666666,15.0,58.9,276,1.6666666666666667,34.6,3,1
2,13.2,4.75,0.3333333333333333,9.5,3700.443752727273,0.5,0.6666666666666666,3.0,843.24,1250,4.4,53.0,3,0
76,16.2,0.4482758620689655,0.3333333333333333,6.5,663.0081686520375,0.9310344827586208,0.25,9.0,80.18,977,4.05,31.4,4,0
55,35.3,7.666666666666667,0.2,3.0,2380.670045090909,0.0,0.2,5.0,1085.16,459,8.825,57.3,4,1
85,35.1,0.0,0.625,7.0,957.1254545454544,1.0,0.375,8.0,129.98,1403,17.55,29.1,2,0
20,31.7,9.5,0.7272727272727273,1.5,339.74850000000004,0.0,0.3636363636363636,11.0,190.19,398,10.566666666666666,72.2,3,1
5,24.0,5.5,0.5,8.5,507.4105363636364,0.5,0.0,2.0,73.47,551,24.0,76.6,1,0
55,46.9,5.0,0.6666666666666666,3.5,3028.8261818181827,0.5,0.3333333333333333,3.0,1106.88,428,23.45,29.8,2,1
54,42.5,1.5161290322580645,0.4285714285714285,6.0,654.3991061583579,0.8387096774193549,0.2857142857142857,7.0,93.77,185,8.5,56.6,5,1
82,40.8,0.3157894736842105,0.6666666666666666,3.5,972.2730488038276,0.8421052631578947,0.0,3.0,163.92,1066,8.16,63.4,5,0
60,15.9,0.75,0.7142857142857143,3.0,514.6540363636365,0.75,0.2857142857142857,7.0,114.16,1281,5.3,72.0,3,1
79,10.7,0.7441860465116279,0.25,2.0,981.8089568181816,0.8837209302325582,0.375,8.0,181.89,732,3.5666666666666664,90.1,3,0
35,29.8,3.875,0.4615384615384615,0.0,608.4321730769232,0.5,0.0769230769230769,13.0,170.42,398,5.96,23.6,5,0
14,38.4,0.0,0.5833333333333334,0.0,743.7163636363637,1.0,0.25,12.0,183.84,66,38.4,80.2,1,0
57,22.2,0.5,0.6,5.0,715.9689553846154,0.9230769230769232,0.0,5.0,99.99,62,7.399999999999999,69.0,3,1
74,59.0,0.0,0.2857142857142857,4.5,1544.5060714285717,1.0,0.1428571428571428,7.0,200.21375,215,40.87675,14.1,1,0
65,26.8,12.2,0.6666666666666666,8.0,1027.817157818182,0.0,0.4166666666666667,12.0,641.88,1038,13.4,63.6,2,0
10,5.7,5.333333333333333,0.4545454545454545,6.0,1634.1337599999997,0.0,0.1818181818181818,11.0,635.52,1342,1.425,74.4,4,0
8,58.7,2.25,0.0,9.0,12004.928574545454,0.75,0.5,2.0,2003.28,520,11.74,47.9,5,0
65,5.7,0.7,0.4117647058823529,10.0,805.1699126470587,0.925,0.2352941176470588,17.0,83.57,1097,1.14,84.6,5,0
87,41.1,11.6,0.4,5.5,155.44723684848483,0.0,0.4666666666666667,15.0,92.23,489,20.55,69.5,2,0
49,57.4,0.7837837837837838,0.2,5.0,579.8118054054055,0.918918918918919,0.2,15.0,77.9,946,11.48,35.7,5,0
87,2.4,1.625,0.2,8.0,447.0337309090909,0.75,0.2,5.0,53.28,367,2.4,32.2,1,0
68,42.8,7.5,0.25,7.0,1612.5737727272726,0.0,0.25,12.0,1155.12,307,21.4,52.0,2,0
18,49.8,11.6,0.3636363636363636,7.0,4563.08624290909,0.0,0.1818181818181818,11.0,2059.56,1403,9.96,22.4,5,0
65,57.7,1.6666666666666667,0.4166666666666667,1.5,2700.3810909090907,0.6666666666666666,0.5833333333333334,12.0,1075.2,551,11.54,33.0,5,0
52,56.3,0.0,0.25,6.5,1256.6625,1.0,0.5,4.0,160.27,1066,18.766666666666666,59.3,3,0
40,37.5,11.0,0.1428571428571428,0.0,2829.824836363636,0.0,0.2857142857142857,7.0,2352.84,793,9.375,89.5,4,0
85,26.4,8.25,0.2222222222222222,2.0,1208.104087272727,0.0,0.2222222222222222,9.0,740.04,1066,13.2,28.6,2,1
30,40.7,2.25,0.5,3.0,8273.38450909091,0.75,0.0,2.0,2056.8,916,20.35,24.4,2,1
52,13.1,0.0,0.3636363636363636,9.0,1952.49,1.0,0.0909090909090909,11.0,193.49,701,4.366666666666666,16.4,3,1
80,46.7,0.0,0.2,6.5,8383.985018181816,1.0,0.2,10.0,1347.12,551,23.35,44.9,2,0
14,36.9,0.9545454545454546,0.3636363636363636,2.0,628.6403975206612,0.8181818181818182,0.2727272727272727,11.0,121.59,1250,36.9,67.1,1,0
30,37.3,0.4523809523809524,0.1428571428571428,8.0,1904.4182723562155,0.9523809523809524,0.1428571428571428,7.0,194.68,307,12.433333333333332,68.4,3,1
63,2.6,3.1666666666666665,0.5,1.0,585.7445406060606,0.6666666666666666,0.4,10.0,164.24,581,2.6,80.4,1,0
43,13.3,0.0,0.0,3.0,7223.587636363636,1.0,0.3333333333333333,3.0,1436.88,93,2.66,91.2,5,0
60,44.3,0.0,0.3,6.5,1114.4754545454543,1.0,0.1,10.0,125.34999999999998,977,8.86,45.8,5,1
45,56.4,0.1428571428571428,0.1428571428571428,9.0,1085.897475324675,0.9523809523809524,0.1428571428571428,7.0,105.07,946,40.87675,64.0,1,0
2,40.9,1.3157894736842106,0.3,0.5,767.8934354066987,0.8947368421052632,0.0,10.0,138.24,1372,8.18,47.8,5,0
56,35.5,1.6470588235294117,0.2142857142857142,7.5,607.2022110007639,0.8235294117647058,0.0714285714285714,14.0,68.93,1403,7.1,27.9,5,0
18,22.6,0.7608695652173914,0.25,5.0,813.4439021739131,0.8913043478260869,0.625,8.0,135.66,854,22.6,55.8,1,0
25,4.9,0.9285714285714286,0.5,2.0,378.73156363636366,0.9285714285714286,0.5,4.0,85.26,1342,0.98,72.2,5,0
66,49.6,0.0,0.5,0.0,752.7784090909091,1.0,0.25,4.0,175.25,1462,40.87675,23.7,1,0
60,2.5,4.25,0.375,10.0,9667.31388,0.5,0.125,8.0,1822.56,612,0.625,29.8,4,1
66,36.4,0.0,0.4666666666666667,6.0,1056.365090909091,1.0,0.0666666666666666,15.0,128.54,854,9.1,22.1,4,0
59,20.7,7.333333333333333,0.25,5.0,4128.219403636364,0.0,0.25,16.0,2160.96,854,4.14,33.0,5,1
76,55.7,1.0476190476190477,0.4615384615384615,3.0,510.3908983016984,0.8809523809523809,0.2307692307692307,13.0,89.56,977,13.925,17.3,4,0
59,18.4,0.3157894736842105,0.4166666666666667,4.0,577.854528229665,0.9473684210526316,0.25,12.0,88.41,581,3.68,68.8,5,0
59,14.9,0.0,0.5,5.0,5164.739999999998,1.0,0.0,2.0,983.76,32,14.9,66.5,1,0
34,28.5,10.75,0.2307692307692307,6.0,2327.5728469930064,0.0,0.0769230769230769,13.0,1343.04,1128,9.5,84.2,3,0
3,34.5,0.7894736842105263,0.3333333333333333,8.0,842.9392631578949,0.8947368421052632,0.3333333333333333,3.0,100.43,276,17.25,22.0,2,0
65,49.3,3.555555555555556,0.3076923076923077,7.0,872.9694079254077,0.5555555555555556,0.0769230769230769,13.0,125.7,336,9.86,44.2,5,0
81,23.6,10.0,0.2857142857142857,4.0,1213.9786363636365,0.0,0.5714285714285714,7.0,1352.28,336,11.8,84.0,2,0
57,46.5,0.9791666666666666,0.25,6.0,607.5729624999999,0.9166666666666666,0.25,8.0,76.74,336,15.5,29.2,3,0
61,54.5,0.1282051282051282,0.3076923076923077,0.0,388.0266544737315,0.9743589743589745,0.5384615384615384,13.0,98.18,1281,18.166666666666668,65.6,3,1
17,6.2,0.0,0.8,1.0,370.1809090909092,1.0,0.6,5.0,128.05,93,1.24,10.8,5,0
20,53.8,7.0,0.4444444444444444,9.0,1761.7644121212115,0.0,0.4444444444444444,9.0,944.16,1128,13.45,54.1,4,0
20,49.3,0.525,0.2857142857142857,0.5,942.3031944155844,0.9,0.2857142857142857,7.0,195.06,154,24.65,42.5,2,1
7,52.4,0.8,0.3333333333333333,7.0,499.82875151515145,0.92,0.3333333333333333,12.0,62.6,1281,26.2,85.2,2,0
42,23.3,2.7777777777777777,0.1428571428571428,1.0,419.80158730158735,0.6666666666666666,0.2857142857142857,7.0,88.75,612,7.766666666666667,77.0,3,0
35,56.2,0.09375,0.2,4.0,1026.4243595454543,0.96875,0.0,5.0,128.38,642,11.24,82.0,5,0
1,23.0,0.9069767441860463,0.5,5.0,1084.8661534883722,0.9302325581395348,0.0,2.0,145.53,885,4.6,16.3,5,0
24,32.9,3.1666666666666665,0.4375,3.0,505.7488311553032,0.75,0.25,16.0,96.79,701,16.45,77.6,2,0
31,12.3,2.0,0.2,4.0,3182.812049454545,0.6666666666666666,0.6,5.0,876.36,1250,4.1000000000000005,44.4,3,1
63,56.5,1.5,0.2222222222222222,4.5,4378.79904,0.5,0.3333333333333333,9.0,1152.72,885,18.83333333333333,22.9,3,0
24,28.2,1.0606060606060606,0.25,8.0,1503.7990213498626,0.8787878787878788,0.0,4.0,158.77,701,14.1,81.4,2,0
40,40.0,10.0,0.3333333333333333,4.0,2105.694818181818,0.0,0.1666666666666666,6.0,1783.8,701,10.0,75.0,4,0
90,4.5,2.25,0.375,0.0,682.0990670454546,0.8,0.375,16.0,179.43,885,4.5,77.8,1,1
20,50.4,3.6666666666666665,0.1666666666666666,5.0,984.331006060606,0.4444444444444444,0.1666666666666666,6.0,170.52,854,10.08,54.6,5,0
5,40.0,8.2,0.5,6.0,1604.3386150909082,0.0,0.375,8.0,1200.84,1158,20.0,84.6,2,0
11,24.3,0.3125,0.3333333333333333,5.0,996.2167090909096,0.875,0.4666666666666667,15.0,154.96,885,8.1,81.6,3,0
16,34.7,5.5,0.4375,6.5,6218.170975227272,0.25,0.4375,16.0,2022.36,763,34.7,76.8,1,0
56,18.6,3.692307692307693,1.0,8.0,941.6485762237762,0.6153846153846154,0.0,1.0,152.04,916,4.65,45.7,4,0
35,44.9,3.1818181818181817,0.0,0.0,438.5705785123968,0.5454545454545454,0.9333333333333333,1.0,164.6,701,11.225,46.9,4,0
27,34.9,0.0,0.3333333333333333,9.5,822.8863636363637,1.0,0.1666666666666666,6.0,80.46,551,17.45,67.3,2,0
34,12.0,4.833333333333333,0.5,8.0,1088.2369414141417,0.5833333333333334,0.1666666666666666,6.0,160.84,307,4.0,78.3,3,0
24,22.6,0.0,0.5,2.0,542.5772727272727,1.0,0.0,6.0,88.42,32,5.65,38.8,4,1
30,21.5,0.55,0.0,10.0,1352.87548,0.925,0.0,1.0,117.58,398,10.75,62.1,2,0
30,2.4,0.75,0.2142857142857142,3.0,10049.071827272728,0.75,0.1428571428571428,14.0,2320.68,154,1.2,68.6,2,1
90,18.8,10.4,0.2,5.5,2992.6241856,0.0,0.2,5.0,1382.04,1281,3.76,42.3,5,1
22,46.1,6.25,0.0,9.0,3049.0115727272723,0.0,0.5,2.0,1419.12,701,15.366666666666667,31.7,3,0
81,48.2,0.7105263157894737,0.4166666666666667,2.5,529.6937473684211,0.9210526315789472,0.1666666666666666,12.0,89.98,916,9.64,63.1,5,0
31,56.7,0.78125,0.1428571428571428,5.0,980.90919237013,0.9375,0.2857142857142857,7.0,127.46,854,40.87675,40.5,1,1
10,45.5,0.7352941176470589,0.125,2.0,365.05081531141866,0.9117647058823528,0.25,16.0,58.9535294117647,367,15.166666666666666,39.5,3,0
40,13.8,0.0,0.0,1.0,494.5090909090909,1.0,0.9333333333333333,2.0,120.88,185,13.8,44.4,1,0
35,11.4,0.3076923076923077,0.5,7.0,1435.0753174825177,0.9230769230769232,0.1666666666666666,6.0,178.83,581,3.8,11.6,3,0
11,22.2,4.333333333333333,0.125,9.5,1074.987521212121,0.6666666666666666,0.25,8.0,126.04,1097,11.1,34.7,2,0
53,15.7,0.5777777777777777,0.1666666666666666,2.0,828.8483238383837,0.9333333333333332,0.0,6.0,120.62999999999998,1372,15.7,94.3,1,1
35,14.1,5.25,0.0,9.5,4734.701541818182,0.0,0.0,2.0,1478.88,793,7.05,59.9,2,0
60,54.0,7.2,0.4615384615384615,5.0,1918.187712,0.0,0.5384615384615384,13.0,1165.08,732,13.5,55.6,4,0
19,40.3,0.0,0.3636363636363636,0.0,644.5636363636363,1.0,0.1818181818181818,11.0,131.3,1219,8.059999999999999,58.6,5,0
91,29.1,9.5,0.0,7.0,3981.172669090909,0.0,0.0,5.0,1914.36,1038,5.82,87.1,5,0
87,46.2,0.4210526315789473,0.1333333333333333,10.0,1398.169954385965,0.9473684210526316,0.6,15.0,146.95,885,11.55,38.8,4,1
44,9.4,8.0,0.1666666666666666,5.0,1481.1765054545456,0.0,0.3333333333333333,12.0,1317.24,215,1.88,48.9,5,0
11,4.4,0.6756756756756757,0.3333333333333333,9.5,1756.9049959049962,0.8648648648648649,0.0,6.0,176.5,459,2.2,37.7,2,0
59,31.7,0.35,0.4,2.5,664.1783578181817,0.925,0.2,5.0,113.23,1128,31.7,58.3,1,1
38,10.2,6.0,0.0833333333333333,4.0,2172.098727272727,0.0,0.0833333333333333,12.0,1347.0,428,2.55,43.2,4,0
25,8.0,1.3793103448275863,0.2666666666666666,5.5,1187.893571577847,0.8620689655172413,0.4,15.0,170.78,885,2.6666666666666665,47.9,3,1
20,7.5,8.75,0.6666666666666666,4.5,3460.5956,0.0,0.0,3.0,1926.12,215,2.5,92.2,3,0
57,9.8,7.333333333333333,0.0,6.5,4960.983796363635,0.3333333333333333,0.5,2.0,1335.36,977,1.96,36.3,5,0
59,28.0,0.7575757575757576,0.2142857142857142,8.0,972.006611570248,0.9090909090909092,0.2857142857142857,14.0,108.8,367,28.0,14.7,1,1
84,54.7,0.8695652173913043,0.5,8.0,465.092371541502,0.8695652173913043,0.5,2.0,63.3,732,40.87675,89.7,1,1
90,15.9,0.0,0.25,0.0,3204.913090909091,1.0,0.25,4.0,907.44,1250,7.95,29.7,2,1
79,27.9,1.2222222222222223,0.4,5.0,471.91983151515154,0.8518518518518519,0.2,15.0,68.81,977,6.975,47.3,4,0
68,52.0,7.6,0.3333333333333333,5.0,4418.491758545454,0.0,0.25,9.0,2085.84,307,26.0,49.7,2,0
44,53.8,0.7391304347826086,0.5,10.0,609.8443704347826,0.9130434782608696,0.1,10.0,62.83,1066,40.87675,24.1,1,0
13,27.1,0.5925925925925926,0.5454545454545454,4.0,727.377925925926,0.8888888888888888,0.3636363636363636,11.0,128.9,1342,6.775,94.3,4,0
80,28.3,8.5,0.4444444444444444,6.0,3277.524693333333,0.0,0.1111111111111111,9.0,1958.16,1431,5.66,53.1,5,0
17,18.7,1.8333333333333333,0.4285714285714285,9.0,1035.081222943723,0.75,0.1428571428571428,7.0,123.17,185,9.35,71.0,2,0
21,29.8,2.75,0.2222222222222222,6.5,3280.1657636363634,0.75,0.2222222222222222,9.0,624.6,367,9.933333333333334,76.5,3,1
85,31.1,8.5,0.2,8.0,6392.479744,0.25,0.3333333333333333,15.0,1726.08,1097,31.1,78.1,1,0
77,56.0,0.8205128205128205,0.5,2.0,568.9345617715617,0.9230769230769232,0.5,2.0,128.35,1097,40.87675,44.5,1,0
68,19.1,0.0,0.3333333333333333,7.0,813.6063636363635,1.0,0.0,6.0,86.89,1038,19.1,74.8,1,0
39,43.6,4.5,0.0,3.0,3447.920814545456,0.5,0.5,4.0,1023.84,185,21.8,27.9,2,0
86,20.3,8.666666666666666,0.3846153846153846,6.5,1814.997508251748,0.0,0.3076923076923077,13.0,1335.72,885,20.3,47.4,1,1
51,5.6,0.0,0.4666666666666667,1.5,373.69236363636367,1.0,0.2666666666666666,15.0,72.37,367,1.4,20.5,4,1
3,44.6,0.5,0.3333333333333333,5.0,1344.292,0.95,0.3333333333333333,3.0,190.23,1462,14.866666666666667,73.7,3,0
36,20.5,5.25,0.875,2.0,4544.6821875000005,0.5,0.25,8.0,2130.84,642,5.125,92.1,4,0
78,19.7,0.9411764705882352,0.2666666666666666,3.0,548.2227831016044,0.8235294117647058,0.3333333333333333,15.0,94.87,307,3.94,32.3,5,0
35,28.2,9.0,0.5454545454545454,3.0,3130.999199999999,0.0,0.0909090909090909,11.0,1620.6,32,9.4,29.1,3,0
8,24.5,3.333333333333333,0.1428571428571428,6.0,632.2794805194807,0.5833333333333334,0.4285714285714285,7.0,101.40000000000002,763,4.9,51.2,5,0
3,5.8,4.0,0.25,4.0,1880.438031818182,0.0,0.5,4.0,1282.68,946,1.45,36.9,4,0
40,18.4,1.565217391304348,0.3333333333333333,10.0,1500.3014478260873,0.782608695652174,0.25,9.0,162.21,428,4.6,24.3,4,0
59,49.9,0.782608695652174,0.3333333333333333,8.5,1765.0272361660082,0.8913043478260869,0.25,9.0,193.85,520,24.95,87.1,2,0
49,19.5,0.4166666666666667,0.3,9.0,1463.0648363636362,0.9166666666666666,0.3,10.0,158.59,1038,3.9,55.7,5,0
57,11.7,0.9090909090909092,0.4285714285714285,7.0,699.5270295159387,0.8181818181818182,0.2857142857142857,14.0,94.23,551,5.85,41.1,2,1
74,41.4,0.0,0.5,0.0,610.6009090909091,1.0,0.0,2.0,121.02,732,40.87675,21.0,1,0
27,32.7,0.9285714285714286,0.2,1.0,706.2104400000001,0.8928571428571429,0.4,5.0,141.96,62,8.175,63.1,4,0
83,7.7,8.2,0.1666666666666666,2.0,750.215872,0.0,0.5,6.0,926.04,520,3.85,67.8,2,0
89,30.1,2.1666666666666665,0.4285714285714285,6.0,1024.443791991342,0.5833333333333334,0.2857142857142857,7.0,171.73,701,10.033333333333331,11.1,3,0
34,15.0,0.4814814814814814,0.1538461538461538,2.0,898.4899663299664,0.925925925925926,0.1538461538461538,13.0,139.45,763,7.5,23.0,2,0
68,35.5,1.146341463414634,0.0,8.5,1467.2011636363636,0.8780487804878049,0.0,2.0,140.88,977,11.833333333333334,28.9,3,0
45,57.3,0.09375,0.3333333333333333,6.0,721.6691625,0.96875,0.4444444444444444,9.0,98.01,1128,40.87675,31.1,1,0
84,41.4,5.5,0.4,10.0,3210.3872640000004,0.0,0.0,5.0,1355.28,1128,40.87675,83.1,1,1
8,47.3,10.25,0.0,6.0,1547.8899545454542,0.0,0.9333333333333333,1.0,751.32,793,23.65,49.4,2,0
16,30.1,0.425,0.2666666666666666,6.0,704.6794272727273,0.95,0.0666666666666666,15.0,82.2,1158,15.05,73.6,2,0
77,46.2,0.391304347826087,0.125,6.0,1232.795504347826,0.9565217391304348,0.125,8.0,139.34,1007,9.24,28.0,5,0
6,28.5,8.2,0.375,5.0,851.482647272727,0.0,0.375,8.0,652.8,185,9.5,79.9,3,0
33,46.9,6.666666666666667,0.2,1.0,2214.815527272727,0.0,0.3,10.0,2214.48,62,9.38,26.6,5,0
12,40.9,0.0,0.5625,7.5,811.2107476076555,1.0,0.1875,16.0,96.72973684210528,793,10.225,14.4,4,0
47,35.9,7.75,0.2,4.0,2906.8088814545454,0.25,0.4,5.0,1045.56,520,8.975,50.1,4,0
73,12.8,7.5,0.2,4.5,4858.3038,0.25,0.2666666666666666,15.0,1588.2,551,12.8,35.7,1,0
5,56.9,6.0,0.6666666666666666,9.5,6278.682327272729,0.5,0.6666666666666666,3.0,1634.88,154,28.45,61.8,2,0
18,9.4,1.05,0.25,7.0,843.0181772727274,0.85,0.125,8.0,99.4,459,2.35,40.5,4,0
11,34.6,1.2162162162162162,0.4615384615384615,6.0,565.624433944434,0.8648648648648649,0.1538461538461538,13.0,76.76,276,17.3,77.3,2,0
84,13.5,0.3461538461538461,0.2727272727272727,9.0,1463.8297552447552,0.9230769230769232,0.0909090909090909,11.0,147.25,1128,3.375,82.7,4,0
76,43.6,1.1515151515151516,0.3333333333333333,7.0,651.9781487603304,0.8484848484848485,0.3333333333333333,3.0,85.05,459,8.72,68.2,5,0
44,36.7,1.4285714285714286,0.25,10.0,1242.9431403061224,0.8571428571428571,0.375,8.0,133.57285714285717,1281,18.35,49.0,2,0
40,46.6,0.0,0.4,3.5,702.9654545454546,1.0,0.1,10.0,101.07999999999998,336,23.3,55.1,2,0
64,27.2,0.0,0.1666666666666666,6.0,10347.96,1.0,0.1666666666666666,6.0,1676.4,428,27.2,82.3,1,0
66,29.6,0.2340425531914893,0.625,5.0,731.5661794970987,0.9787234042553192,0.3125,16.0,114.64,581,9.866666666666667,74.6,3,0
51,48.1,0.1632653061224489,0.125,8.5,1008.7108330241184,0.979591836734694,0.125,8.0,97.8,1007,12.025,70.6,4,1
53,12.2,6.4,0.2,7.0,3516.958575709091,0.0,0.4,15.0,2115.48,551,12.2,55.9,1,1
13,54.6,5.0,0.4117647058823529,4.0,1658.4618609625668,0.0,0.4117647058823529,17.0,811.44,793,13.65,24.8,4,0
23,22.8,7.0,0.1333333333333333,6.5,4345.702062545454,0.0,0.3333333333333333,15.0,1575.72,307,4.5600000000000005,58.9,5,1
91,34.3,0.0,0.4166666666666667,7.0,1601.7056818181818,1.0,0.1666666666666666,12.0,185.95,215,17.15,54.5,2,0
54,56.7,0.0,0.5555555555555556,5.0,566.3239393939393,1.0,0.2222222222222222,9.0,81.61,1281,11.34,56.2,5,1
36,59.3,0.6666666666666666,0.375,1.0,1062.683792207792,0.9523809523809524,0.125,8.0,195.6,824,40.87675,70.9,1,0
72,16.1,4.333333333333333,0.3076923076923077,7.5,11475.29874125874,0.6666666666666666,0.2307692307692307,13.0,2259.0,673,4.025,21.4,4,0
18,35.9,1.1923076923076923,0.5,5.5,1108.1308234265734,0.8461538461538461,0.3333333333333333,6.0,171.87,1066,7.18,61.8,5,0
43,25.7,0.7631578947368421,0.1818181818181818,3.0,604.6872248803827,0.8947368421052632,0.1818181818181818,11.0,90.5,612,25.7,26.1,1,0
58,3.5,9.0,0.0,3.0,1570.9679999999998,0.0,0.0,2.0,623.4,1403,0.7,67.1,5,1
3,33.0,1.48,0.0,3.0,1375.898203636364,0.84,0.0,4.0,184.77,520,8.25,70.4,4,0
5,50.1,0.0,0.8,1.0,447.3818181818183,1.0,0.2,5.0,109.36,307,10.02,13.6,5,0
31,47.0,10.4,0.4615384615384615,4.0,1408.270752,0.0,0.3076923076923077,13.0,1643.64,185,15.666666666666666,71.1,3,0
39,23.5,0.0,0.3636363636363636,2.5,7238.97490909091,1.0,0.3636363636363636,11.0,1805.64,336,5.875,56.2,4,0
88,7.1,3.6666666666666665,0.3333333333333333,3.0,6090.053556363637,0.6666666666666666,0.25,9.0,1609.68,1038,1.42,11.2,5,1
57,32.9,4.666666666666667,0.6666666666666666,5.0,1444.97864,0.0,0.0,3.0,628.92,824,10.966666666666669,59.4,3,0
63,50.8,0.3409090909090909,0.5,1.0,831.7904628099176,0.9772727272727272,0.3571428571428571,14.0,186.59000000000003,1345,12.7,21.8,4,0
78,14.3,0.9069767441860463,0.3333333333333333,5.0,1040.5032903171248,0.8837209302325582,0.4666666666666667,15.0,161.78,1403,7.15,51.0,2,0
24,42.5,0.0,0.6666666666666666,2.5,334.8981818181818,1.0,0.3333333333333333,3.0,68.22,1403,10.625,27.0,4,1
20,34.3,4.0,0.4166666666666667,8.0,784.9731696969698,0.5,0.25,12.0,121.81,916,11.433333333333332,86.2,3,1
10,42.1,13.25,0.4375,5.0,1010.7308400000002,0.0,0.1875,16.0,1085.64,93,21.05,59.5,2,0
78,5.5,1.761904761904762,0.4375,5.0,730.2512688311689,0.7619047619047619,0.25,16.0,116.52,701,2.75,55.1,2,1
68,25.6,1.0,0.2352941176470588,6.5,5048.600557860962,0.5,0.1176470588235294,17.0,1074.24,428,25.6,54.8,1,1
15,14.4,10.0,0.25,2.0,1960.947163636364,0.0,0.25,4.0,1802.04,612,7.2,80.4,2,0
43,14.9,4.5,0.25,1.0,3560.2610400000003,0.5,0.375,8.0,1354.32,612,4.966666666666667,54.7,3,0
61,45.1,5.5,0.25,5.0,3801.267645,0.0,0.1875,16.0,2254.44,1281,22.55,43.1,2,0
75,14.2,9.5,0.2222222222222222,3.5,2666.8848096969696,0.0,0.3333333333333333,9.0,1957.92,367,14.2,78.5,1,0
10,50.1,0.0833333333333333,0.2857142857142857,1.0,573.4000288961038,0.9791666666666666,0.2857142857142857,14.0,107.83,307,40.87675,36.5,1,0
45,45.2,6.5,0.4,6.0,2422.2868014545447,0.0,0.4,5.0,1521.12,62,22.6,87.4,2,0
80,40.2,7.4,0.5333333333333333,7.0,385.44207927272726,0.0,0.0666666666666666,15.0,166.29,1403,20.1,81.6,2,0
23,6.3,5.5,0.3333333333333333,8.0,983.0148363636364,0.5,0.3333333333333333,3.0,154.68,336,6.3,12.6,1,1
54,36.3,0.0,0.3333333333333333,5.5,7417.574181818181,1.0,0.3333333333333333,6.0,1404.36,612,9.075,18.8,4,1
39,30.0,6.666666666666667,0.3333333333333333,1.0,3767.262545454546,0.3333333333333333,0.6666666666666666,3.0,2114.28,1403,10.0,24.0,3,0
11,33.4,2.7222222222222223,0.2,6.0,963.2943932659932,0.7222222222222222,0.1333333333333333,15.0,129.59,581,8.35,21.3,4,0
18,18.9,7.4,0.4166666666666667,1.5,208.57438636363636,0.2,0.3333333333333333,12.0,74.07,1462,18.9,93.6,1,0
14,19.9,0.0,0.0,4.0,887.5636363636364,1.0,0.0,1.0,101.7,246,3.98,66.2,5,0
71,23.4,1.121212121212121,0.5,9.5,1127.2303925619835,0.8787878787878788,0.0,2.0,118.27,642,23.4,76.8,1,0
33,5.1,7.6,0.7142857142857143,0.0,141.23524155844154,0.0,0.4285714285714285,7.0,137.59,428,1.02,59.9,5,0
79,22.1,7.0,0.1428571428571428,0.0,637.4674036363635,0.0,0.2142857142857142,14.0,608.64,62,7.366666666666667,28.2,3,1
61,49.4,0.6857142857142857,0.2,1.5,845.1528928831168,0.9142857142857144,0.4,5.0,159.47,307,40.87675,31.5,1,0
57,48.8,6.75,0.3333333333333333,2.0,1397.2259127272728,0.0,0.3333333333333333,9.0,778.32,154,9.76,63.4,5,0
49,38.6,0.5625,0.0,8.0,771.145097727273,0.9375,0.5,2.0,84.93,398,19.3,19.7,2,0
30,11.8,11.333333333333334,1.0,5.0,2005.7883490909087,0.0,0.0,1.0,1407.96,612,2.3600000000000003,90.0,5,1
13,54.4,8.0,0.6923076923076923,4.5,4692.609083076923,0.0,0.1538461538461538,13.0,2322.72,520,40.87675,36.5,1,0
79,56.6,0.6176470588235294,0.3333333333333333,0.0,732.2332620320856,0.9411764705882352,0.3333333333333333,12.0,166.68,1431,11.32,33.8,5,0
75,50.7,1.1,0.3,2.5,443.7177919999999,0.75,0.3,10.0,83.71,612,25.35,78.7,2,0
43,44.3,8.0,0.6666666666666666,6.5,2591.169178181819,0.0,0.4444444444444444,9.0,1676.8800000000003,489,8.86,36.6,5,0
66,15.5,3.0,0.625,5.5,1197.4724165120592,0.5714285714285714,0.0,8.0,203.8814285714286,246,7.75,83.8,2,1
32,14.0,5.5,0.6666666666666666,2.0,1837.2561454545453,0.5,0.0,3.0,652.8,246,4.666666666666667,68.8,3,0
61,38.5,0.8222222222222222,0.375,5.0,1123.5235916666666,0.9111111111111112,0.5,8.0,177.89,459,38.5,42.6,1,0
16,23.3,0.8,0.2857142857142857,0.0,351.7811075324675,0.9,0.2857142857142857,7.0,77.08,977,23.3,24.1,1,0
73,7.5,8.0,0.1428571428571428,4.5,2555.0715600000003,0.0,0.2857142857142857,7.0,1273.08,612,3.75,28.4,2,1
70,38.1,7.8,0.5294117647058824,5.0,2043.6872804278069,0.0,0.2352941176470588,17.0,1275.48,428,12.7,62.4,3,0
6,38.5,0.7692307692307693,0.3846153846153846,1.0,594.8727998924152,0.9230769230769232,0.3076923076923077,13.0,124.04999999999998,307,7.7,55.8,5,0
29,13.4,11.0,0.1666666666666666,2.5,1487.2369527272729,0.0,0.1666666666666666,6.0,874.44,367,6.7,30.6,2,1
38,58.9,0.1363636363636363,0.3333333333333333,10.0,1694.0244161157027,0.9545454545454546,0.1666666666666666,12.0,165.24136363636364,732,19.633333333333333,17.9,3,0
32,59.3,6.4,0.0,1.5,1095.300253090909,0.0,0.5,8.0,1227.84,1372,29.65,91.7,2,0
54,9.9,3.3,0.25,9.5,996.46281,0.7,0.4375,16.0,124.52,854,3.3000000000000003,73.1,3,1
5,35.7,0.2857142857142857,0.5,10.0,948.7728857142858,0.9285714285714286,0.5,2.0,109.54,673,11.9,16.1,3,0
71,24.2,1.3333333333333333,0.1666666666666666,9.0,1311.004414141414,0.8333333333333334,0.1666666666666666,6.0,138.14,307,6.05,76.7,4,0
83,24.3,3.5,0.5294117647058824,7.5,1284.623849839572,0.0,0.0588235294117647,17.0,633.24,1158,8.1,71.3,3,0
47,55.0,0.0,0.0,9.0,11491.452,1.0,0.9333333333333333,1.0,1941.72,1158,13.75,56.8,4,0
3,8.8,0.0909090909090909,0.5555555555555556,5.0,730.0618181818182,0.9696969696969696,0.4444444444444444,9.0,118.25,581,2.2,38.4,4,0
73,56.2,7.2,0.2,5.0,4986.666610036364,0.0,0.0666666666666666,15.0,2144.88,398,18.73333333333333,15.5,3,0
59,44.6,8.0,0.2,9.0,4819.281966545454,0.3333333333333333,0.2,15.0,1094.64,824,11.15,34.3,4,1
46,56.1,0.0,0.2,10.0,8534.030399999998,1.0,0.2,5.0,1128.84,93,11.22,64.2,5,0
63,18.6,4.363636363636363,0.25,6.0,830.2449867768594,0.5454545454545454,0.25,4.0,134.22,340,18.6,15.8,1,0
21,44.6,0.3157894736842105,0.2222222222222222,9.0,912.6438516746408,0.9473684210526316,0.1111111111111111,9.0,89.85,520,14.866666666666667,76.4,3,1
87,42.7,5.25,0.25,4.0,590.6827431818182,0.375,0.0,4.0,113.48,1038,14.233333333333334,27.0,3,0
30,36.6,0.7058823529411765,0.5,1.0,384.0521219251337,0.8823529411764706,0.3333333333333333,6.0,89.33,1372,36.6,72.5,1,0
59,15.5,0.0,1.0,5.0,571.41,1.0,0.9333333333333333,1.0,190.47,1158,3.875,93.5,4,0
83,2.6,0.4318181818181818,0.5333333333333333,6.0,1277.889836997245,0.9545454545454546,0.3333333333333333,15.0,181.69,1066,2.6,10.6,1,1
19,50.1,12.0,0.0,2.0,2823.4263272727267,0.0,0.0,3.0,1257.6,1158,16.7,60.3,3,0
78,49.9,5.2,0.5,1.0,497.00490727272734,0.4,0.0,2.0,133.61,1462,16.633333333333333,17.2,3,0
60,35.3,5.333333333333333,0.6,1.0,1468.5008494545457,0.0,0.2,15.0,1691.16,977,8.825,41.4,4,0
52,40.7,2.0,0.4,1.5,921.3654129505582,0.7368421052631579,0.0666666666666666,15.0,180.68,185,13.566666666666668,33.1,3,1
72,52.0,0.5625,0.3333333333333333,2.0,806.2385943181819,0.90625,0.3333333333333333,3.0,150.67,701,17.333333333333332,87.4,3,0
33,36.0,2.9285714285714284,0.1428571428571428,2.0,943.079548051948,0.7857142857142857,0.1428571428571428,7.0,159.29,432,7.2,80.8,5,0
78,51.6,4.75,0.6666666666666666,1.0,2771.539622727272,0.5,0.1666666666666666,12.0,1200.6,1372,12.9,78.2,4,1
41,6.0,7.8,0.4117647058823529,4.5,1183.0553279999997,0.0,0.2941176470588235,17.0,748.68,1158,3.0,78.1,2,0
58,43.0,0.7916666666666666,0.0,9.0,856.9702272727274,0.9166666666666666,0.0,4.0,78.5,673,10.75,91.1,4,0
58,48.8,2.142857142857143,0.4166666666666667,8.0,1424.6431168831166,0.8571428571428571,0.3333333333333333,12.0,179.95,123,9.76,67.3,5,1
66,4.4,0.6944444444444444,0.3076923076923077,1.5,976.461965811966,0.9444444444444444,0.4615384615384615,13.0,199.6,1189,4.4,26.3,1,0
68,29.0,2.5454545454545454,0.2,0.0,326.71881454545456,0.7272727272727273,0.2,10.0,72.19,612,9.666666666666666,13.8,3,0
55,44.8,3.0,0.2666666666666666,3.0,627.5886545454545,0.7,0.1333333333333333,15.0,108.3,246,11.2,36.7,4,1
10,41.4,8.428571428571429,0.5454545454545454,6.5,384.6528,0.2857142857142857,0.3636363636363636,11.0,89.04,763,8.28,49.4,5,0
66,14.1,0.5227272727272727,1.0,1.0,629.3989400826447,0.9090909090909092,0.0,1.0,161.77,93,7.05,25.8,2,0
40,25.4,4.857142857142857,0.5,10.0,393.3247499999999,0.5714285714285714,0.25,4.0,53.55,1431,25.4,42.5,1,0
55,9.4,5.333333333333333,0.5,1.5,3578.4780741818186,0.3333333333333333,0.4,10.0,1736.88,1311,3.1333333333333333,75.3,3,1
34,53.4,0.6,0.8333333333333334,6.0,1225.3001515151518,0.9555555555555556,0.1666666666666666,6.0,184.55,1342,26.7,10.4,2,0
35,21.0,0.0,0.5714285714285714,10.0,620.49,1.0,0.3571428571428571,14.0,67.34,489,5.25,57.3,4,0
50,15.0,4.857142857142857,0.5,8.0,952.9839116883118,0.4285714285714285,0.0,2.0,148.53,336,3.75,31.6,4,1
47,5.9,4.75,0.2727272727272727,8.0,727.0891636363638,0.5,0.4545454545454545,11.0,115.98,489,5.9,58.1,1,0
49,56.5,8.333333333333334,0.25,7.0,4079.915636363636,0.0,0.4166666666666667,12.0,2023.2,1066,11.3,29.5,5,0
67,12.5,5.444444444444445,0.1818181818181818,8.0,434.6868484848485,0.4444444444444444,0.2727272727272727,11.0,66.39,793,12.5,93.1,1,0
82,3.6,3.0,0.4444444444444444,10.0,6001.470720000001,0.75,0.0,9.0,940.08,93,3.6,30.4,1,0
80,10.2,12.0,0.2352941176470588,0.0,2619.4222742245984,0.0,0.1764705882352941,17.0,1677.84,1128,2.55,77.7,4,0
53,13.6,8.666666666666666,0.6,1.5,3449.61304290909,0.0,0.2,5.0,2245.08,1311,13.6,70.0,1,1
50,21.2,9.75,0.6,8.0,2659.6069003636367,0.0,0.2,10.0,1240.32,551,10.6,86.7,2,0
39,27.5,1.4285714285714286,0.5,3.5,297.2594772727273,0.8571428571428571,0.25,4.0,52.13,824,27.5,37.2,1,0
55,44.1,0.8947368421052632,0.4,9.0,942.1011743540668,0.8947368421052632,0.0,10.0,97.59,612,11.025,85.3,4,0
91,4.5,0.6956521739130435,0.5,4.0,1166.285990513834,0.9130434782608696,0.0,2.0,169.53,1311,0.9,11.3,5,1
77,20.3,6.333333333333333,0.1428571428571428,6.0,2411.972029090909,0.0,0.2857142857142857,7.0,1128.72,732,6.766666666666667,31.0,3,0
25,56.5,6.75,0.3333333333333333,4.0,2785.4059418181823,0.0,0.25,9.0,1448.88,1281,11.3,49.9,5,0
32,51.2,3.75,0.2941176470588235,5.0,3926.4457572192514,0.5,0.3529411764705882,17.0,1055.28,276,17.066666666666666,25.1,3,0
1,3.1,0.0,0.0,5.5,12405.730909090908,1.0,0.0,4.0,1856.64,701,3.1,43.1,1,0
61,22.3,0.0,0.5833333333333334,5.0,889.504318181818,1.0,0.3333333333333333,12.0,136.37,1128,11.15,56.3,2,0
74,10.1,0.0,0.0,2.0,7143.222545454544,1.0,0.3333333333333333,3.0,1537.68,1342,2.525,29.9,4,0
34,51.2,14.5,0.0909090909090909,5.0,4713.786,0.0,0.1818181818181818,11.0,2040.6,705,17.066666666666666,58.8,3,0
2,34.1,0.0,0.3333333333333333,5.0,1237.4545454545455,1.0,0.3333333333333333,12.0,170.15,854,8.525,67.2,4,0
59,57.2,0.5862068965517241,0.0,5.5,1087.6457366771158,0.8620689655172413,0.0,3.0,122.9,1311,11.44,47.0,5,1
87,15.0,9.0,0.2,9.0,3983.7571199999993,0.0,0.0,5.0,1191.6,732,7.5,74.6,2,1
14,22.4,0.0,0.25,7.0,8506.500545454546,1.0,0.3125,16.0,1400.64,1189,5.6,13.0,4,0
58,27.2,0.4418604651162791,0.4545454545454545,0.0,662.6590985200846,0.9302325581395348,0.2727272727272727,11.0,157.83,1219,5.44,52.5,5,1
48,46.3,0.2142857142857142,0.4,3.0,573.7648207792206,0.9285714285714286,0.0,5.0,85.35,246,15.433333333333332,56.8,3,0
44,41.2,0.8695652173913043,0.2857142857142857,7.0,589.9907329192547,0.8695652173913043,0.1428571428571428,14.0,69.96,1038,13.733333333333334,38.3,3,0
8,38.9,0.725,0.3333333333333333,2.5,1112.7172530303028,0.925,0.3333333333333333,9.0,196.63,977,12.966666666666669,73.5,3,0
60,18.8,1.0555555555555556,0.4,6.0,1357.2244626262627,0.8888888888888888,0.2666666666666666,15.0,185.19,793,18.8,72.7,1,1
53,10.4,0.0,0.5,6.0,919.3254545454544,1.0,0.0,8.0,110.52,62,10.4,44.4,1,1
9,23.6,9.0,0.3846153846153846,6.0,1681.348652307692,0.0,0.3846153846153846,13.0,726.84,701,4.720000000000001,20.9,5,0
48,14.0,0.5,0.1428571428571428,8.0,1236.820085064935,0.9583333333333334,0.1428571428571428,7.0,126.09,1189,3.5,75.3,4,0
43,39.7,0.7441860465116279,1.0,5.0,334.1915627906976,0.9302325581395348,0.0,1.0,58.01,1097,9.925,26.4,4,0
82,38.7,0.6097560975609756,0.1333333333333333,0.0,794.3577827050999,0.8780487804878049,0.3333333333333333,15.0,165.12,1128,12.9,66.3,3,1
54,58.6,0.1111111111111111,0.2666666666666666,8.0,788.8823525925927,0.9629629629629628,0.2,15.0,84.59000000000002,797,29.3,93.5,2,0
82,47.5,2.3076923076923075,0.25,0.0,713.7230139860139,0.7692307692307693,0.25,4.0,162.73999999999998,1007,11.875,74.7,4,0
33,34.8,8.0,0.0,1.5,1793.6849127272728,0.0,0.0,1.0,1569.84,1311,34.8,29.3,1,0
82,58.5,0.0,0.0,1.0,7783.776,1.0,0.0,1.0,1568.16,336,29.25,72.1,2,1
84,14.7,4.666666666666667,0.375,8.0,3513.0661490909097,0.0,0.375,8.0,1571.16,824,7.35,50.1,2,0
9,43.7,0.0434782608695652,0.4,5.0,497.4630934387352,0.9565217391304348,0.2,5.0,68.07,1066,10.925,50.3,4,0
30,35.7,7.6,0.4117647058823529,7.5,274.0782631016043,0.2,0.4117647058823529,17.0,61.1,158,8.925,52.0,4,1
78,6.3,1.851851851851852,0.2727272727272727,6.5,880.3599326599326,0.8148148148148148,0.4545454545454545,11.0,124.36,215,6.3,69.7,1,0
19,15.2,8.5,0.6666666666666666,6.0,2494.632,0.0,0.3333333333333333,6.0,1781.88,1007,5.066666666666666,87.2,3,0
75,51.7,5.5,0.0,2.5,5713.697792727273,0.25,0.0,1.0,1754.16,642,25.85,63.8,2,0
29,37.5,10.0,0.4285714285714285,0.5,1799.5541454545455,0.0,0.1428571428571428,14.0,2158.68,1462,37.5,67.9,1,1
53,59.2,4.5,0.0,5.0,4160.78208,0.5,0.6666666666666666,3.0,1179.36,154,29.6,75.3,2,0
53,25.4,8.2,0.0,0.0,2152.0968610909085,0.0,0.0,2.0,1770.2400000000002,1250,25.4,70.1,1,0
58,10.3,2.0,0.25,5.5,2612.39328,0.0,0.75,4.0,1693.56,551,3.4333333333333336,39.3,3,0
7,32.4,3.0,0.4285714285714285,7.0,5142.305552727274,0.5,0.2857142857142857,7.0,1224.12,551,16.2,43.7,2,0
83,18.3,7.285714285714286,0.0,9.0,692.4900405194804,0.4285714285714285,0.4,5.0,101.43999999999998,219,6.1000000000000005,87.8,3,1
38,32.3,0.2333333333333333,0.3571428571428571,2.5,705.3813225974025,0.9666666666666668,0.2142857142857142,14.0,115.98,1097,8.075,38.5,4,0
7,37.0,10.0,0.3076923076923077,1.0,1559.4882545454543,0.0,0.5384615384615384,13.0,1129.32,185,18.5,56.7,2,0
28,10.0,11.5,0.3333333333333333,0.5,1561.2403418181816,0.0,0.1666666666666666,6.0,1534.32,280,2.0,10.9,5,1
62,8.8,1.0625,0.5833333333333334,7.5,1179.8563,0.875,0.4166666666666667,12.0,166.06,1219,8.8,21.6,1,0
25,31.8,7.333333333333333,0.2222222222222222,0.5,2526.774303030303,0.0,0.1111111111111111,9.0,1767.0,367,31.8,52.2,1,1
4,41.2,0.59375,0.3333333333333333,3.5,1309.3409015151517,0.90625,0.0,3.0,185.05,32,13.733333333333334,92.0,3,0
34,23.9,1.6666666666666667,0.25,2.5,466.70877272727273,0.8888888888888888,0.375,16.0,82.87,581,23.9,75.2,1,0
18,58.3,0.0,0.2222222222222222,6.5,651.0266666666666,1.0,0.0,9.0,69.08,367,40.87675,26.1,1,0
74,19.9,0.9130434782608696,0.3076923076923077,2.0,466.50768671328666,0.9130434782608696,0.3076923076923077,13.0,84.77,215,4.975,34.1,4,0
24,39.2,2.6666666666666665,0.375,5.5,7240.225544999999,0.6666666666666666,0.0625,16.0,1540.4399999999998,459,9.8,87.1,4,1
29,57.8,0.0,0.25,7.0,1499.74,1.0,0.1666666666666666,12.0,164.56,459,11.56,51.3,5,0
72,33.9,1.5,0.6,10.0,10764.18504,0.5,0.4,5.0,2308.92,62,33.9,78.2,1,0
83,30.0,8.25,0.0909090909090909,0.5,2939.11128,0.0,0.1818181818181818,11.0,1891.32,885,10.0,63.1,3,0
5,12.4,0.3260869565217391,0.25,1.5,612.3253028656127,0.9565217391304348,0.3125,16.0,110.52,336,2.48,66.4,5,0
89,38.9,3.0,0.2307692307692307,8.5,1383.4128923076923,0.5,0.1538461538461538,13.0,188.98,1038,38.9,92.8,1,0
71,46.3,3.35,0.4,0.0,340.6572316363636,0.75,0.2,5.0,84.19,1219,15.433333333333332,33.1,3,0
43,36.3,0.0,0.75,3.0,5098.326545454545,1.0,0.0,4.0,1227.84,459,18.15,64.3,2,0
83,20.7,0.1538461538461538,0.0,6.0,668.3204545454544,0.9230769230769232,0.9333333333333333,1.0,102.04999999999998,612,4.14,75.1,5,0
13,40.8,0.6341463414634146,0.0,6.5,1865.737158314856,0.951219512195122,0.0,3.0,190.34,793,8.16,89.9,5,0
59,27.7,10.0,0.0,9.5,4372.609309090909,0.0,0.2307692307692307,13.0,1306.32,1281,9.233333333333333,54.1,3,1
78,46.6,10.0,0.0,5.0,2962.3859999999995,0.0,0.0,2.0,1659.6,763,9.32,56.5,5,0
6,13.7,9.0,0.2857142857142857,7.0,1461.9894545454542,0.0,0.2142857142857142,14.0,1178.16,1311,6.85,36.3,2,0
26,41.3,9.5,0.375,4.5,786.3182775,0.0,0.25,16.0,744.84,1007,10.325,93.7,4,0
54,6.7,4.5,0.3125,1.0,4534.706209090909,0.5,0.375,16.0,1789.32,701,2.2333333333333334,73.2,3,1
82,3.7,2.2777777777777777,0.5,6.0,676.9176161616161,0.7222222222222222,0.0,10.0,96.2,246,0.925,40.8,4,1
41,48.7,0.0,0.4,8.0,1820.2301818181816,1.0,0.0666666666666666,15.0,191.42,276,16.233333333333334,61.7,3,0
76,30.5,4.75,0.0,10.0,9169.5546796875,0.0,0.25,4.0,2486.2375,276,10.166666666666666,51.6,3,0
35,2.7,0.0526315789473684,0.25,0.0,702.7942870813397,0.9736842105263158,0.25,4.0,141.2,1431,0.54,13.6,5,0
9,54.5,5.4,0.5714285714285714,6.0,2906.064340363636,0.0,0.1428571428571428,14.0,1572.36,276,27.25,83.6,2,0
81,2.4,1.1162790697674418,0.5833333333333334,3.0,713.6699670190276,0.9069767441860463,0.5,12.0,152.96,977,0.48,51.5,5,0
56,56.4,0.1666666666666666,0.0,4.0,1086.491442424243,0.8333333333333334,0.1666666666666666,6.0,144.24,551,40.87675,70.1,1,1
35,16.2,0.5151515151515151,0.3636363636363636,8.5,695.7960545454548,0.9393939393939394,0.3636363636363636,11.0,80.01,62,16.2,54.0,1,0
6,9.7,1.75,0.4285714285714285,4.5,8769.781439999999,0.75,0.0,7.0,1881.12,551,4.85,24.4,2,0
51,53.6,1.2580645161290325,0.3333333333333333,2.0,987.4786803519062,0.8387096774193549,0.25,9.0,176.65,673,13.4,88.5,4,1
18,8.8,1.0689655172413792,0.1666666666666666,4.5,827.4689598097505,0.896551724137931,0.1666666666666666,12.0,109.90137931034484,854,4.4,28.9,2,0
27,20.4,0.15,0.2142857142857142,6.5,848.9639516883116,0.95,0.2142857142857142,14.0,98.99,642,5.1,28.8,4,0
19,42.4,8.0,0.1428571428571428,4.0,5624.927258181819,0.0,0.1428571428571428,7.0,2285.88,1038,8.48,63.7,5,0
80,28.4,6.4,0.0,1.5,1935.338496,0.0,0.9333333333333333,1.0,1878.24,858,7.1,22.3,4,1
60,33.3,6.5,0.3529411764705882,0.0,1740.5935572192511,0.0,0.1176470588235294,17.0,1579.44,946,11.1,13.3,3,1
47,37.9,2.8,0.1111111111111111,0.5,779.2194715151516,0.6,0.2222222222222222,9.0,171.41,1281,18.95,37.7,2,0
62,2.8,4.75,0.5,9.5,896.1371590909091,0.5,0.3,10.0,133.75,1007,2.8,69.8,1,0
81,9.9,0.6486486486486487,0.2857142857142857,0.0,327.11616960336966,0.918918918918919,0.2857142857142857,7.0,70.89,854,9.9,86.6,1,1
9,9.5,1.5294117647058822,0.25,5.0,661.4516240641711,0.8823529411764706,0.5,4.0,101.17,1403,3.1666666666666665,50.7,3,0
91,31.3,4.333333333333333,0.4285714285714285,5.5,9581.30016,0.6666666666666666,0.1428571428571428,7.0,2172.72,612,6.26,47.9,5,0
83,11.7,4.0,0.4117647058823529,10.0,3837.413011764706,0.0,0.2352941176470588,17.0,1151.4,916,2.925,27.0,4,1
88,30.6,6.75,0.3529411764705882,7.5,6147.978453048128,0.0,0.1764705882352941,17.0,2133.36,977,6.12,60.8,5,0
36,29.7,0.0,0.4,9.0,1680.6174545454544,1.0,0.0,5.0,163.89,1097,14.85,93.9,2,0
87,31.4,1.0,0.0,10.0,1241.9388,0.8,0.9333333333333333,1.0,154.47,1342,7.85,78.6,4,1
46,27.5,5.666666666666667,0.3076923076923077,6.0,318.36300979020984,0.0,0.1538461538461538,13.0,143.96,885,5.5,92.9,5,0
67,32.1,0.6363636363636364,0.4545454545454545,7.0,1007.6014710743802,0.8863636363636364,0.2727272727272727,11.0,131.16,977,16.05,41.1,2,0
47,49.4,0.0,0.4,8.0,1665.4843636363637,1.0,0.4,10.0,195.73,824,40.87675,73.3,1,0
91,44.5,4.6,0.3571428571428571,10.0,3908.4636,0.0,0.2857142857142857,14.0,1587.0,1403,40.87675,49.9,1,1
87,48.9,0.3255813953488372,0.2727272727272727,9.0,1718.9154300211417,0.9069767441860463,0.1818181818181818,11.0,179.06,1342,9.78,68.6,5,0
12,18.4,5.5,0.3076923076923077,6.5,5365.490307692307,0.5,0.1538461538461538,13.0,1234.2,1097,6.133333333333333,40.0,3,0
30,14.2,0.0,0.4,0.0,511.07890909090906,1.0,0.0,5.0,95.61,854,7.1,86.6,2,1
55,2.9,1.8,0.4,4.0,472.35084,0.6,0.1,10.0,82.94,336,2.9,27.9,1,1
66,31.7,9.75,0.5,5.0,3182.732234181818,0.0,0.4,10.0,1921.56,1431,31.7,14.0,1,0
17,20.8,0.1428571428571428,0.5,9.0,874.8069714285714,0.9714285714285714,0.0,4.0,89.24,1066,6.933333333333334,78.0,3,0
38,58.3,0.5217391304347826,0.3333333333333333,1.0,692.1175019762845,0.9130434782608696,0.3333333333333333,6.0,142.65,336,40.87675,93.5,1,0
86,39.2,1.75,1.0,7.0,653.0256,0.875,0.9333333333333333,1.0,161.64,1066,9.8,69.7,4,0
78,12.5,4.25,0.4615384615384615,3.0,662.1325479020979,0.5,0.2307692307692307,13.0,150.29,673,4.166666666666667,26.7,3,0
59,26.0,10.4,0.2222222222222222,10.0,323.6536,0.2,0.4444444444444444,9.0,60.99,763,5.2,29.0,5,1
20,14.5,4.666666666666667,0.0,4.0,413.9116606060605,0.6666666666666666,0.0,3.0,59.11999999999999,246,14.5,73.2,1,0
39,39.4,2.7857142857142856,0.4285714285714285,8.0,1048.9985454545456,0.6428571428571429,0.1428571428571428,14.0,142.1,62,7.88,39.8,5,0
6,31.1,11.0,0.3076923076923077,0.5,148.7920783216783,0.0,0.3846153846153846,13.0,168.12,1219,7.775,74.8,4,0
7,42.9,11.5,0.4,2.5,1253.26299,0.0,0.1,10.0,801.96,885,8.58,81.9,5,0
23,57.0,5.0,0.2941176470588235,0.5,1673.7687272727271,0.0,0.3529411764705882,17.0,2163.0,1372,40.87675,16.2,1,1
10,31.3,0.0,0.5384615384615384,5.5,10369.167356643356,1.0,0.3846153846153846,13.0,2186.04,889,10.433333333333334,65.3,3,0
3,44.2,0.4666666666666667,0.4166666666666667,5.0,1298.4418758249158,0.9555555555555556,0.25,12.0,183.17622222222224,1431,22.1,22.3,2,0
76,50.0,0.0638297872340425,0.3,0.5,384.48440425531913,0.9574468085106383,0.2,10.0,73.9,246,10.0,74.6,5,0
43,36.9,0.0,0.25,9.5,897.1725,1.0,0.0,4.0,81.73,916,12.3,32.4,3,0
52,6.2,6.5,0.1111111111111111,0.0,340.6984888888888,0.0,0.1111111111111111,9.0,188.98,1403,1.55,68.2,4,1
55,6.4,1.6666666666666667,0.3571428571428571,5.5,1418.8407272727277,0.8888888888888888,0.2142857142857142,14.0,194.12,215,2.1333333333333333,87.0,3,1
43,32.8,0.2941176470588235,0.3076923076923077,3.5,644.6143208556149,0.9411764705882352,0.1538461538461538,13.0,94.13,520,32.8,21.7,1,0
69,14.7,7.0,0.3333333333333333,1.0,382.5596136363637,0.25,0.2222222222222222,9.0,121.95,489,2.94,17.3,5,0
29,8.5,0.0,0.6666666666666666,7.0,8854.21090909091,1.0,0.6666666666666666,3.0,1987.68,246,1.7,24.5,5,0
14,29.3,4.75,0.0,1.5,5476.266409090909,0.5,0.0,1.0,1479.0,1219,9.766666666666667,62.2,3,0
24,32.9,0.0,0.5,5.0,6227.991,1.0,0.125,8.0,1248.72,1462,16.45,41.4,2,0
79,46.3,0.4130434782608695,0.0,7.5,986.5357992094864,0.9565217391304348,0.0,2.0,95.08,1066,11.575,42.9,4,0
82,15.6,0.125,0.5714285714285714,1.5,658.796012012987,0.9375,0.1428571428571428,7.0,130.37,62,5.2,61.6,3,1
91,49.9,0.0,0.3333333333333333,10.0,1373.0850000000005,1.0,0.1666666666666666,6.0,130.77,1372,24.95,45.5,2,0
75,58.5,1.75,0.0,6.5,1643.6692612987006,0.8214285714285714,0.2,10.0,192.63,946,40.87675,77.7,1,0
65,53.3,0.0,0.3333333333333333,0.0,3440.9989090909094,1.0,0.0,3.0,886.44,885,40.87675,17.0,1,0
50,20.9,11.0,0.4375,1.0,1530.3150545454544,0.0,0.5,16.0,1197.6,1342,10.45,53.1,2,1
13,29.1,0.6875,0.3333333333333333,8.0,915.832250909091,0.8958333333333334,0.2666666666666666,15.0,106.58,276,14.55,87.5,2,0
89,45.8,9.25,0.6666666666666666,4.5,4175.82984,0.0,0.3333333333333333,3.0,2268.24,154,11.45,67.6,4,1
18,37.6,0.0,0.5,5.0,411.0524025974025,1.0,0.1428571428571428,14.0,55.97,701,9.4,45.5,4,0
42,17.1,0.0,0.1428571428571428,3.5,6623.050909090909,1.0,0.1428571428571428,7.0,1245.36,1189,8.55,30.7,2,0
82,41.4,1.4545454545454546,0.0,4.0,1044.5005223140497,0.8181818181818182,0.0,5.0,133.07,1158,40.87675,32.9,1,1
1,57.1,6.0,0.3333333333333333,5.0,2817.707530909091,0.0,0.25,9.0,1523.16,946,40.87675,36.4,1,0
10,51.1,8.5,0.5833333333333334,2.0,3199.010792727273,0.0,0.4166666666666667,12.0,2223.36,1403,17.033333333333335,40.1,3,0
51,2.6,2.294117647058824,0.4615384615384615,8.0,1352.2055634718224,0.7058823529411765,0.1538461538461538,13.0,178.12,854,1.3,70.4,2,0
33,19.0,0.8947368421052632,0.25,9.0,544.7332095693779,0.8421052631578947,0.0,12.0,55.60999999999999,854,4.75,31.7,4,0
60,58.0,0.9166666666666666,0.4166666666666667,7.5,432.6539902777778,0.8333333333333334,0.1666666666666666,12.0,53.47,246,19.33333333333333,22.4,3,0
10,15.7,0.0,0.0,6.0,7082.998363636363,1.0,0.5,4.0,1216.44,1007,3.925,32.2,4,0
1,52.0,6.8,0.0,0.0,360.7824290909091,0.2,0.9333333333333333,2.0,183.46,520,10.4,50.1,5,0
42,45.2,0.3421052631578947,0.3333333333333333,8.5,876.836052551834,0.9473684210526316,0.5,6.0,103.97,1038,15.066666666666668,87.2,3,0
38,13.7,5.0,0.4285714285714285,9.0,13072.77363636364,0.6666666666666666,0.0714285714285714,14.0,2345.083333333333,307,6.85,17.1,2,0
67,17.0,6.0,0.1,4.5,1721.3507640000005,0.0,0.2,10.0,979.32,62,4.25,20.7,4,0
55,34.5,3.0,0.0,9.0,2415.461236363636,0.0,0.0,2.0,627.6,612,34.5,14.2,1,1
71,40.2,7.8,0.5,10.0,6049.049126399999,0.0,0.1,10.0,2183.52,1158,20.1,48.0,2,0
26,19.3,0.4375,0.5714285714285714,9.5,1546.9535937500004,0.96875,0.2857142857142857,7.0,172.15,1007,9.65,56.3,2,1
33,43.3,5.333333333333333,0.3333333333333333,0.0,1641.397333333333,0.0,0.3333333333333333,9.0,1110.72,977,14.433333333333332,82.0,3,0
11,24.9,5.25,0.3333333333333333,8.5,2706.4445672727275,0.25,0.4,15.0,729.6,1281,8.299999999999999,88.9,3,0
22,35.9,0.4482758620689655,0.3333333333333333,10.0,1564.4332344827585,0.9655172413793104,0.25,9.0,152.07,185,7.18,54.6,5,0
68,2.8,0.0,0.375,9.0,1338.0709090909093,1.0,0.25,8.0,139.68,581,1.4,45.2,2,0
57,59.3,0.0,0.2857142857142857,10.0,800.5371428571428,1.0,0.2857142857142857,14.0,77.83,1281,19.766666666666666,78.9,3,1
26,59.0,4.5,0.3333333333333333,4.5,6282.23904,0.5,0.3333333333333333,9.0,1780.68,732,19.666666666666668,26.0,3,0
47,14.5,4.25,0.3846153846153846,7.0,6987.557181818183,0.5,0.3076923076923077,13.0,1669.2,946,4.833333333333333,56.2,3,0
47,52.0,0.6,0.3,9.0,860.7572587012985,0.9428571428571428,0.2,10.0,89.38,854,26.0,42.3,2,0
37,38.1,1.625,0.2857142857142857,8.5,968.1424454545454,0.84375,0.2142857142857142,14.0,109.76,1219,38.1,55.7,1,0
38,43.2,1.5,0.5,5.5,1134.0518298701295,0.9,0.1428571428571428,14.0,158.39,1342,10.8,19.8,4,0
12,59.1,8.333333333333334,0.4166666666666667,9.5,3457.202424242424,0.0,0.25,12.0,1142.4,1372,11.82,66.5,5,0
80,51.9,9.0,0.75,1.0,850.0589999999999,0.0,0.125,8.0,618.0,885,12.975,29.8,4,0
14,51.5,0.125,0.375,4.0,848.0884363636364,0.975,0.25,8.0,125.44,93,12.875,94.4,4,0
48,49.8,8.0,0.0,0.0,3908.176363636364,0.0,0.0,1.0,2295.0,642,16.599999999999998,45.6,3,0
26,5.4,0.0,0.2,3.0,4236.582763636364,1.0,0.4,5.0,948.36,854,1.08,75.8,5,0
2,7.3,2.0,0.4,0.0,5915.8024625,0.75,0.0,5.0,1834.8125,123,1.825,17.9,4,0
32,20.4,0.0,0.5,3.0,540.8472727272728,1.0,0.1666666666666666,6.0,87.49,398,5.1,60.2,4,0
66,16.8,6.8,0.3846153846153846,10.0,233.6280861538461,0.0,0.2307692307692307,13.0,83.77,1128,5.6000000000000005,83.7,3,0
32,20.7,3.2,0.4285714285714285,4.5,3161.2664160000004,0.2,0.2142857142857142,14.0,1103.64,1038,20.7,15.6,1,0
32,43.0,0.9375,0.6470588235294118,3.0,379.0831905080214,0.875,0.2941176470588235,17.0,75.97,428,40.87675,90.0,1,0
22,12.5,0.4375,0.0,4.0,543.5579147727274,0.875,0.9333333333333333,3.0,101.55,32,12.5,61.2,1,0
62,58.1,1.9,0.3,9.0,661.870968,0.8,0.3,10.0,77.26,154,29.05,18.8,2,0
44,42.6,0.0,0.4,0.0,2132.2086545454545,1.0,0.2,5.0,641.88,62,40.87675,24.1,1,0
8,30.9,5.0,0.4545454545454545,10.0,924.8596363636364,0.5,0.2727272727272727,11.0,131.44,62,30.9,92.3,1,0
11,35.8,1.4666666666666666,0.5,7.0,643.9286303030302,0.7333333333333333,0.1666666666666666,12.0,89.85,62,35.8,70.3,1,0
88,44.0,6.4,0.3333333333333333,0.5,1637.6092625454542,0.0,0.25,9.0,1586.16,1007,22.0,12.3,2,0
61,22.1,0.6153846153846154,0.5714285714285714,9.5,966.3785974025976,0.9230769230769232,0.2857142857142857,7.0,110.24,398,4.42,51.3,5,1
16,14.4,0.2222222222222222,0.4,6.0,1206.3623070707072,0.9777777777777776,0.2666666666666666,15.0,156.27,489,4.8,90.1,3,0
74,28.2,1.15,0.25,8.5,1232.208833939394,0.85,0.5833333333333334,12.0,154.72,520,5.64,15.9,5,0
78,30.8,1.0476190476190477,0.3,3.0,1125.582829090909,0.8571428571428571,0.3,10.0,191.38,185,7.7,32.5,4,0
52,20.7,1.2857142857142858,0.3636363636363636,3.5,484.3348363636362,0.8571428571428571,0.2727272727272727,11.0,80.42999999999999,763,4.14,50.5,5,0
18,38.0,9.75,0.1428571428571428,4.5,2211.39936,0.0,0.5714285714285714,7.0,1616.52,916,7.6,13.1,5,0
35,14.8,0.0,0.0,1.0,996.9109090909092,1.0,0.0,1.0,140.59,1038,3.7,14.9,4,0
3,35.4,10.2,0.3125,5.5,255.86476363636365,0.0,0.1875,16.0,126.2,854,17.7,53.1,2,0
38,35.7,9.0,0.5384615384615384,0.0,1025.8196777622377,0.0,0.1538461538461538,13.0,964.56,793,35.7,16.7,1,0
83,32.8,3.5,0.3636363636363636,6.0,431.2864181818183,0.0,0.2727272727272727,11.0,166.93,367,16.4,45.5,2,1
66,20.6,0.6410256410256411,0.8,6.0,1261.305361305361,0.9230769230769232,0.2,5.0,193.25,701,5.15,17.9,4,0
10,34.9,0.25,0.0,5.0,1615.593012987013,0.9642857142857144,0.0,2.0,177.7,581,17.45,18.4,2,0
58,53.3,0.0,0.2,7.5,1400.868,1.0,0.1,10.0,143.88,701,10.66,31.0,5,0
56,19.3,2.6666666666666665,0.3333333333333333,0.5,6601.94511709091,0.6666666666666666,0.2,15.0,2216.16,885,19.3,92.3,1,1
54,58.7,0.0,0.1764705882352941,9.0,1516.2160427807485,1.0,0.1764705882352941,17.0,145.85,1342,40.87675,44.3,1,1
64,35.3,5.75,0.3846153846153846,0.5,731.6952167832168,0.0,0.3846153846153846,13.0,979.2,701,11.766666666666666,90.4,3,0
6,10.1,6.5,0.4285714285714285,1.5,1767.4617027272727,0.0,0.2142857142857142,14.0,2005.32,276,2.02,45.4,5,0
31,30.0,11.8,0.3333333333333333,4.0,1293.2882347636364,0.0,0.2666666666666666,15.0,738.12,824,30.0,80.4,1,0
50,19.3,12.0,0.4,0.0,128.48430545454545,0.0,0.3,10.0,90.32,1219,3.86,54.2,5,0
75,42.8,1.0,0.5454545454545454,6.0,3378.306501818181,0.6666666666666666,0.3636363636363636,11.0,823.32,581,21.4,34.9,2,0
82,27.5,0.7142857142857143,0.4,4.5,1162.6883714285714,0.8857142857142857,0.4,10.0,187.79,1070,13.75,50.9,2,0
84,4.8,5.75,1.0,6.0,3491.016136363636,0.5,0.0,1.0,1027.8,732,1.6,10.2,3,1
74,31.4,2.9473684210526314,0.6153846153846154,5.0,608.8084356275303,0.7368421052631579,0.1538461538461538,13.0,107.18,123,6.279999999999999,77.7,5,0
75,18.6,5.333333333333333,0.3333333333333333,2.5,2641.6905454545454,0.3333333333333333,0.1666666666666666,12.0,933.0,1462,18.6,91.0,1,0
30,58.5,9.0,0.4,0.5,120.29833636363634,0.0,0.1,10.0,66.53,276,29.25,27.6,2,1
83,57.7,6.75,0.5,6.0,3045.388843636364,0.0,0.1666666666666666,12.0,1824.48,1372,14.425,84.7,4,1
41,27.3,8.0,0.25,9.5,2189.0589381818186,0.0,0.5,8.0,951.84,673,9.1,53.8,3,0
86,25.8,4.2,0.0,7.0,2612.2797975272733,0.0,0.3,10.0,957.12,32,5.16,46.7,5,0
75,8.3,10.0,0.0,2.0,3902.7941590909086,0.25,0.5,2.0,1627.32,581,1.66,83.5,5,0
64,27.7,0.0,0.1818181818181818,6.5,1621.92,1.0,0.3636363636363636,11.0,191.84,824,27.7,62.4,1,0
86,14.5,0.6944444444444444,0.4444444444444444,9.5,1264.4689225589227,0.9166666666666666,0.0,9.0,127.56,459,2.9,31.1,5,0
34,31.4,4.333333333333333,0.1,5.0,6654.652581818184,0.6666666666666666,0.4,10.0,1520.4000000000003,1342,10.466666666666669,93.4,3,0
4,36.2,0.8333333333333334,0.5,2.0,718.7376609848484,0.9166666666666666,0.25,4.0,140.05,1281,7.24,21.0,5,0
90,9.2,8.666666666666666,0.375,6.0,1653.8381999999997,0.0,0.0,8.0,794.16,551,4.6,51.9,2,0
3,28.2,0.3548387096774194,0.4,4.5,355.1086451612904,0.967741935483871,0.2,15.0,50.25,1097,14.1,81.2,2,0
30,41.9,1.0,0.4285714285714285,8.5,1226.80780690529,0.902439024390244,0.7142857142857143,7.0,167.52,93,40.87675,20.2,1,1
26,40.4,1.7307692307692308,0.4,9.0,1306.884797202797,0.8076923076923077,0.1,10.0,147.13,612,8.08,63.3,5,1
18,35.6,7.6,0.2222222222222222,7.0,310.63349333333326,0.0,0.3333333333333333,9.0,91.74,1403,8.9,51.5,4,0
4,59.4,2.5,0.6666666666666666,8.5,1591.3734545454545,0.8333333333333334,0.1111111111111111,9.0,199.83,1066,11.88,38.3,5,0
86,36.0,6.0,0.5555555555555556,9.5,4747.510625454545,0.0,0.1111111111111111,9.0,1515.72,32,7.2,31.8,5,0
9,46.9,0.0,0.3571428571428571,6.0,1315.4244155844156,1.0,0.2142857142857142,14.0,162.32,1342,23.45,32.2,2,0
83,52.0,1.6666666666666667,0.3333333333333333,5.0,8539.992872727273,0.6666666666666666,0.25,9.0,1908.96,520,26.0,78.4,2,0
18,49.5,3.5,0.6,2.5,2197.0348450909087,0.0,0.0,5.0,2041.44,916,24.75,25.3,2,0
81,13.1,0.2647058823529412,0.4117647058823529,9.0,1545.723238754325,0.9705882352941176,0.2352941176470588,17.0,165.2,1431,4.366666666666666,58.4,3,0
45,12.8,0.75,0.7272727272727273,3.0,4400.505556363637,0.75,0.3636363636363636,11.0,1471.92,1158,6.4,18.7,2,0
68,35.9,11.75,0.6,5.5,3984.174264,0.0,0.2,15.0,1889.04,276,17.95,73.1,2,0
82,33.3,0.3043478260869565,0.5,5.0,741.2144782608697,0.9782608695652174,0.0,2.0,100.12,398,6.659999999999999,29.4,5,0
90,40.9,0.2972972972972973,0.4285714285714285,9.5,923.4646444366442,0.918918918918919,0.4285714285714285,14.0,105.34,62,8.18,83.0,5,0
29,27.2,3.25,0.6666666666666666,8.5,7163.354850909091,0.5,0.0,3.0,1530.24,793,6.8,73.4,4,0
24,17.1,0.5,0.2857142857142857,5.0,959.4431542207792,0.875,0.4285714285714285,7.0,144.05,32,8.55,43.0,2,0
17,14.0,0.425531914893617,0.1111111111111111,9.0,1704.863112830432,0.9574468085106383,0.1111111111111111,9.0,161.94,1342,7.0,67.7,2,0
50,34.1,0.2941176470588235,0.3888888888888889,3.0,992.1119702911468,0.9411764705882352,0.3888888888888889,18.0,175.13,1189,17.05,38.8,2,1
53,14.4,8.333333333333334,0.0,2.0,2401.8909090909087,0.0,0.0,2.0,1011.0,215,4.8,19.4,3,1
12,52.5,1.6896551724137931,0.0,3.0,934.560300940439,0.8275862068965517,0.0,4.0,126.56,1097,40.87675,84.0,1,0
14,37.1,9.0,0.2,10.0,4276.19619,0.0,0.3,10.0,1593.96,612,18.55,89.3,2,0
66,48.8,0.7647058823529411,0.9,3.0,311.9293437433156,0.9411764705882352,0.2,10.0,66.18,276,40.87675,19.4,1,0
5,20.4,8.2,0.6428571428571429,2.0,2085.2201236363635,0.0,0.3571428571428571,14.0,1667.4,824,10.2,79.1,2,0
53,31.1,0.0,0.3,1.0,782.9997709090909,1.0,0.4,10.0,156.8852,367,31.1,77.0,1,1
33,58.9,0.0,0.375,2.0,390.2420454545455,1.0,0.375,8.0,72.45,824,29.45,22.5,2,0
17,52.9,0.0,0.0,3.0,1119.6,1.0,0.0,2.0,136.84,1403,26.45,30.4,2,0
85,19.4,0.0,0.2857142857142857,0.5,5926.925454545454,1.0,0.0714285714285714,14.0,1473.36,398,4.85,76.1,4,1
84,50.0,8.0,0.4,8.5,3668.471316363636,0.0,0.2666666666666666,15.0,1476.12,215,16.666666666666668,58.5,3,1
69,13.6,7.5,0.4285714285714285,5.0,2120.418,0.0,0.4285714285714285,7.0,1047.12,1311,4.533333333333333,77.5,3,0
39,27.7,10.0,0.5555555555555556,0.0,626.6532787878788,0.0,0.2222222222222222,9.0,750.12,1462,6.925,47.0,4,0
19,34.0,3.333333333333333,0.0,1.0,1053.2749696969695,0.6666666666666666,0.0,2.0,183.13,154,34.0,21.1,1,0
49,50.9,0.0,0.5454545454545454,9.0,1799.3727272727272,1.0,0.1818181818181818,11.0,194.05,489,40.87675,18.2,1,0
66,50.1,4.8,1.0,5.0,344.60885454545456,0.0,0.5,2.0,176.97,93,40.87675,93.7,1,0
87,31.6,0.2162162162162162,0.0,7.0,1578.754081081081,0.972972972972973,0.5,2.0,180.82,246,15.8,73.9,2,0
46,20.7,9.75,0.5454545454545454,5.5,1304.598272727273,0.0,0.3636363636363636,11.0,1301.64,642,10.35,52.8,2,0
87,28.4,1.6666666666666667,0.1428571428571428,5.0,706.2258874458875,0.6666666666666666,0.2857142857142857,7.0,107.54,1431,9.466666666666669,57.3,3,0
62,16.8,3.0,1.0,5.0,7150.451432727275,0.75,0.0,3.0,1904.64,1403,3.3600000000000003,43.6,5,0
35,19.3,0.3181818181818182,0.3333333333333333,7.5,1760.6059195592288,0.9545454545454546,0.0,3.0,187.36,854,19.3,27.9,1,0
58,47.0,0.4,0.5,5.0,950.9198512121212,0.9,0.3333333333333333,12.0,148.21,459,9.4,43.2,5,0
66,9.1,0.3846153846153846,0.4545454545454545,9.0,799.8268531468532,0.8974358974358975,0.1818181818181818,11.0,88.56,1342,2.275,37.7,4,0
77,26.6,10.0,0.25,4.0,99.35866477272728,0.0,0.5,4.0,73.63,673,5.32,15.0,5,0
77,50.7,9.0,0.3125,3.0,935.3314472727272,0.0,0.25,16.0,642.96,367,16.900000000000002,30.4,3,0
88,40.5,0.6296296296296297,0.3333333333333333,1.0,309.5087694725028,0.8888888888888888,0.3333333333333333,6.0,64.66,367,40.5,73.5,1,0
66,39.1,1.5,0.1,4.0,1336.10841,0.75,0.2,10.0,197.34,732,9.775,43.1,4,0
31,3.7,0.8666666666666667,0.3333333333333333,2.0,393.2758848484849,0.8,0.4166666666666667,12.0,81.65,1403,0.925,64.2,4,1
61,32.1,0.5777777777777777,0.1428571428571428,2.0,438.3158176046176,0.9333333333333332,0.0,7.0,63.16,854,8.025,84.4,4,1
57,48.6,8.75,0.5,0.5,1939.51275,0.0,0.125,8.0,1528.68,1158,40.87675,78.8,1,0
7,27.4,9.6,0.5,5.0,2858.855190545454,0.0,0.25,4.0,1546.68,1462,9.133333333333333,72.9,3,0
58,49.9,0.0,0.125,10.0,707.6362499999999,1.0,0.25,8.0,65.07,581,16.633333333333333,33.2,3,1
10,48.9,0.8787878787878788,0.3333333333333333,7.0,1291.2245791735536,0.9090909090909092,0.4666666666666667,15.0,170.91,854,40.87675,23.6,1,0
43,21.9,1.6111111111111112,0.5333333333333333,2.0,994.7022193939396,0.8333333333333334,0.0666666666666666,15.0,188.13,459,4.38,69.8,5,0
13,7.9,0.627906976744186,0.4545454545454545,4.0,1079.112421141649,0.9302325581395348,0.0909090909090909,11.0,158.37,1097,1.975,72.4,4,0
89,19.3,5.75,0.2,1.5,2147.891179636364,0.0,0.2,5.0,1287.48,185,3.86,22.9,5,1
72,28.0,3.083333333333333,0.2,3.0,1069.0948707070709,0.75,0.1333333333333333,15.0,174.22,612,9.333333333333334,20.8,3,1
4,18.1,0.4583333333333333,0.75,3.0,758.9068666666666,0.9583333333333334,0.25,4.0,150.04,1038,6.033333333333334,69.2,3,0
45,50.9,0.0,0.4615384615384615,3.5,585.9793006993009,1.0,0.0769230769230769,13.0,85.68,646,25.45,40.8,2,0
46,28.9,0.0,1.0,4.5,1865.556,1.0,0.9333333333333333,1.0,888.36,185,7.225,85.9,4,0
28,57.7,0.5333333333333333,0.0,6.5,840.54432,0.9555555555555556,0.5,2.0,100.43,276,11.54,86.8,5,1
73,41.5,0.0,0.5,3.0,637.3863636363637,1.0,0.3333333333333333,12.0,112.18,1250,20.75,26.3,2,1
12,24.2,6.0,0.3333333333333333,5.0,1590.95664,0.0,0.25,9.0,1124.64,398,6.05,19.9,4,0
49,16.0,10.5,0.25,8.0,2652.898843636364,0.0,0.5,4.0,1563.12,1219,3.2,54.1,5,0
5,56.9,8.333333333333334,1.0,4.0,1344.7560000000003,0.0,0.0,1.0,1372.2,1311,28.45,48.4,2,0
77,3.1,8.666666666666666,0.4444444444444444,0.0,1563.5783983838385,0.3333333333333333,0.1111111111111111,9.0,751.92,336,0.775,32.2,4,0
54,15.5,0.3170731707317073,0.2,4.5,1424.6478048780486,0.926829268292683,0.3,10.0,197.6,32,15.5,37.1,1,1
45,40.6,0.5,0.3333333333333333,0.5,7573.387557272727,0.75,0.1666666666666666,12.0,2333.88,612,10.15,37.4,4,0
3,37.5,4.6,0.3333333333333333,9.0,4135.869125818182,0.0,0.3333333333333333,6.0,2159.88,1038,18.75,23.4,2,0
67,11.9,8.0,0.5,5.5,2909.16864,0.0,0.5,6.0,1642.08,1462,2.975,20.2,4,0
17,34.6,4.6,0.2666666666666666,8.0,782.0839842424243,0.6,0.0666666666666666,15.0,102.59,1158,6.92,48.6,5,0
1,11.8,3.6666666666666665,0.4666666666666667,9.0,4935.338036363636,0.0,0.2666666666666666,15.0,1602.0,215,5.9,59.2,2,0
85,35.6,0.391304347826087,0.5,8.0,709.3990017391305,0.9565217391304348,0.2,10.0,82.54,1462,17.8,32.8,2,1
61,33.2,4.0,0.3333333333333333,3.0,2856.719854545454,0.0,0.2222222222222222,9.0,1323.36,1097,16.6,37.0,2,1
5,30.4,9.0,0.0,5.5,1323.4810909090909,0.0,0.0,2.0,990.36,1158,15.2,88.9,2,0
66,48.0,4.75,0.5714285714285714,4.0,4287.0708,0.5,0.0,7.0,1215.72,977,24.0,74.4,2,0
81,17.6,0.75,0.5333333333333333,9.5,942.292390909091,0.95,0.2666666666666666,15.0,104.15,1281,3.5200000000000005,14.4,5,0
24,24.5,10.25,0.5,7.0,1752.9255545454544,0.0,0.0,2.0,792.12,916,12.25,57.0,2,0
41,22.2,4.2,0.3333333333333333,0.0,233.39586545454543,0.0,0.25,9.0,158.42,1158,22.2,88.6,1,0
50,23.5,3.6666666666666665,0.5,5.0,2466.10728,0.6666666666666666,0.25,4.0,645.24,701,23.5,64.3,1,1
21,53.1,0.0,0.6,2.0,528.4538181818183,1.0,0.2,5.0,100.92,612,13.275,71.9,4,0
50,26.8,0.1914893617021276,0.2727272727272727,6.0,1104.4572789168278,0.9787234042553192,0.1818181818181818,11.0,132.21,642,13.4,80.6,2,0
57,41.6,8.333333333333334,0.3333333333333333,6.5,2717.526,0.3333333333333333,0.3333333333333333,12.0,785.16,246,8.32,31.8,5,1
13,14.0,0.0,0.1666666666666666,7.0,11439.196363636363,1.0,0.3333333333333333,6.0,1843.68,1342,7.0,51.5,2,0
3,40.8,8.5,0.2142857142857142,1.5,1729.997983636364,0.0,0.1428571428571428,14.0,885.96,1250,10.2,64.1,4,0
85,12.5,8.25,0.25,1.0,869.093734090909,0.0,0.5,4.0,869.4,854,2.5,15.8,5,1
91,50.5,2.2142857142857144,0.1875,9.5,1183.330048051948,0.7142857142857143,0.25,16.0,134.88,854,40.87675,71.3,1,1
44,57.1,3.25,0.6923076923076923,8.5,7437.577953566433,0.75,0.2307692307692307,13.0,1480.08,1342,28.55,76.6,2,0
10,3.9,9.666666666666666,0.7272727272727273,4.0,3260.9410909090907,0.0,0.0,11.0,2121.0,673,0.78,35.8,5,0
37,40.6,0.9117647058823528,0.25,2.5,1277.836973262032,0.8823529411764706,0.0,4.0,190.88,793,20.3,85.2,2,0
67,23.0,6.2,0.0,5.5,5611.599381818181,0.0,0.0,1.0,2106.6,1435,4.6,54.3,5,0
11,45.8,0.7872340425531915,0.375,0.5,447.90772050290127,0.9148936170212766,0.25,16.0,95.16,1431,11.45,20.2,4,0
17,11.5,0.5,0.0,10.0,1397.01195,0.9090909090909092,0.1666666666666666,6.0,127.71,1158,2.875,53.2,4,0
23,7.4,7.2,0.2,2.0,3125.8589314909086,0.0,0.2666666666666666,15.0,2156.76,551,2.466666666666667,60.1,3,1
33,8.8,0.0,0.1666666666666666,5.0,8812.966909090908,1.0,0.3333333333333333,6.0,1619.76,793,8.8,36.5,1,0
